tree
version=v4
num_class=1
num_tree_per_iteration=1
label_index=0
max_feature_idx=26
objective=binary sigmoid:1
feature_names=log_amount amount_deviation amount_to_balance velocity_1h velocity_24h spend_24h_ratio merchant_category channel hour_sin hour_cos is_night device_age_days is_new_device device_shared_customers ip_risk geo_distance_km beneficiary_new beneficiary_inbound_senders account_age_days secs_since_login failed_logins_24h mfa_changes_24h kyc_risk deepfake_risk network_risk behavior_anomaly graph_risk
feature_infos=[0.91152187598239576:14.000280723383701] [-4.297751931207749:19.973955720849368] [9.5979285447468123e-06:0.99842068179469745] [0:29] [0:59] [0.12215680452952042:13.501193354281423] -1:8:0:3:2:1:4:5:6:9:7 -1:0:3:1:4:2 [-0.99999999824512187:1] [-0.99999999960572172:0.99999998509921995] [0:1] [0.0002675629965149496:7.9020696104223038] [0:1] [0:5] [2.6279180129888816e-05:0.9435140649370608] [4.3694295812239469e-05:8.6995875859169498] [0:1] [0:29] [0.0045626262518015763:8.9201225646905637] [1.3771095100900386:9.452486368950094] [0:7] [0:1] [1.1257202029800605e-05:0.97914320417789669] [4.7539962600201864e-07:0.98327545120439475] [1.2593790598497463e-06:0.97251864092362328] [0.00077009309152470612:0.97417123485473633] [1.586280620815361e-05:0.98148991127630547]
tree_sizes=3360 3475 3431 3463 3415 3424 3421 3417 3429 3396 3463 3449 3461 3438 3469 3441 3461 3451 3426 3462 3471 3433 3462 3465 3442 3435 3460 3448 3442 3459 3446 3465 3434 3481 3466 3440 3468 3472 3473 3472 3483 3449 3454 3459 3470 3486 3468 3448 3477 3471 3469 3468 3458 3472 3484 3483 3448 3449 3472 3445 3463 3488 3473 3464 3484 3462 3454 3477 3488 3473 3468 3485 3465 3510 3485 3455 3463 3453 3472 3472 3465 3476 3463 3481 3477 3500 3459 3495 3487 3486 3490 3472 3490 3490 3484 3466 3461 3477 3480 3500 3483 3462 3485 3476 3485 3499 3474 3473 3467 3495 3467 3460 3469 3464 3508 3477 3477 3468 3493 3478 3484 3481 3471 3485 3487 3470 3457 3464 3506 3514 3482 3493 3502 3470 3468 3488 3485 3494 3481 3502 3479 3488 3501 3492 3450 3480 3496 3480 3476 3486 3485 3490 3495 3496 3482 3471 3477 3464 3462 3479 3494 3482 3472 3485 3474 3488 3492 3483 3468 3505 3483 3504 3517 3491 3486 3493 3457 3490 3510

Tree=0
num_leaves=31
num_cat=0
split_feature=4 22 17 1 14 25 2 16 26 2 16 25 4 23 25 11 1 18 22 20 23 18 26 0 17 26 26 9 14 9
split_gain=8489.09 5448.33 4422.84 3279.19 2325.33 716.333 1643.34 307.95 215.893 136.436 866.47 394.036 105.393 31.5768 15.4138 6.42769 3.43964 2.84846 3.06669 2.68224 0.236364 0.913111 0.175453 0.167307 1.67703 2.6969 0.210992 2.90295 0.248212 0.116315
threshold=8.5000000000000018 0.46597771892742823 6.5000000000000009 11.864712021926517 0.53217592904703948 0.61176969699172268 0.40903857802802651 1.0000000180025095e-35 0.29493109437780574 0.48470069411158639 1.0000000180025095e-35 0.27704041021413284 9.5000000000000018 0.2072074871879285 0.15703169704799094 3.8516712075938595 1.173202589178542 4.3462688871763069 0.060255475679084257 1.5000000000000002 0.066413745097215288 7.5068633833075724 0.0093419166384631335 9.9176321469826529 2.5000000000000004 0.02983905744125764 0.2286563348599199 -0.96505017127599413 0.0037858060866932173 0.99924329192787209
decision_type=2 2 2 2 2 2 2 2 2 2 2 2 2 2 2 2 2 2 2 2 2 2 2 2 2 2 2 2 2 2
left_child=1 2 3 4 5 8 16 -5 9 13 15 14 -2 17 -12 -11 22 18 -1 20 -17 -22 -7 26 -25 -26 28 -28 -19 -30
right_child=12 -3 -4 7 -6 6 -8 -9 -10 10 11 -13 -14 -15 -16 19 -18 23 -20 -21 21 -23 -24 24 25 -27 27 -29 29 -31
leaf_value=-2.9952979539016997 -2.6556847762230946 -2.2103414182180656 -2.2465358837178671 -2.8137860794688248 -2.2941836483507343 -2.9791017724451234 -2.2738974078556184 -2.2426249634964348 -2.7225306507271685 -2.9383313240401194 -2.9935313020426899 -2.4047466543441622 -2.2166910241090214 -2.8696160041191119 -2.8629895233699871 -3.0056032297155104 -2.9511684224192041 -2.9977737553287467 -2.9394253008569895 -2.9639869212965451 -2.9968479845886282 -2.9658174520085221 -3.0047101023260172 -3.0006549933284004 -2.9470748669299605 -2.993135726675404 -2.9520743880243208 -3.000080186868999 -3.0038392348431522 -2.9872040134684261
leaf_weight=2.3765490353107444 2.9823360443115261 13.700106203556059 11.929344177246092 2.5163460373878452 6.5704590976238242 1.8639600276947081 6.1976670920848838 9.0402061343193054 3.4949250519275656 1.9105590283870686 1.9571580290794353 5.1724890768527985 22.414119333028793 1.9105590283870686 2.3299500346183777 55.732404828071594 1.863960027694701 51.305499762296677 1.957158029079437 2.7027420401573172 6.5238600969314557 1.9105590283870695 12.814725190401075 44.362248659133911 2.3299500346183768 4.6133010685443878 1.9105590283870686 9.6925921440124494 1491.0282251536846 4.9394940733909598
leaf_count=51 64 294 256 54 141 40 133 194 75 41 42 111 481 41 50 1196 40 1101 42 58 140 41 275 952 50 99 41 208 31997 106
internal_value=-2.96657 -2.97722 -2.98364 -2.98911 -2.99378 -2.99684 -2.77852 -2.34499 -2.99987 -3.00058 -2.94917 -2.60984 -2.25455 -3.00308 -2.91658 -3.00027 -2.99624 -3.0033 -2.96987 -3.00242 -3.00404 -2.99058 -3.00252 -3.00338 -2.99777 -2.97728 -3.00355 -2.99172 -3.00362 -3.0038
internal_weight=1790.05 1764.66 1750.96 1739.03 1727.47 1720.9 22.7403 11.5566 1698.16 1694.67 78.2397 9.4596 25.3965 1616.43 4.28711 68.7801 16.5426 1614.52 4.33371 66.8696 64.1668 8.43442 14.6787 1610.18 51.3055 6.94325 1558.88 11.6032 1547.27 1495.97
internal_count=38414 37869 37575 37319 37071 36930 488 248 36442 36367 1679 203 545 34688 92 1476 355 34647 93 1435 1377 181 315 34554 1101 149 33453 249 33204 32103
is_linear=0
shrinkage=1


Tree=1
num_leaves=31
num_cat=1
split_feature=4 2 6 18 26 12 1 14 26 25 1 20 4 16 26 18 24 2 14 18 18 26 14 25 25 25 25 25 15 25
split_gain=4373.13 3012.24 3384.33 2770.7 914.395 216.283 188.247 120.13 33.5979 15.1206 16.5022 4.19599 3.81575 14.944 7.06897 7.36529 2.03235 4.23476 1.16136 0.888167 0.729369 0.478816 0.592925 3.16515 2.18312 0.443725 0.430068 0.970165 0.347754 0.776825
threshold=8.5000000000000018 0.4582744539425046 0 4.3462688871763069 0.4676905408112913 1.0000000180025095e-35 1.0954552352537024 0.53217592904703948 0.29493109437780574 0.7226375264113204 0.41962513164482201 1.5000000000000002 5.5000000000000009 1.0000000180025095e-35 0.042505160144834291 7.04845438796493 0.20406521918373799 0.097301913241986018 0.22030980136033096 6.8226461670948639 7.9044451484761398 0.0020501932247135881 0.0041565627189478005 0.28493236216812051 0.37959298007801473 0.055384672390824889 0.34446811888858636 0.30266336493498647 2.7889329263186915 0.21312207526270407
decision_type=2 2 1 2 2 2 2 2 2 2 2 2 2 2 2 2 2 2 2 2 2 2 2 2 2 2 2 2 2 2
left_child=1 3 -3 6 7 11 -1 8 9 12 -11 28 16 18 19 -16 21 -18 20 -15 -14 25 23 -23 26 -5 27 -25 -4 -30
right_child=-2 2 5 4 -6 -7 -8 -9 -10 10 -12 -13 13 14 15 -17 17 -19 -20 -21 -22 22 -24 24 -26 -27 -28 -29 29 -31
leaf_value=0.044769387829442987 0.37844576723342199 0.36774770529261686 -0.039769013788247383 -0.0090341804116203482 0.38525482738730338 0.29142485003765922 0.38700517895323361 0.21238282929247895 0.067570194702534087 -0.030374090746976969 0.10107773272882709 0.0063207408510911013 -0.037218609936121499 -0.029910677480854221 0.077169705722400048 -0.0073745638855653665 -0.032772277458131549 0.030192828879222266 -0.0044609841344968324 0.00019736209426935621 -0.011620907586582083 -0.036289765230588092 -0.037685647661628761 0.015604645787121988 -0.02905962479724146 -0.030629076887601105 0.015658599048621265 -0.014512463717339509 -0.030387875974443711 0.0010673882495184316
leaf_weight=3.1520424187183407 46.326747409999371 57.589294403791428 70.353291418403387 2.7020681537687805 7.3018240109086028 2.3507358990609637 26.098209172487259 2.1356784403324118 4.0932920016348353 2.615420624613761 1.8001742325723169 3.1687806099653235 49.681379184126854 2.4772406257688981 3.0303692258894444 2.5188990086317062 3.5575055144727221 1.7933560907840727 2.250924512743949 2.8308851085603237 3.0174433998763552 41.372930724173784 1422.0634734109044 1.8123349510133246 5.3388749994337559 27.351796433329582 1.8098040968179701 3.438993725925684 2.6189701855182639 1.8232506737112997
leaf_count=61 541 700 1537 60 89 29 315 26 66 58 33 66 1101 55 59 55 79 38 50 61 67 913 31554 40 118 607 40 76 58 38
internal_value=-0.00100192 -0.0111865 0.16761 -0.0264608 -0.0336332 -0.0212645 0.352825 -0.0358009 -0.0362689 -0.0365802 0.0319854 -0.0369567 -0.0367923 -0.0264292 0.015334 0.0435273 -0.0372258 -0.0102381 -0.0348076 -0.0163679 -0.0359966 -0.0373148 -0.0374635 -0.0310089 -0.0119957 -0.029041 0.00291055 -0.00328494 -0.0388494 -0.0196536
internal_weight=1808.48 1762.15 137.904 1624.24 1594.99 80.315 29.2503 1587.69 1585.56 1581.46 4.41559 77.9643 1577.05 65.8071 10.8574 5.54927 1511.24 5.35086 54.9497 5.30813 52.6988 1505.89 1475.84 53.7729 12.4 30.0539 7.06113 5.25133 74.7955 4.44222
internal_count=38590 38049 2428 35621 35245 1728 376 35156 35130 35064 91 1699 34973 1448 230 114 33525 117 1218 116 1168 33408 32741 1187 274 667 156 116 1633 96
cat_boundaries=0 1
cat_threshold=384
is_linear=0
shrinkage=0.04


Tree=2
num_leaves=31
num_cat=0
split_feature=4 1 25 18 17 17 22 1 16 12 26 26 25 16 1 14 25 4 23 1 5 16 25 5 18 9 25 17 9 26
split_gain=3170 2549.48 2283.85 1253.28 650.073 419.098 301.581 160.534 69.8168 133.145 54.0585 22.5005 22.4155 33.9762 48.5681 14.7058 7.80638 6.22691 2.25264 7.52738 2.14389 6.09568 2.87319 2.11608 1.34279 1.11203 2.3503 0.921425 0.920434 0.914461
threshold=8.5000000000000018 2.6262459455841154 0.40192032897627566 4.8492138126836855 7.5000000000000009 5.5000000000000009 0.46597771892742823 11.864712021926517 1.0000000180025095e-35 1.0000000180025095e-35 0.21452652395942454 0.29493109437780574 0.27479063024275857 1.0000000180025095e-35 3.9328621583702881 0.45940432964303174 0.51009293791362809 9.5000000000000018 0.16502398343401184 0.78284826382900152 0.4855305652690316 1.0000000180025095e-35 0.1696740765728009 0.67688513339992251 6.0189409728372887 -0.9985731413822142 0.18113271040703818 5.5000000000000009 0.99145093642244408 0.0087298765414455682
decision_type=2 2 2 2 2 2 2 2 2 2 2 2 2 2 2 2 2 2 2 2 2 2 2 2 2 2 2 2 2 2
left_child=1 4 3 -3 6 7 11 10 9 16 12 15 20 24 23 18 -4 -2 27 -20 21 -5 -23 -15 -14 26 -22 28 -1 -30
right_child=17 2 8 5 -6 -7 -8 -9 -10 -11 -12 -13 13 14 -16 -17 -18 -19 19 -21 25 22 -24 -25 -26 -27 -28 -29 29 -31
leaf_value=-0.037201237237812851 0.16172740749785408 0.27532513901341693 -0.015550544024785682 -0.036974098740129906 0.2901836260917367 0.27028889798310629 0.24210464894276942 0.16628409514690226 0.29668271002865704 0.29064596628017236 0.12240037875911318 0.053949114249197586 -0.0013833216795902923 0.014235896268350517 0.13504093322188221 0.037731530710280937 0.066261166125913942 0.27690023327785473 -0.035282844668402612 0.04397666110097654 -0.031450496805339706 -0.0084470891313852825 0.047678166625045267 -0.028813368475248163 -0.036799859738231987 -0.037474652159805728 0.017790151441472734 -0.0092080322953825375 0.0024361272995696895 -0.027006787724880799
leaf_weight=1382.3997036591172 5.8216591849923125 27.901961453258991 3.5942247584462148 7.4741523042321187 8.9008074104785901 7.3697370029985896 5.2628843411803237 6.2215475179255 66.889814492315054 5.2107201777398586 2.8766636364161959 3.5568533986806861 2.0077571496367481 1.8762757182121292 5.0560015961527824 3.4785305634140959 2.3169843815267086 60.393655300140381 5.2846682481467715 1.8024653829634187 3.0058895274996749 2.6405313648283482 1.6967923268675802 5.2230498753488064 14.995439551770685 134.19867107272148 1.7087034732103346 2.6719394512474528 1.748634174466132 12.534098479896782
leaf_count=31712 69 266 79 171 83 68 45 75 637 57 46 53 46 41 72 60 41 510 119 36 69 60 37 118 343 3065 38 52 40 286
internal_value=-0.00018415 -0.01065 0.094693 0.0293974 -0.0330042 -0.00676754 -0.0352348 -0.0189378 0.279644 0.161151 -0.0261137 -0.0364378 -0.0291523 0.00287338 0.0516481 -0.0367039 0.0214643 0.269331 -0.0369147 -0.0121796 -0.0353259 -0.0168207 0.0183287 -0.017083 -0.032927 -0.0367679 -0.0136141 -0.0370312 -0.0370778 -0.0234786
internal_weight=1796.12 1729.91 302.265 224.253 1427.64 196.351 1418.74 188.981 78.0117 11.1219 182.76 1413.48 179.883 29.1585 12.1553 1409.92 5.91121 66.2153 1406.44 7.08713 150.725 11.8115 4.33732 7.09933 17.0032 138.913 4.71459 1399.35 1396.68 14.2827
internal_count=38394 37815 5329 4515 32486 4249 32403 4181 814 177 4106 32358 4060 620 231 32305 120 579 32245 155 3440 268 97 159 389 3172 107 32090 32038 326
is_linear=0
shrinkage=0.04


Tree=3
num_leaves=31
num_cat=1
split_feature=4 1 25 18 13 6 2 26 26 18 2 2 26 1 0 25 16 18 18 0 18 26 18 9 9 5 18 26 9 18
split_gain=2341.36 2259.19 1536.25 926.218 358.553 232.836 605.431 182.805 144.909 138.201 127.075 103.717 12.3228 8.63898 3.98157 3.24019 11.3643 2.90613 2.03313 1.68303 1.40006 1.38648 2.08449 0.866287 3.75835 1.17887 0.685119 0.703085 0.399484 0.961153
threshold=8.5000000000000018 2.6262459455841154 0.43507571911879267 4.8492138126836855 1.5000000000000002 0 0.40903857802802651 0.4676905408112913 0.29493109437780574 3.6021870837399188 0.38644018000782626 0.48470069411158639 0.29493109437780574 4.1205382527117882 8.8455266943781172 0.30266336493498647 1.0000000180025095e-35 4.3462688871763069 5.8352079565182349 9.9176321469826529 6.0189409728372887 0.0087298765414455682 7.2051373792848876 -0.76968322647963638 -0.60593067611587348 0.75978074060275924 8.0304782403973416 0.052006759337539871 0.99145093642244408 7.4300864317824518
decision_type=2 2 2 2 2 1 2 2 2 2 2 2 2 2 2 2 2 2 2 2 2 2 2 2 2 2 2 2 2 2
left_child=1 4 3 -3 7 6 8 9 13 -1 14 12 17 18 -4 26 20 -11 -5 28 -17 22 -20 -21 -25 -26 -7 -28 -19 -30
right_child=-2 2 10 5 -6 15 -8 -9 -10 11 -12 -13 -14 -15 -16 16 -18 19 21 23 -22 -23 -24 24 25 -27 27 -29 29 -31
leaf_value=0.16558985603646117 0.21347436559694399 0.21574723802479379 -0.0093164656410760979 -0.00079026401346304941 0.22678488029213448 -0.039725941590944322 0.26637045793011643 0.20556390128801746 0.19273195354197017 -0.0018483031268682615 0.23679013146547681 0.18020543037200071 0.027676084080000777 0.039384726283007793 0.053433860363323531 -0.0015730694972055455 0.047781402412688946 -0.037106465980141279 -0.029612360203062717 -0.030714180906397898 -0.038379726514707106 -0.03782502127473128 0.018008964668637981 0.031191392756249169 0.0027507168718639975 -0.03385391669971978 0.0032266316147943285 -0.027476960005103048 -0.031014832329372615 -0.0049778254988264081
leaf_weight=4.4935634471476069 77.016243495047092 35.440362855792046 2.6725009344518176 2.930671263486146 7.4797238186001769 110.94279379397631 16.004197176545858 4.0838764011859885 4.1899513453245154 3.9145500846207133 83.830938659608364 2.5692913159728041 4.0901972725987426 1.9521202407777298 2.3129823952913284 2.0208375826477996 2.5337968915700904 1331.8276798836887 2.4180440530180922 6.3480847887694836 10.953876223415135 38.834353789687157 1.7033533975481985 1.758164048194885 1.7320300787687282 4.2319523617625237 1.7025535665452474 1.910120543092489 10.21472207829356 3.3867183029651633
leaf_count=44 558 273 48 67 57 2595 133 31 32 70 656 29 57 38 35 46 37 31585 57 150 256 907 40 40 41 100 40 45 238 79
internal_value=-0.000820434 -0.0105998 0.0846209 0.0304111 -0.032789 -0.00366346 0.0516695 -0.0343607 -0.00840747 -0.0352224 0.225237 -0.0360013 -0.0365389 -0.0296099 0.0238595 -0.034119 -0.0178507 -0.0367517 -0.0333225 -0.0368508 -0.0331698 -0.0354736 -0.0102573 -0.0205217 -0.00958205 -0.0243549 -0.0391005 -0.0154446 -0.0370062 -0.0253166
internal_weight=1785.5 1708.48 322.353 233.537 1386.13 198.097 68.0327 1378.65 52.0285 1374.57 88.8164 1370.07 1367.5 47.8385 4.98548 130.064 15.5085 1363.41 45.8864 1359.5 12.9747 42.9558 4.1214 14.0702 7.72215 5.96398 114.555 3.61267 1345.43 13.6014
internal_count=38384 37826 5305 4566 32521 4293 1274 32464 1141 32433 739 32389 32360 1109 83 3019 339 32303 1071 32233 302 1004 97 331 181 141 2680 85 31902 317
cat_boundaries=0 1
cat_threshold=384
is_linear=0
shrinkage=0.04


Tree=4
num_leaves=31
num_cat=0
split_feature=1 3 25 17 18 17 18 1 14 25 16 0 26 17 0 26 0 26 19 24 11 8 19 18 9 19 25 15 11 0
split_gain=1985 1540.04 984.866 934.691 826.563 429.562 224.856 154.615 69.5235 51.1901 62.527 79.4285 14.8887 12.3899 11.0461 9.06237 7.32255 3.56329 2.19828 1.59695 1.53283 1.36353 2.09891 1.33006 1.09936 2.77905 2.82102 2.10513 0.606569 2.9351
threshold=2.6262459455841154 4.5000000000000009 0.43507571911879267 5.5000000000000009 4.8492138126836855 4.5000000000000009 3.6021870837399188 11.864712021926517 0.53217592904703948 0.27479063024275857 1.0000000180025095e-35 9.4220019380851685 0.21452652395942454 8.5000000000000018 8.1310093164195312 0.29493109437780574 10.684477693421988 0.054155446221428975 7.5651038178752481 0.078787224802367425 7.1609288894450023 -0.9977132698468193 5.7861932803518732 6.0189409728372887 -0.97605951411012548 6.2332980363172181 0.178529427528996 2.5890627375738986 0.20665258862529895 8.2054633030654607
decision_type=2 2 2 2 2 2 2 2 2 2 2 2 2 2 2 2 2 2 2 2 2 2 2 2 2 2 2 2 2 2
left_child=1 3 4 6 -2 7 -1 9 15 12 19 17 18 -5 -4 16 28 -12 20 23 21 22 -6 -11 25 27 -27 -23 29 -8
right_child=2 -3 14 13 5 -7 8 -9 -10 10 11 -13 -14 -15 -16 -17 -18 -19 -20 -21 -22 24 -24 -25 -26 26 -28 -29 -30 -31
leaf_value=0.16418049420244205 0.18655547501950337 0.18957239505504589 0.099579188269252925 0.097136406822072724 -0.029316874176429565 0.18205223984160079 -0.031912751251272548 0.13921526380518828 0.13753205353453568 -0.0038233416296664254 -0.035119403244144615 0.14823120705730813 0.052863035651874987 0.2003936680594437 0.19191058982077164 0.018733047499639863 0.022544540076446323 0.013498488792437337 0.0003655027270104259 0.0042535097026787025 0.0004696658429652805 -0.038879698456286894 0.019033932352047325 -0.039014015653740255 -0.038208259966903912 -0.020170354112658322 0.033590395426559123 -0.0015960091521666562 -0.037005720261688399 0.0185148070702526
leaf_weight=8.0576605983078462 49.309734739363194 52.21792308986187 5.5898351781070224 5.2068252861499813 2.3143823519349094 18.932488176971674 7.2901265583932382 9.0806353427469713 2.7223476395010939 2.2017141506075921 5.0812296904623526 9.0980572402477247 2.3439670689404002 25.110933788120747 96.967855039983988 4.1594341099262229 2.7062315531074992 3.29526262357831 2.8281596563756457 1.6353848055005062 1.8820637054741371 13.293754711747175 1.6368866413831709 14.034595862030981 109.58329401165247 2.7766564562916747 1.66797149926424 3.0235430970787993 1310.8459084294736 1.6603673286736009
leaf_count=63 330 319 61 71 55 144 179 79 22 51 114 96 37 164 673 57 56 63 67 38 46 323 37 342 2662 67 37 73 32096 36
internal_value=-0.000377244 -0.0215752 0.0838623 -0.0297689 0.0412909 0.00556334 -0.0348031 -0.013301 -0.0361316 -0.0218783 0.0207357 0.0726003 -0.0326051 0.186328 0.187888 -0.0365913 -0.0367793 -0.0165936 -0.0344136 -0.0311361 -0.0351333 -0.035632 -0.00948787 -0.0347407 -0.0363463 -0.0252145 0.0024688 -0.0324623 -0.036918 -0.0216376
internal_weight=1776.56 1419.98 356.577 1367.76 254.02 204.71 1337.44 185.778 1329.38 176.697 35.3462 17.4745 141.351 30.3178 102.558 1326.66 1322.5 8.37649 139.007 17.8717 136.179 134.296 3.95127 16.2363 130.345 20.7619 4.44463 16.3173 1319.8 8.95049
internal_count=38458 33063 5395 32744 4661 4331 32509 4187 32446 4108 704 273 3404 235 734 32424 32367 177 3367 431 3300 3254 92 393 3162 500 104 396 32311 215
is_linear=0
shrinkage=0.04


Tree=5
num_leaves=31
num_cat=1
split_feature=1 4 6 1 17 22 22 17 22 25 14 14 0 4 25 0 17 0 0 12 0 4 9 0 19 19 0 5 22 14
split_gain=1759.56 1634.79 924.44 491.855 397.723 272.421 231.674 182.5 150.482 121.328 66.751 43.4921 39.7574 16.0119 14.879 11.3559 10.5623 4.98954 2.92155 1.8624 1.86761 1.73057 2.35863 1.7455 1.88263 1.5321 1.49054 2.7126 1.2422 0.880453
threshold=2.6262459455841154 8.5000000000000018 0 4.1205382527117882 7.5000000000000009 0.26751059843181363 0.46597771892742823 4.5000000000000009 0.23495650421036066 0.4480771025164893 0.53217592904703948 0.53217592904703948 7.6189396864126744 10.500000000000002 0.55079245869945215 10.291519648892304 5.5000000000000009 10.684477693421988 6.8737163650131992 1.0000000180025095e-35 7.595913449541996 5.5000000000000009 -0.99669349067366486 9.1386692693716345 5.9158855963442472 7.5651038178752481 9.9176321469826529 1.7717995508886595 0.13131388152826182 0.36340119394990783
decision_type=2 2 1 2 2 2 2 2 2 2 2 2 2 2 2 2 2 2 2 2 2 2 2 2 2 2 2 2 2 2
left_child=1 4 5 7 6 10 11 8 9 15 14 16 18 -3 19 21 17 26 -5 25 -21 22 -4 -24 -25 -2 29 28 -28 -1
right_child=2 13 3 12 -6 -7 -8 -9 -10 -11 -12 -13 -14 -15 -16 -17 -18 -19 -20 20 -22 -23 23 24 -26 -27 27 -29 -30 -31
leaf_value=-0.03670192002584028 -0.039045133636572478 0.090969309143245095 0.0024266212069009212 0.030662082724637867 0.17706845479324454 0.15634785007438326 0.16120064811583096 0.1659637834605257 0.15118008125554622 0.12213657807152813 0.13895646940532569 0.10913451610414109 0.1755042986390313 0.16133355447278228 0.060891116885096741 0.03517392753024981 0.026716401904370711 0.014886043752414743 0.092122343139373314 -0.027730670682651767 0.018811022323508828 -0.00095253363418437785 -0.039571638077067151 -0.028970821031015663 0.0072197249281167331 -0.0033977672739490729 -0.032853861770497796 0.02019844094361941 0.0026196486894233175 -0.018962104929345459
leaf_weight=1250.8254583664238 111.30674322322011 10.473989427089689 2.6484519727528015 3.3000611849129182 13.419347383081911 12.869908299297093 8.6540290191769582 16.908673610538244 11.264826670289038 9.5251252651214582 2.6419083774089804 2.3661640137433997 140.68215141072869 69.381219908595085 1.6473326757550228 3.6266862675547591 3.5936024151742449 2.5379752665758124 5.3171876184642315 1.9579236246645444 1.6507794223725794 2.8535155653953543 35.161500539630659 5.3404545299708825 3.085449293255806 2.1662772744894019 8.189198721200226 1.6082922890782345 1.7374534681439389 7.7926309257745734
leaf_count=31702 2683 74 62 60 81 76 51 106 71 75 16 18 862 382 16 70 58 56 61 47 36 56 865 129 71 51 204 39 42 189
internal_value=-0.000353288 -0.0212093 0.0764949 0.120752 -0.0320352 -0.0109622 -0.0343507 0.0513555 0.0231184 -0.0020831 -0.0307318 -0.0357992 0.170191 0.153344 -0.0356367 -0.0263839 -0.0361531 -0.0363514 0.0742211 -0.037499 -0.00697839 -0.0315432 -0.033371 -0.0355518 -0.0163584 -0.0384002 -0.0364655 -0.0193097 -0.0269734 -0.0366072
internal_weight=1754.53 1380.58 373.955 239.714 1300.72 134.241 1287.3 90.4147 73.506 62.2412 121.371 1278.65 149.299 79.8552 118.729 52.7161 1276.28 1272.69 8.61725 117.082 3.6087 49.0894 46.2359 43.5874 8.4259 113.473 1270.15 11.5349 9.92665 1258.62
internal_count=38309 32896 5413 2488 32440 2925 32359 1505 1399 1328 2849 32308 983 456 2833 1253 32290 32232 121 2817 83 1183 1127 1065 200 2734 32176 285 246 31891
cat_boundaries=0 1
cat_threshold=56
is_linear=0
shrinkage=0.04


Tree=6
num_leaves=31
num_cat=0
split_feature=1 4 25 18 17 17 22 1 14 25 16 0 25 16 1 4 26 0 26 22 0 23 9 25 25 4 17 9 14 9
split_gain=1596.57 1465.2 603.177 591.993 351.095 299.414 175.503 77.9673 48.3073 40.7588 38.0703 46.642 16.8892 30.1369 17.9648 13.1451 10.3231 9.9963 4.93514 3.18425 2.14429 1.98042 1.97284 1.64088 2.69091 1.67824 1.50478 1.27966 2.02374 1.11329
threshold=2.6262459455841154 8.5000000000000018 0.39713807232223081 4.8492138126836855 6.5000000000000009 4.5000000000000009 0.46597771892742823 11.864712021926517 0.53217592904703948 0.27704041021413284 1.0000000180025095e-35 9.1386692693716345 0.49969120129882205 1.0000000180025095e-35 5.2469557847274508 10.500000000000002 0.21452652395942454 10.684477693421988 0.29493109437780574 0.08235229708866619 9.3755702544797792 0.2072074871879285 -0.99943994997117802 0.25977334829636439 0.26654735619179104 5.5000000000000009 5.5000000000000009 -0.90914536618309583 0.033021963802105141 -0.79860977635779384
decision_type=2 2 2 2 2 2 2 2 2 2 2 2 2 2 2 2 2 2 2 2 2 2 2 2 2 2 2 2 2 2
left_child=1 4 3 -2 6 7 8 9 17 16 27 19 13 20 -15 -3 22 18 21 -12 -4 26 -5 25 -25 -24 -1 28 -11 -27
right_child=2 15 12 5 -6 -7 -8 -9 -10 10 11 -13 -14 14 -16 -17 -18 -19 -20 -21 -22 -23 23 24 -26 29 -28 -29 -30 -31
leaf_value=-0.036515894936841126 0.14401361548750943 0.077857848086566608 0.039026180352148755 -0.001736968848159319 0.14922141651142676 0.13893048278853079 0.14054977056027371 0.097786338189268282 0.10483151670455433 0.021576142824508433 -0.035206883583603146 0.10990379768223811 0.14777882272989673 0.050568160039136889 0.14258335120022123 0.14364897807307114 0.037967630585390183 0.031010937478123918 0.0075285906584663907 0.019456649265448381 -0.0051317387828585248 0.0056057031563342217 -0.036985206079085453 0.016849348511555 -0.031653127823022834 0.0086413936375800832 -0.0010285031532094797 -0.034952557015150008 -0.027383082587292096 -0.023624631581323403
leaf_weight=1229.0058664083481 59.126500502228737 9.3995436280965787 2.4062311388552216 3.0282340906560412 15.916376538574694 21.169728990644217 8.1483587920665723 8.0022283494472486 2.9690767824649802 1.5556249730289011 5.1826709397137192 9.7077555619180185 105.10823943093419 5.9746905416250256 17.995878379791975 76.902705192565918 2.457523211836814 2.8334000147879115 3.7907146215438834 1.6204183772206304 3.2212340384721756 1.5442218780517567 118.38396357372403 2.4290584512054911 3.1427683979272842 2.1519220471382141 1.9736876189708699 10.96917514130473 1.9123922623693941 3.3187161833047858
leaf_count=32237 330 63 36 73 94 133 44 66 21 40 121 99 589 64 96 391 39 58 56 36 60 32 3062 58 80 48 42 279 49 75
internal_value=-0.00052909 -0.0210731 0.0707944 0.0342816 -0.0319784 0.000449974 -0.0344026 -0.0171097 -0.0356624 -0.0232059 0.017753 0.0576863 0.138925 0.103682 0.122592 0.137457 -0.0326631 -0.0360833 -0.036262 -0.0213618 0.0167892 -0.0364027 -0.0342482 -0.0349897 -0.0111619 -0.0359637 -0.0364599 -0.0286945 -0.00550798 -0.0115585
internal_weight=1741.35 1352.48 388.865 254.159 1266.18 195.032 1250.27 173.862 1242.12 165.86 30.948 16.5108 134.706 29.598 23.9706 86.3022 134.912 1239.15 1236.31 6.80309 5.62747 1232.52 132.455 129.426 5.57183 123.855 1230.98 14.4372 3.46802 5.47064
internal_count=38471 33038 5433 4588 32584 4258 32490 4125 32446 4059 624 256 845 256 160 454 3435 32425 32367 157 96 32311 3396 3323 138 3185 32279 368 89 123
is_linear=0
shrinkage=0.04


Tree=7
num_leaves=31
num_cat=0
split_feature=1 4 25 18 17 17 22 2 2 26 2 1 25 2 16 26 4 0 4 24 25 9 0 11 19 2 8 0 18 19
split_gain=1391.01 1304.71 552.285 543.178 295.941 260.031 131.039 77.8164 66.2334 45.3158 41.7689 34.8324 17.6336 27.3101 46.1151 13.3827 10.1976 9.50201 8.67885 3.6409 2.55437 2.08741 1.83865 1.65631 1.59274 1.36748 3.52113 2.6813 1.71564 1.15727
threshold=2.3451399973130345 8.5000000000000018 0.40192032897627566 4.8492138126836855 5.5000000000000009 7.5000000000000009 0.46597771892742823 0.38644018000782626 0.89787599095652937 0.29493109437780574 0.4582744539425046 11.864712021926517 0.26149452908526033 0.54585081679801717 1.0000000180025095e-35 0.29493109437780574 10.500000000000002 8.1310093164195312 8.5000000000000018 0.097095449841995737 0.46366364136927135 -0.99943994997117802 10.791922975048012 7.1609288894450023 4.7222563771668913 0.54585081679801717 0.70153949720526021 9.8537970255050027 7.9432466321479893 4.784979581518173
decision_type=2 2 2 2 2 2 2 2 2 2 2 2 2 2 2 2 2 2 2 2 2 2 2 2 2 2 2 2 2 2
left_child=1 5 3 -2 8 6 10 17 9 11 15 12 18 19 24 22 -3 -4 21 29 -19 -5 -1 25 -15 -23 28 -28 -27 -14
right_child=2 16 7 4 -6 -7 -8 -9 -10 -11 -12 -13 13 14 -16 -17 -18 20 -20 -21 -22 23 -24 -25 -26 26 27 -29 -30 -31
leaf_value=-0.03583497055844858 0.12992819038156037 0.073922202029474957 -0.025564095882720191 -0.0019563983562765315 0.13640529499580761 0.1392080281096526 0.12475610858774153 0.13420095285358982 0.1310926295636223 0.119444495300441 0.094786585003820575 0.06227005159402374 -0.012826624217310772 0.0056251604488429694 0.10852476749541373 0.034137341482700166 0.12957787802780968 0.065719003112595764 0.039098446331752107 0.018921133887888811 0.015499531483813294 -0.039551659660778511 0.0042657075961331017 0.0009838044812499609 -0.035757018965139283 -0.034391253137136195 -0.025837617421009557 0.027865032554576456 0.0051333966035435321 -0.039428543138528699
leaf_weight=1170.9783159866929 64.506868429481983 10.623017586767672 3.7094899713993055 3.0530534423887721 21.162443391978741 13.062260195612906 7.3064315766096106 133.70999626815319 3.6691699102520934 2.6004044711589804 3.0215377472341052 6.2421259209513655 4.5811622068286004 1.5724597796797732 6.6549936980009079 3.6571898236870757 80.770695954561234 3.9238360598683357 1.7691780179738987 1.6294622309505928 3.6105812191963196 95.489295691251755 1.6305632852017868 1.8519768677651871 6.0694417916238308 32.289729654788971 1.6370911188423622 2.4598481580615044 1.6000402681529511 16.301890235394239
leaf_count=31720 336 68 65 75 108 67 37 719 29 20 43 56 113 41 50 50 386 40 11 36 45 2536 35 48 160 863 44 61 42 404
internal_value=-0.000318574 -0.0208952 0.0628178 0.0293306 -0.00194588 -0.0320263 -0.0340269 0.125744 -0.0180336 -0.0216645 -0.0351155 -0.024305 -0.0276917 -0.00295108 0.0387297 -0.0355294 0.123979 0.0224322 -0.0341227 -0.0299425 0.0462892 -0.0353326 -0.0357756 -0.0360657 -0.0275763 -0.0365832 -0.0282983 0.00554698 -0.0324315 -0.0344456
internal_weight=1711.14 1291.05 420.095 275.141 210.634 1199.66 1186.59 144.954 189.471 185.802 1179.29 183.202 176.96 36.8094 14.2969 1176.27 91.3937 11.2439 140.15 22.5125 7.53442 138.381 1172.61 135.328 7.6419 133.476 37.9867 4.09694 33.8898 20.8831
internal_count=38308 32406 5902 5033 4697 31952 31885 869 4589 4560 31848 4540 4484 804 251 31805 454 150 3680 553 85 3669 31755 3594 201 3546 1010 105 905 517
is_linear=0
shrinkage=0.04


Tree=8
num_leaves=31
num_cat=1
split_feature=1 4 6 17 1 22 22 17 22 11 11 26 0 15 0 0 1 19 17 0 1 20 24 11 24 22 26 26 4 26
split_gain=1298.01 1204.94 631.747 263.044 235.971 181.518 153.233 106.603 103.531 44.551 34.8628 24.1357 21.5339 35.5071 21.0848 17.1428 17.0184 12.4547 9.58166 7.18543 7.16724 6.29431 3.62256 4.95865 3.37401 3.78288 1.91543 1.73096 1.43575 1.0943
threshold=2.6262459455841154 8.5000000000000018 0 7.5000000000000009 4.1205382527117882 0.26751059843181363 0.46597771892742823 5.5000000000000009 0.26751059843181363 0.89624446023949622 0.8244682908732629 0.29493109437780574 7.6900726415678351 3.190579114976289 10.051661688753679 8.6688314947230278 6.0897173809473912 6.0144358454333977 3.5000000000000004 9.9176321469826529 0.57395252082223458 1.5000000000000002 0.20406521918373799 5.4055583360419783 0.040814976886219247 0.068541594429285202 0.04912356031531457 0.20316285815169824 10.500000000000002 0.12345004532617336
decision_type=2 2 1 2 2 2 2 2 2 2 2 2 2 2 2 2 2 2 2 2 2 2 2 2 2 2 2 2 2 2
left_child=1 3 5 6 7 10 11 8 9 15 16 19 13 -6 18 -4 26 -16 21 22 -21 29 -1 -24 25 -22 -2 -12 -3 -11
right_child=2 28 4 -5 12 -7 -8 -9 -10 14 27 -13 -14 -15 17 -17 -18 -19 -20 20 24 -23 23 -25 -26 -27 -28 -29 -30 -31
leaf_value=-0.035937558850578637 -0.027632785921934761 0.082109797419583574 0.0037919733855860793 0.12685057975554703 0.1181132018694404 0.11493197891959682 0.11814223951577246 0.1281855340915676 0.11719138353791443 -0.03651815989334968 -0.038885222720380391 0.0497354742180557 0.1270033618641013 -0.021362776801851717 -0.0076259007756605945 0.10862792155860224 0.11465272701772512 0.092052812980383439 0.036208848802988788 -0.035644464469210699 -0.030250623393400407 0.022744580646957061 0.038188870580284959 -0.030746628691271375 0.045353606339099115 0.032069476614052753 0.019884461562811304 0.00045276237559948223 0.11886026737147581 -0.011232643705104637
leaf_weight=1132.8290632665157 1.9693291373550885 12.179659396409987 3.8897309824824315 15.596901044249533 5.734548091888426 14.099756944924591 9.5886836498975736 18.693628154695034 14.111143395304678 35.177574701607227 104.53547976911068 4.5177170783281317 172.44265652447939 4.6919147968292236 3.4975922740995875 6.3564781583845615 2.6318158656358719 3.2956528626382351 2.9603073410689822 5.9545020982623083 2.652718972414732 2.6897632889449588 1.9544715769588936 2.8396057076752186 3.0991933941841125 1.7301162816584108 1.5591355860233305 1.7973074205219735 83.944209948182106 4.168008215725421
leaf_count=31726 52 72 72 76 28 71 46 91 68 898 2680 54 861 106 73 36 14 35 49 159 70 62 40 78 68 43 33 34 382 101
internal_value=-0.000585979 -0.0203678 0.0617862 -0.0314839 0.0936026 -0.0144036 -0.0337103 0.0450987 0.023304 0.000427077 -0.0327533 -0.0350714 0.123466 0.0589722 -0.0149793 0.0727054 0.0538015 0.0463387 -0.025043 -0.0354471 -0.00588229 -0.0300977 -0.0357908 -0.000902128 0.0192135 -0.00426237 -0.00688176 -0.0382223 0.115097 -0.0341844
internal_weight=1681.19 1276.89 404.302 1180.76 277.709 126.593 1165.17 94.8399 76.1463 62.0351 112.493 1155.58 182.869 10.4265 51.7889 10.2462 6.16028 6.79325 44.9957 1151.06 13.4365 42.0353 1137.62 4.79408 7.48203 4.38284 3.52846 106.333 96.1239 39.3456
internal_count=38178 32814 5364 32360 2480 2884 32284 1485 1394 1326 2813 32238 995 134 1218 108 99 108 1110 32184 340 1061 31844 118 181 113 85 2714 454 999
cat_boundaries=0 1
cat_threshold=56
is_linear=0
shrinkage=0.04


Tree=9
num_leaves=31
num_cat=0
split_feature=1 4 25 18 17 17 22 2 2 2 26 1 4 17 25 2 26 19 2 2 19 18 22 23 4 1 1 0 15 15
split_gain=1109.45 1075.56 355.016 379.553 208.456 203.666 149.96 64.3501 61.9894 40.81 37.5191 28.9943 26.276 70.5824 17.0662 19.4191 14.0507 8.16649 5.74296 3.93097 2.94646 2.24627 2.18229 2.17037 1.72399 1.71574 1.39778 1.3419 3.18237 1.59272
threshold=2.6262459455841154 7.5000000000000009 0.39713807232223081 4.8492138126836855 4.5000000000000009 7.5000000000000009 0.46597771892742823 0.48470069411158639 0.89787599095652937 0.38644018000782626 0.29493109437780574 14.082771365106971 9.5000000000000018 3.5000000000000004 0.27704041021413284 0.51632540663913362 0.29493109437780574 5.3449634585479044 0.099377652533796768 0.20189511618987468 4.4657364218269402 5.390228737737174 0.058608560593911792 0.2072074871879285 5.5000000000000009 7.609847306067258 7.609847306067258 11.05627130426266 1.0689602094757349 2.6324821639963289
decision_type=2 2 2 2 2 2 2 2 2 2 2 2 2 2 2 2 2 2 2 2 2 2 2 2 2 2 2 2 2 2
left_child=1 5 3 19 8 6 7 16 10 18 11 14 13 -3 21 20 23 25 -4 -2 -16 -5 26 -1 27 -17 -19 -23 -29 -30
right_child=2 12 9 4 -6 -7 -8 -9 -10 -11 -12 -13 -14 -15 15 17 -18 22 -20 -21 -22 24 -24 -25 -26 -27 -28 28 29 -31
leaf_value=-0.035164898075793816 0.11417282105347781 -0.035380410704887712 0.046350336614680111 0.0018707233304506683 0.10547048141529819 0.11296687529772408 0.11018575070265409 0.12171130701667034 0.11444118290365854 0.11108725558529545 0.10618638898259633 0.093447566244548586 0.10861297672317748 0.14146490345191087 0.010392265991630394 -0.029876334779716591 0.032002079860182317 0.0056808061573337589 -0.011522969943696339 0.069309049305528184 -0.036184895823457554 -0.03699070051904399 0.073547840432886466 0.009528909700871847 -0.0090495733520889708 0.013355344229790771 0.044090889778150934 0.015102401027662873 -0.034667730913205054 0.0056380306093441199
leaf_weight=1111.6368146724999 57.469301261007786 7.5684523023664934 6.1003730930387956 2.7111330367624751 24.398946277797222 14.594434097409247 10.672732934355734 3.2663790471851817 4.5282116681337348 138.98096373304725 2.6090661510825148 2.3027373999357215 94.127713456749916 5.409382127225399 2.1026230193674591 2.3401444889605036 4.2864849790930739 3.008330609649418 3.9314815662801266 9.5414733663201314 13.489374585449694 103.78951008990407 3.9380981661379337 1.3597040846943844 5.0026032254099837 1.8337613753974435 2.9564925618469715 2.5397227667272082 10.338258206844328 1.5235944427549828
leaf_count=32166 265 129 58 74 131 67 49 28 31 683 17 11 415 33 54 52 54 57 59 56 342 2899 48 30 119 39 42 66 286 38
internal_value=-0.000869003 -0.0194839 0.0565633 0.0278412 -0.00125641 -0.0308393 -0.0327927 -0.0342516 -0.0175773 0.105474 -0.0219879 -0.0247612 0.101157 0.0431789 -0.0270965 0.0002088 -0.034816 0.0330611 0.0246812 0.108898 -0.0296561 -0.0334818 0.0513993 -0.0351018 -0.0342686 -0.0119727 0.028316 -0.0352511 -0.0211268 -0.0294548
internal_weight=1658.36 1252.92 405.436 256.423 189.413 1145.82 1131.22 1120.55 165.014 149.013 160.485 157.876 107.106 12.9778 155.574 29.6688 1117.28 14.0768 10.0319 67.0108 15.592 125.905 9.90292 1113 123.194 4.17391 5.96482 118.191 14.4016 11.8619
internal_count=38398 32971 5427 4627 4306 32394 32327 32278 4175 800 4144 4127 577 162 4116 634 32250 238 117 321 396 3482 147 32196 3408 91 99 3289 390 324
is_linear=0
shrinkage=0.04


Tree=10
num_leaves=31
num_cat=1
split_feature=1 3 6 26 2 18 18 18 26 14 2 13 13 25 16 0 11 20 0 19 13 18 1 0 25 14 26 14 25 2
split_gain=1129.76 787.054 462.49 327.848 179.272 202.688 152.869 142.481 119.222 70.6849 59.1097 48.2836 24.695 16.2897 16.1211 7.3079 2.78183 2.02262 4.15275 1.91423 1.73475 1.44061 3.08151 1.36464 1.5995 1.12691 1.93251 0.814056 0.747268 2.59596
threshold=2.6262459455841154 4.5000000000000009 0 0.29493109437780574 0.38644018000782626 5.0112796698001896 3.6021870837399188 4.3462688871763069 0.29493109437780574 0.40938867474622515 0.48470069411158639 1.5000000000000002 1.5000000000000002 0.61176969699172268 1.0000000180025095e-35 7.6189396864126744 6.9936768549092365 1.5000000000000002 10.684477693421988 7.5651038178752481 1.0000000180025095e-35 4.8492138126836855 0.50792048461892347 9.9176321469826529 0.32937708851389835 0.027302168415469414 0.050096293149986267 0.0064520494147958102 0.024330401086530781 0.01338877513650583
decision_type=2 2 1 2 2 2 2 2 2 2 2 2 2 2 2 2 2 2 2 2 2 2 2 2 2 2 2 2 2 2
left_child=1 3 4 7 5 -2 -4 14 12 13 11 21 16 17 -1 -5 20 19 -19 -8 27 22 -9 28 25 26 -25 -7 29 -23
right_child=2 -3 6 15 -6 8 9 10 -10 -11 -12 -13 -14 -15 -16 -17 -18 18 -20 -21 -22 23 -24 24 -26 -27 -28 -29 -30 -31
leaf_value=0.017206471371999744 0.10614255592364864 0.10307566778149355 0.10032106528912428 0.051193364269994553 0.11247932234912623 -0.0069075845765144903 -0.038586334501762722 -0.033088377657312783 0.10160546005045661 0.092483932861997534 0.10609539613384358 0.099022845008611138 0.094016419497714984 0.05408573786781104 0.10547156275427094 0.11213189381541197 0.013490020955199631 -0.032252631386696179 0.031599069219065405 0.0021904654595491478 0.0016857814548962937 0.014692998190398668 0.015284727682779213 -0.026104625989701251 0.010083126348407452 -0.032341311186919686 0.023011212233933497 -0.033664331700935739 -0.03495567209153215 -0.028723937947329258
leaf_weight=5.0881115719676027 53.672622382640839 77.304280534386635 16.694077655673027 6.6162816882133511 167.5555795095861 2.5018441863358012 98.12334755808115 3.9664548188447943 14.489302799105642 6.6012450009584418 3.8988329693675032 3.4165824949741355 1.7734341472387303 2.4161526076495639 11.655466310679913 23.228196293115616 1.8261484280228604 3.3666016198694697 1.6487772800028322 1.7704256698489178 2.3947355970740309 1.8760163076221967 2.8706396520137787 1.6851985268294796 1.9921973980963219 7.5410484410822392 1.4650391452014444 47.062595333904028 1047.0483638606966 18.000369910150766
leaf_count=78 249 329 73 51 740 69 2659 119 65 52 32 17 9 15 63 118 41 88 34 46 45 56 57 46 45 203 36 1235 31168 540
internal_value=-8.74686e-05 -0.0196354 0.0562437 -0.0280371 0.0827002 0.0484226 -0.00856533 -0.0315849 0.00332464 -0.0260002 -0.0333829 -0.0339786 -0.0236495 -0.0340743 0.0811306 0.10072 -0.0291745 -0.0365962 -0.00949824 -0.0378491 -0.0309004 -0.0344876 -0.0134195 -0.0346084 -0.0189594 -0.0247707 -0.00322212 -0.0324771 -0.0347766 -0.0241185
internal_weight=1639.55 1217.65 421.897 1140.35 291.276 123.721 130.621 1110.5 70.0481 113.927 1093.76 1089.86 55.5588 107.325 16.7436 29.8445 53.7853 104.909 5.01538 99.8938 51.9592 1086.45 6.83709 1079.61 12.6835 10.6913 3.15024 49.5644 1066.92 19.8764
internal_count=38378 32958 5420 32629 2453 1713 2967 32460 1464 2894 32319 32287 1399 2842 141 169 1390 2827 122 2705 1349 32270 176 32094 330 285 82 1304 31764 596
cat_boundaries=0 1
cat_threshold=391
is_linear=0
shrinkage=0.04


Tree=11
num_leaves=31
num_cat=1
split_feature=1 4 6 17 1 22 17 2 18 22 11 2 0 0 4 11 14 20 0 19 14 24 18 23 14 0 18 5 5 23
split_gain=1052.71 892.017 400.105 211.446 205.86 160.228 102.17 139.933 109.52 78.0459 49.3044 24.2835 13.354 10.3095 7.51869 6.81861 1.87961 1.83508 1.61688 1.46555 1.40905 3.27326 3.06085 1.79576 1.35968 1.05358 0.913421 0.817866 3.84119 2.18069
threshold=2.2676689066679958 8.5000000000000018 0 5.5000000000000009 4.1205382527117882 0.26751059843181363 3.5000000000000004 0.40903857802802651 3.6021870837399188 0.46597771892742823 0.8244682908732629 0.4582744539425046 8.9542948057105747 7.6189396864126744 9.5000000000000018 4.1516482050726182 0.286341146748817 1.5000000000000002 10.791922975048012 7.5651038178752481 0.0037858060866932173 0.0017957339026487247 5.774563243085983 0.096231935234963831 0.0045730003559401522 7.425457473110348 8.0304782403973416 0.69459591092435735 0.68117144302592314 0.06853505008251537
decision_type=2 2 1 2 2 2 2 2 2 2 2 2 2 2 2 2 2 2 2 2 2 2 2 2 2 2 2 2 2 2
left_child=1 3 5 9 6 10 7 8 -4 11 12 18 25 15 -3 -6 19 24 20 26 21 -1 -23 -24 -10 -2 -12 28 -22 -30
right_child=2 14 4 -5 13 -7 -8 -9 17 -11 16 -13 -14 -15 -16 -17 -18 -19 -20 -21 27 22 23 -25 -26 -27 -28 -29 29 -31
leaf_value=0.021465040115091271 -0.016213056342287403 0.040915043780140783 0.094048895887081874 0.092473995795586114 0.0023777931056788749 0.094051055354902685 0.094933000057651262 0.11194902327888033 -0.0029819126090755328 0.092284165340910398 -0.038912940678307618 0.065859376384587373 0.097843112435527693 0.10254602142414568 0.094580424914481848 0.072207375866466875 0.0050671397642463659 -0.0032424005453342442 0.0020993793241428603 -0.0032612164005790647 -0.033690143903672566 0.015660713142514385 -0.033322567539353691 0.0074553321142952775 -0.036880019258004063 0.018571034054795398 -0.011504317046828916 -0.036308387560990488 -0.015788564294555388 0.027041281328381194
leaf_weight=1.5674175210297097 2.0425747670233236 6.6125390231609336 11.890627652406691 20.721310559660196 3.1858099810779077 18.903366729617119 31.667719803750515 17.05530060082674 2.148806530982255 6.8707431554794303 96.039681129157543 2.9466886222362509 4.7038268819451332 194.41382142156363 96.29756934940815 7.1128434762358665 1.460429161787032 3.1464652419090262 1.7585788331925858 2.1582140438258639 222.33274753764272 1.8172207698225964 28.847982749342922 1.4843783378601063 55.920117925852537 1.5704431049525736 3.029120083898305 761.83765226230025 9.9929460473358613 1.3585179261863221
leaf_count=48 51 44 50 131 62 84 185 80 60 30 2687 39 25 870 403 63 30 79 39 55 6859 52 881 45 1568 32 83 23513 309 42
internal_value=-0.000146685 -0.02033 0.0512748 -0.031253 0.0736131 -0.00987785 0.0342982 0.0121935 -0.0122757 -0.0338026 -0.0291399 -0.0347289 0.0597291 0.100308 0.0915591 0.0527284 -0.0368442 -0.0341081 -0.0350799 -0.0374925 -0.0351454 -0.0252574 -0.0281141 -0.0311528 -0.0356974 -0.000345468 -0.0381982 -0.0354546 -0.0325284 -0.00888846
internal_weight=1620.9 1164.45 456.449 1061.54 326.542 129.908 121.829 90.1613 73.106 1040.81 111.004 1033.94 8.31684 204.712 102.91 10.2987 102.687 61.2154 1031 101.227 1029.24 33.717 32.1496 30.3324 58.0689 3.61302 99.0688 995.522 233.684 11.3515
internal_count=38499 32435 6064 31988 3017 3047 2022 1837 1757 31857 2963 31827 108 995 447 125 2855 1707 31788 2825 31749 1026 978 926 1628 83 2770 30723 7210 351
cat_boundaries=0 1
cat_threshold=56
is_linear=0
shrinkage=0.04


Tree=12
num_leaves=31
num_cat=1
split_feature=1 4 6 22 2 17 17 18 18 14 4 17 24 20 18 11 17 14 24 18 11 25 22 2 25 14 1 18 26 1
split_gain=936.39 837.935 347.229 269.976 195.856 224.69 125.048 107.917 53.7053 37.8022 22.5024 42.6741 12.296 3.59859 2.80658 3.16604 2.56326 2.01008 1.68803 2.58257 1.66852 1.5595 3.95037 1.94692 1.7462 1.37548 1.94801 1.07793 0.885449 1.43369
threshold=2.0001107658256259 7.5000000000000009 0 0.26751059843181363 0.38644018000782626 3.5000000000000004 5.5000000000000009 3.6021870837399188 3.6021870837399188 0.53217592904703948 9.5000000000000018 3.5000000000000004 0.20406521918373799 1.5000000000000002 8.0304782403973416 5.5009301755920266 6.5000000000000009 0.45940432964303174 0.062131087720297545 7.1337110473354715 5.7334139097431969 0.024330401086530781 0.019252190649319972 0.01338877513650583 0.015071531120727731 0.00069053350088406156 0.24658380821183781 7.2051373792848876 0.0037176331516107415 -0.026276933855323748
decision_type=2 2 1 2 2 2 2 2 2 2 2 2 2 2 2 2 2 2 2 2 2 2 2 2 2 2 2 2 2 2
left_child=1 6 4 9 5 7 8 -2 -1 12 11 -3 14 18 17 -16 -7 -4 -9 -20 -21 22 24 -24 -10 26 -23 -15 29 -27
right_child=2 10 3 -5 -6 16 -8 13 21 -11 -12 -13 -14 27 15 -17 -18 -19 19 20 -22 25 23 -25 -26 28 -28 -29 -30 -31
leaf_value=0.080251006475975009 0.088407701497575805 -0.034646030181677522 -0.037036136352428202 0.092950196460195034 0.10069099677473034 0.059375004851360186 0.080140989144593874 -0.038172861574530689 -0.014399172148141038 0.085771316220249111 0.089750102249535516 0.11115405502017418 0.053436504796120866 -0.011506292501847872 0.030202816311252347 -0.028559492273127086 0.099412065197620261 0.0058273604497703461 -0.032437056795514556 0.021544974603431435 -0.017532361716906968 -0.028542308158705332 0.0083104952027976582 -0.035615958066792602 0.027722277813352736 -0.035281787277987212 0.0179239697124636 0.026049920658001269 -0.03555964871627753 -0.018061053696204834
leaf_weight=5.6128673590719691 13.614137098193167 6.8897512443363649 117.3420482724905 35.815952138975263 173.46069536916912 8.5822541639208776 14.640811953693627 46.278730606660247 2.0185651034116772 3.4497210085391989 98.433932945132256 4.5106950737535954 1.6959458552300919 1.6542136482894414 1.7381153926253312 2.1629167757928371 49.127764388918877 1.519938576966523 7.5152612067759019 2.637086745351553 2.3870851062238216 2.2265900447964664 1.4419999048113812 13.194116480648516 2.4941672496497631 19.011476716026664 1.711759131401777 1.3906380161643026 910.84927837178111 19.673876808956265
leaf_count=34 56 123 3373 155 740 96 98 1358 64 15 405 25 18 41 44 59 208 36 211 65 69 70 44 419 79 605 51 40 29029 626
internal_value=-0.000622424 -0.0207774 0.0465715 -0.0024502 0.0704573 0.0358752 -0.032394 -0.00965333 -0.0341584 -0.0298673 0.0835787 0.0273528 -0.0337307 -0.0322966 -0.0353569 -0.00155733 0.0945708 -0.036444 -0.0344711 -0.0189988 0.0031502 -0.0349004 -0.0214326 -0.0310335 0.00968693 -0.0351482 -0.00880635 0.00784597 -0.035248 -0.0271998
internal_weight=1573.08 1102.71 470.373 163.725 306.648 133.187 992.876 75.4772 978.235 127.909 109.834 11.4004 124.459 61.863 122.763 3.90103 57.71 118.862 58.8182 12.5394 5.02417 972.622 19.1488 14.6361 4.51273 953.473 3.93835 3.04485 949.535 38.6854
internal_count=38256 31672 6584 3700 2884 2144 31119 1840 31021 3545 553 148 3530 1784 3512 103 304 3409 1703 345 134 30987 606 463 143 30381 121 81 30260 1231
cat_boundaries=0 1
cat_threshold=386
is_linear=0
shrinkage=0.04


Tree=13
num_leaves=31
num_cat=1
split_feature=1 4 6 17 22 1 22 17 22 25 11 14 0 25 4 17 0 0 15 0 25 4 26 20 19 26 19 26 25 19
split_gain=867.97 774.877 328.428 158.025 141.46 116.952 100.813 54.8696 53.3884 46.3009 38.1589 27.6935 20.2412 16.5174 15.01 49.5888 8.41129 7.77067 17.5061 5.89628 5.79227 5.21408 5.02376 3.19274 1.75702 1.8358 1.64235 1.22852 1.42132 1.09543
threshold=2.6262459455841154 7.5000000000000009 0 5.5000000000000009 0.26751059843181363 4.1205382527117882 0.46597771892742823 5.5000000000000009 0.17743232856482224 0.58718820104294112 0.8244682908732629 0.53217592904703948 10.051661688753679 0.35440657995569913 10.500000000000002 3.5000000000000004 10.684477693421988 7.3796872359277295 3.0453945329490089 5.0152503880811024 0.23923725793804765 6.5000000000000009 0.29493109437780574 1.5000000000000002 7.5651038178752481 0.2286563348599199 7.4181231686352023 0.12345004532617336 0.19452257817550969 3.9320216746603083
decision_type=2 2 1 2 2 2 2 2 2 2 2 2 2 2 2 2 2 2 2 2 2 2 2 2 2 2 2 2 2 2
left_child=1 3 5 6 10 7 11 8 9 12 13 16 21 -4 15 19 22 18 -7 -3 -14 23 -1 26 25 29 27 -2 -29 -12
right_child=2 14 4 -5 -6 17 -8 -9 -10 -11 24 -13 20 -15 -16 -17 -18 -19 -20 -21 -22 -23 -24 -25 -26 -27 -28 28 -30 -31
leaf_value=-0.034343712420673016 -0.037908626806511934 0.038145307886708023 -0.020557252214605776 0.079683354413451798 0.085550147263589574 0.085318389889874544 0.087612985922404435 0.089985407188118066 0.079945442228338909 0.08083756654748124 -0.015013401350094659 0.068831268252788305 -0.0016675209866626065 0.090356306382376614 0.086611109031861852 0.098605658339382243 0.026325743909943009 0.090791506888138418 -0.024364165115336633 -0.036806966503117024 0.069029587648451213 0.030423098474377117 0.011391575722558164 0.0083126936391483656 0.0024501736699996633 0.0052503133327806506 0.0044454720573444415 -0.028365943767336622 0.01114871476856808 -0.038460705614253007
leaf_weight=976.90541257523 31.242854528129101 1.2188017368316666 2.8777481950819483 19.682219535112381 19.866444662213326 4.7171641290187818 10.184078857302664 20.940269380807877 15.81311024725437 8.2563280761241895 5.0948782712221137 3.3187581300735465 2.8839373979717484 4.9255279675126076 93.864369243383408 10.806070078164337 3.0081067718565455 195.89579885825515 3.3245957791805267 7.7864458207041025 3.9703389033675194 1.6104179695248593 3.4203907251358023 2.7875967286527148 1.7550063021481026 1.4145808890461911 1.5325324032455672 2.1455235034227362 1.9486797247081993 85.65361319296062
leaf_count=32213 923 6 80 119 85 20 42 87 90 36 156 19 67 26 380 52 58 865 82 136 34 20 45 63 47 22 37 64 46 2555
internal_value=-0.00065843 -0.0188846 0.0484722 -0.0299787 -0.00877921 0.0698081 -0.0322216 0.0344926 0.0173865 -0.0012477 -0.0287101 -0.033546 -0.0166901 0.051764 0.0797178 0.0444652 -0.0339611 0.0890948 0.0422942 -0.023864 0.0428587 -0.0273608 -0.0341727 -0.0303978 -0.0358713 -0.0366195 -0.0334668 -0.0351882 -0.0110619 -0.0373223
internal_weight=1548.85 1130.19 418.657 1016.52 121.588 297.069 996.837 93.1316 72.1913 56.3782 101.721 986.653 48.1219 7.80328 113.676 19.8113 983.334 203.938 8.04176 9.00525 6.85428 41.2676 980.326 39.6572 93.9181 92.1631 36.8696 35.3371 4.0942 90.7485
internal_count=38475 33070 5405 32496 2971 2434 32377 1467 1380 1290 2886 32335 1254 106 574 194 32316 967 102 142 101 1153 32258 1133 2780 2733 1070 1033 110 2711
cat_boundaries=0 1
cat_threshold=391
is_linear=0
shrinkage=0.04


Tree=14
num_leaves=31
num_cat=1
split_feature=1 3 6 22 17 2 17 18 18 14 26 21 20 19 20 14 17 18 26 14 26 22 1 15 15 18 14 14 9 22
split_gain=810.732 579.906 295.898 266.805 265.287 137.909 195.324 64.6913 59.7827 36.7383 19.7814 9.91393 3.54399 2.31474 1.88948 2.31007 1.72676 3.52162 1.43487 1.37066 1.15609 2.55826 3.73198 4.10928 6.7543 0.982582 0.96734 0.936069 0.930194 2.67845
threshold=2.0001107658256259 4.5000000000000009 0 0.26751059843181363 5.5000000000000009 0.38644018000782626 3.5000000000000004 3.6021870837399188 3.6021870837399188 0.53217592904703948 0.4676905408112913 1.0000000180025095e-35 1.5000000000000002 7.5651038178752481 1.5000000000000002 0.054165879910917453 2.5000000000000004 7.1337110473354715 0.059222401994216939 0.36340119394990783 0.0020501932247135881 0.035789823953322079 -0.26260652682642621 1.895620922209271 2.183280212908461 8.0861293466637267 0.056415191505991447 0.073840313551384693 0.9893816578214113 0.01001867772952709
decision_type=2 2 1 2 2 2 2 2 2 2 2 2 2 2 2 2 2 2 2 2 2 2 2 2 2 2 2 2 2 2
left_child=1 4 5 9 7 6 8 -1 -2 11 20 13 16 14 25 -16 19 -18 -6 -10 21 -9 -23 -24 -25 -4 -27 -26 -22 -30
right_child=2 -3 3 -5 18 -7 -8 10 12 -11 -12 -13 -14 -15 15 -17 17 -19 -20 -21 28 22 23 24 27 26 -28 -29 29 -31
leaf_value=0.072554220904096037 0.077622158274047004 0.084253693356654225 -0.038468114361600754 0.084277648474862576 0.051880063701997305 0.089743627780621615 0.085532857597448456 -0.03699146246510663 -0.036361698063201268 0.079103820543955483 0.085359446579314227 0.036432884840358878 0.0099370179990547567 0.0010551617803583532 0.015031517689449009 -0.030882282095336239 -0.031424383600032274 0.025838344240306732 0.087643577358342939 0.0016818446884118239 -0.03424860718219707 -0.033490367477753254 -0.020974096779793491 0.085880945669799924 -0.023542011050316627 -0.025409619796869551 0.011194226048175493 0.013222966621998724 0.017434292952019783 -0.027365223652916652
leaf_weight=8.383520517498253 8.6557464152574521 77.932055234909058 110.52392798103392 42.553806412965059 8.0786957666277868 181.13554743304849 60.120909996330738 8.6316124144941586 45.036015002056956 3.8224482089281073 1.3139157444238652 2.3401128556579343 2.8786557726562014 2.5927188936620942 2.4132312871515742 2.8069895599037409 3.151150530204176 1.9899082519114015 25.293570883572102 1.4775386676192273 886.50822232663631 4.2031704597175121 2.966233663260935 1.2118466645479204 1.3267064951360228 1.5806358829140656 1.304511936381459 1.2253570090979335 1.747424960136416 16.35233049094677
leaf_count=48 35 313 3395 178 57 748 304 289 1389 16 7 42 76 65 62 78 100 60 114 26 29999 138 96 40 44 48 38 41 59 549
internal_value=-0.000360428 -0.0200424 0.0429544 -0.00120807 -0.0285241 0.0654263 0.034534 -0.0325111 -0.0145653 -0.0302933 -0.0335401 -0.0342855 -0.0303319 -0.0359376 -0.0367481 -0.0106528 -0.0327222 -0.00866187 0.0807472 -0.0351433 -0.0338012 -0.0218394 -0.00777976 0.0105325 0.0345527 -0.0378457 -0.0102379 -0.00713656 -0.0340356 -0.0223537
internal_weight=1519.56 1045.17 474.384 169.938 967.243 304.445 123.31 933.87 63.189 127.385 925.487 123.562 54.5333 121.222 118.629 5.22022 51.6546 5.14106 33.3723 46.5136 924.173 19.5649 10.9333 6.73014 3.76391 113.409 2.88515 2.55206 904.608 18.0998
internal_count=38454 31794 6660 3922 31481 2738 1990 31310 1686 3744 31262 3728 1651 3686 3621 140 1575 160 171 1415 31255 648 359 221 125 3481 86 85 30607 608
cat_boundaries=0 1
cat_threshold=384
is_linear=0
shrinkage=0.04


Tree=15
num_leaves=31
num_cat=0
split_feature=16 4 1 26 22 22 26 4 2 14 21 2 0 4 0 0 4 9 22 22 15 14 11 22 1 9 19 23 2 2
split_gain=739.304 608.536 269.236 164.661 118.225 105.578 101.072 99.4562 99.7688 34.7881 7.68103 29.1415 5.43255 5.12579 3.62148 3.49814 3.16378 2.18823 3.84147 2.0485 3.75842 1.9434 3.70866 1.41611 3.07553 1.33388 2.72515 1.58006 3.20875 7.49942
threshold=1.0000000180025095e-35 8.5000000000000018 4.1205382527117882 0.25099253674125416 0.26751059843181363 0.46597771892742823 0.29493109437780574 6.5000000000000009 0.40903857802802651 0.53217592904703948 1.0000000180025095e-35 0.38644018000782626 8.3525186119841148 5.5000000000000009 7.6433387515496944 8.5835501711210291 10.500000000000002 0.9893816578214113 0.01001867772952709 0.016154022076178252 1.6616510530082762 0.099488947468764091 5.6737638172576235 0.26751059843181363 3.1761248967302511 -0.99718987129472691 5.8463452746405364 0.01400009882577829 0.047064989988540307 0.027395111913903338
decision_type=2 2 2 2 2 2 2 2 2 2 2 2 2 2 2 2 2 2 2 2 2 2 2 2 2 2 2 2 2 2
left_child=1 5 3 4 7 6 9 8 13 10 17 19 -8 25 -4 -15 -3 23 -19 20 -12 -20 -23 -1 -25 26 -2 28 29 -27
right_child=2 16 14 -5 -6 -7 12 -9 -10 -11 11 -13 -14 15 -16 -17 -18 18 21 -21 -22 22 -24 24 -26 27 -28 -29 -30 -31
leaf_value=-0.033792412207996544 -0.029276316932829033 0.048059917875109583 0.043439166368457668 0.08582173807644787 0.082835688855654524 0.076623933893539636 0.027384976732031413 0.069770713057774617 0.086864305623430282 0.069297316397439634 0.032950531410545734 0.082837073203901754 0.08449330197099951 -0.020046466160627375 0.078223782957336327 0.035999446988496712 0.078826095264019583 0.02592223506524604 -0.034199902283298222 -0.034571579550983764 -0.029608994147831663 0.02638202986352417 -0.030575410743459795 -0.030129189221728702 0.0275144884259571 -0.033325496203152498 0.014690763979832653 -0.036254106882726934 -0.033072264008037887 0.017709699937676914
leaf_weight=856.69365478493273 4.9217942282557479 12.016840770840643 9.1553569957613927 42.044110972434282 23.268709285184741 14.054124504327772 5.2157308235764495 20.56762582808733 11.593301946297286 4.4764680266380301 1.7130758184939683 3.5164615288376799 10.259206801652907 2.8249594178050748 191.9008236695081 2.3872086890041828 85.931996002793312 1.9927026517689252 9.9851547051221115 17.091271454468369 2.5534558314830065 2.5026425048708907 2.846624257043004 2.7162803206592789 1.5095365010201929 9.1947448812425154 2.8617788460105658 90.308179343119264 31.44977411441505 7.5426142364740363
leaf_count=29734 154 63 108 194 106 57 46 144 68 21 60 25 46 93 927 48 345 65 335 594 90 79 96 95 13 311 73 3023 1044 238
internal_value=-0.000197743 -0.0188058 0.0425488 0.0146413 -0.000164989 -0.0287406 -0.030426 -0.0110728 -0.0216316 -0.0321786 -0.0327577 -0.0103242 0.0680758 -0.0304498 0.0768626 0.00728582 0.0755754 -0.0333806 -0.0176416 -0.0286817 -0.0030033 -0.024543 -0.0039698 -0.0336765 -0.00821305 -0.0318347 -0.0132789 -0.0327749 -0.0256499 -0.0106249
internal_weight=1485.1 1035.08 450.021 248.965 206.921 937.126 923.072 183.652 163.084 907.597 903.121 24.8743 15.4749 151.491 201.056 5.21217 97.9488 878.247 17.3271 21.3578 4.26653 15.3344 5.34927 860.919 4.22582 146.279 7.78357 138.495 48.1871 16.7374
internal_count=38295 31764 6531 5496 5302 31356 31299 5196 5052 31207 31186 769 92 4984 1035 141 408 30417 575 744 150 510 175 29842 108 4843 227 4616 1593 549
is_linear=0
shrinkage=0.04


Tree=16
num_leaves=31
num_cat=1
split_feature=1 4 6 18 17 2 17 18 18 11 25 4 0 1 2 24 11 4 4 14 14 24 2 23 26 24 9 8 25 24
split_gain=700.353 626.27 261.192 201.347 127.503 124.622 165.868 85.0055 53.2568 31.9975 13.6587 4.87002 3.93822 4.99928 4.3219 3.36342 2.39021 2.26426 1.52345 1.44807 1.21982 4.74127 2.73053 1.90923 1.29489 4.53685 2.54755 0.968104 0.920171 3.50471
threshold=2.0001107658256259 8.5000000000000018 0 3.6021870837399188 6.5000000000000009 0.38644018000782626 3.5000000000000004 3.6021870837399188 3.6021870837399188 0.37409605505537735 0.53693482540720694 10.500000000000002 9.9176321469826529 0.57395252082223458 0.09352384102968804 0.16591924438552141 7.1079828015205058 6.5000000000000009 3.5000000000000004 0.0041565627189478005 0.0034117751530696899 0.0049232544532864094 0.058600385349380481 0.089753284964518051 0.2286563348599199 0.019339577819198796 -0.64040473169913781 -0.22398969713867167 0.079801756243050359 0.12570508525713822
decision_type=2 2 1 2 2 2 2 2 2 2 2 2 2 2 2 2 2 2 2 2 2 2 2 2 2 2 2 2 2 2
left_child=1 4 5 -4 8 6 7 -2 -1 -5 17 -3 20 -14 27 16 19 -11 -8 -9 21 22 -10 -23 28 26 -26 -15 29 -22
right_child=2 11 3 9 -6 -7 18 15 12 10 -12 -13 13 14 -16 -17 -18 -19 -20 -21 24 23 -24 -25 25 -27 -28 -29 -30 -31
leaf_value=0.066612367725435037 0.074283711196599211 0.041746099405470888 0.07802438965683621 0.068596321219073719 0.077905648466505703 0.083111165979452575 0.048572382335968965 -0.0010937510064826165 0.049959945717585733 -0.038155625359483247 0.02720173544618016 0.075830301184015708 -0.033773644628479989 -0.025891543810184006 0.054214245548566596 0.019880716381026897 0.013056421405710063 0.0014414363697780681 0.081794479128370845 -0.036229199250838721 -0.031222262828188834 -0.032133784870063679 -0.011790237316057137 0.010701231088896588 0.038657796359152334 -0.036156056633788188 -0.014757237461292195 0.010643855434901603 -0.034929070331860129 0.0046677891982133896
leaf_weight=7.7072173841297618 14.182673588395117 11.688944295048712 34.88207334280014 4.1377742011100045 16.154228396713734 181.17694715783 7.9178393483161917 2.0110623035579911 1.2068069223314553 105.96352574788034 4.8265664838254443 93.415781676769257 4.4973259922116977 1.6726958751678465 1.9354147203266618 1.3201317880302657 1.2282002009451378 2.2885780725628129 55.43195166811347 52.176027158275247 123.71611007489264 21.194266142323617 1.7593769393861292 1.334292160347103 1.9751413203775885 6.30870695784688 1.9792236853390912 1.3001806493848564 690.62202174589038 4.259543925523757
leaf_count=45 57 61 142 25 72 745 71 64 42 3446 47 374 151 53 55 20 38 50 246 1676 4482 754 61 46 50 183 51 36 25064 153
internal_value=-0.000409971 -0.0194181 0.039905 -0.00469604 -0.0303679 0.0596215 0.031953 -0.0101056 -0.0324619 -0.0301616 -0.034345 0.0724689 -0.033422 -0.00684639 0.0193667 -0.0321224 -0.0336917 -0.037313 0.0784615 -0.0349687 -0.0337062 -0.0230418 0.0195952 -0.0292498 -0.0340061 -0.017154 0.0143403 -0.0112557 -0.0341961 -0.0300008
internal_weight=1460.27 992.727 467.543 152.099 887.623 315.445 134.268 70.9181 871.468 117.216 113.079 105.105 863.761 9.40562 4.90829 56.7354 55.4153 108.252 63.3498 54.1871 854.355 25.4947 2.96618 22.5286 828.861 10.2631 3.95437 2.97288 818.598 127.976
internal_count=38360 31733 6627 3710 31298 2917 2172 1855 31226 3568 3543 435 31181 295 144 1798 1778 3496 317 1740 30886 903 103 800 29983 284 101 89 29699 4635
cat_boundaries=0 1
cat_threshold=386
is_linear=0
shrinkage=0.04


Tree=17
num_leaves=31
num_cat=1
split_feature=1 4 6 22 2 18 26 18 25 26 1 4 4 24 26 26 4 24 19 5 25 1 2 23 9 9 4 25 9 9
split_gain=651.645 566.698 225.544 184.347 116.585 115.84 97.8176 84.7763 27.0256 23.5229 23.496 23.3576 13.0992 6.8928 5.24295 3.10352 2.27382 1.82865 1.6136 1.53838 2.55128 3.8203 3.25364 3.33755 2.2643 2.19759 1.54369 2.30421 3.28719 4.33927
threshold=2.0001107658256259 7.5000000000000009 0 0.26751059843181363 0.38644018000782626 4.8492138126836855 0.25099253674125416 4.8492138126836855 0.55079245869945215 0.4676905408112913 0.6158818516037875 7.5000000000000009 9.5000000000000018 0.20406521918373799 0.16900966151834398 0.20316285815169824 5.5000000000000009 0.027899559356531101 3.9320216746603083 0.47854441352139049 0.30508528402299945 0.79862249260391016 0.13023089360317774 0.020315288844526391 -0.43877063783806963 0.9822935704606458 5.5000000000000009 0.13448759780936564 -0.78434782451463125 -0.42012001973499608
decision_type=2 2 1 2 2 2 2 2 2 2 2 2 2 2 2 2 2 2 2 2 2 2 2 2 2 2 2 2 2 2
left_child=1 7 4 8 5 -2 11 10 13 19 14 16 17 15 -1 18 -7 -3 -4 20 25 22 -22 -24 -23 -9 -21 28 -28 -30
right_child=2 12 3 -5 -6 6 -8 9 -10 -11 -12 -13 -14 -15 -16 -17 -18 -19 -20 26 21 24 23 -25 -26 -27 27 -29 29 -31
leaf_value=-0.030269331335120594 0.075750015449223065 0.036780377832882481 -0.012934239850731527 0.073359880851479584 0.079404668846365198 -0.034785614820123538 0.074282833525694439 -0.03076880128676681 0.051355407762691846 0.073661003452890464 0.070807844309901793 0.058932381121272484 0.072165545714320309 0.039597879961236031 0.038446405562682168 0.0093111202433644562 -0.0012229805640464842 0.0047445839528606829 -0.037780685863205127 -0.03341539147420499 -0.031462324749707914 -0.006435806266150995 -0.022888117288451457 0.046943395435266114 0.056204406198670988 0.015370791270680331 -0.03221261114529058 -0.030072455411798926 0.042483900816108554 -0.015748267017838088
leaf_weight=5.8568519614636925 51.786883495748043 7.1632707770913822 5.7607300877571097 35.942149441689253 181.60072537884116 52.976043544709682 19.871200101450086 44.822240989655256 5.3721646759659043 2.4456198289990416 15.644503572955726 3.9108886513859025 95.194239526987076 1.2056362275034178 1.4617251474410293 2.0475163962692013 3.5143127311021081 4.8940194733440876 96.249229775741696 742.43421848118305 7.392411667853592 1.3383047450333836 1.2547418866306546 1.2836350575089452 1.066407112404703 1.1427369322627772 3.6044379305094481 19.988351348787546 2.6828825697302818 3.7706831619143504
leaf_count=184 221 72 190 150 745 1757 90 1657 38 11 119 21 383 14 13 49 80 79 3255 27678 277 50 47 48 40 41 133 726 84 140
internal_value=-0.000413402 -0.0191147 0.0386917 -0.00386195 0.0568429 0.0297257 -0.000533127 -0.0299877 -0.0297274 -0.0320906 0.0444706 -0.0259555 0.0671595 -0.0343099 -0.013573 -0.0355349 -0.0327552 0.0251364 -0.0365167 -0.0324901 -0.0250304 -0.00805052 -0.01907 0.0157119 0.0296919 -0.0293189 -0.03302 -0.0224876 -0.00605785 0.010912
internal_weight=1423.68 963.441 460.237 146.577 313.66 132.059 80.2724 856.19 110.635 833.227 22.9631 60.4012 107.252 105.263 7.31858 104.057 56.4904 12.0573 102.01 830.781 58.3005 12.3355 9.93079 2.53838 2.40471 45.965 772.481 30.0464 10.058 6.45357
internal_count=38392 31782 6610 3696 2914 2169 1948 31248 3546 30932 316 1858 534 3508 197 3494 1837 151 3445 30921 2160 462 372 95 90 1698 28761 1083 357 224
cat_boundaries=0 1
cat_threshold=388
is_linear=0
shrinkage=0.04


Tree=18
num_leaves=31
num_cat=0
split_feature=16 4 2 17 22 22 26 24 0 17 25 1 4 17 4 17 26 24 9 26 11 23 5 4 26 11 26 11 23 26
split_gain=637 486.851 213.316 203.452 208.938 90.516 89.4426 36.873 30.9615 19.191 13.6317 19.1883 12.2361 10.1644 5.35592 4.9877 3.59077 3.16675 2.82582 2.50585 2.63452 2.01383 3.34439 4.75219 1.63432 1.53298 3.0739 1.45355 1.44059 1.12035
threshold=1.0000000180025095e-35 8.5000000000000018 0.38644018000782626 3.5000000000000004 0.26751059843181363 0.46597771892742823 0.29493109437780574 0.27358072157480967 5.1328346476846276 8.5000000000000018 0.63750947092527643 2.0632641511959977 3.5000000000000004 8.5000000000000018 11.500000000000002 3.5000000000000004 0.19445101185387828 0.021758676617135073 0.9822935704606458 0.0020501932247135881 5.9237897123608869 0.016235536842891096 0.68117144302592314 2.5000000000000004 0.08544601893325697 5.6459820137511434 0.063847305961652903 7.1609288894450023 0.2072074871879285 0.028445500439169564
decision_type=2 2 2 2 2 2 2 2 2 2 2 2 2 2 2 2 2 2 2 2 2 2 2 2 2 2 2 2 2 2
left_child=1 5 3 4 8 6 7 9 -2 10 18 -12 13 24 -3 -8 19 -18 28 20 -10 -20 23 -23 29 26 -24 -21 -1 -5
right_child=2 14 -4 12 -6 -7 15 -9 16 -11 11 -13 -14 -15 -16 -17 17 -19 21 27 -22 22 25 -25 -26 -27 -28 -29 -30 -31
leaf_value=-0.033694743605871658 0.052148934528601344 0.040499423791335143 0.072583257341950036 0.0035922064531386929 0.072968701291740101 0.067240771832540694 0.028711561234782312 0.070214451085697349 -0.024804186047032047 0.068826588147983245 -0.029931514249574409 0.072989870792430619 0.076310166628913004 0.06758211388197248 0.071065719771180064 0.079094891362868278 0.037760315662866535 -0.025557087456205069 -0.031921853940071319 -0.035299911063932619 0.036051510480363251 -0.022083492886699887 -0.021043212417739841 0.064040409043406243 0.022228931314780594 -0.029267730508970011 0.034970048688308199 -0.00047102666272852222 0.0042337566721237568 -0.030049497771967811
leaf_weight=793.48361976444721 6.2987326662987462 15.716267958283423 181.20693608373404 2.5152666103094798 40.168238377198577 14.745852276682852 6.979398816823962 4.7462158203124991 1.517032012343406 2.094027876853942 6.2484423182904703 3.8666523955762386 67.150635674595833 4.6664358228445053 80.122996434569359 9.346156641840933 1.5367356147617095 1.5625163838267324 7.7422453910112408 131.3554373960942 1.0866655595600603 1.1586518026888364 3.0373282562941295 1.2900171671062706 1.6602256707847116 5.3945003189146519 1.5630233641713855 1.9730282817035902 1.3943067826330651 2.5497917272150517
leaf_count=30272 62 75 853 49 173 60 57 25 56 9 236 21 321 19 324 40 45 47 283 4747 39 43 113 45 26 188 50 69 31 74
internal_value=-0.000207409 -0.0185633 0.0392786 0.0162345 -0.00668011 -0.0280775 -0.0298115 -0.0316531 -0.0290427 -0.0323216 -0.0326613 0.0124389 0.0697569 0.0280866 0.0665233 0.0604557 -0.0330672 0.00739098 -0.0332356 -0.0340369 0.00355039 -0.0171137 -0.00621108 0.0287018 -0.00451866 -0.016597 0.000834 -0.0347918 -0.033623 -0.0155055
internal_weight=1404.18 958.93 445.248 264.041 185.498 863.09 848.345 832.019 145.33 827.273 825.179 10.1151 78.5424 11.3917 95.8393 16.3256 139.031 3.09925 815.064 135.932 2.6037 20.1858 12.4435 2.44867 6.72528 9.99485 4.60035 133.328 794.878 5.06506
internal_count=38452 31872 6580 5727 5238 31473 31413 31316 5065 31291 31282 257 489 168 399 97 5003 92 31025 4911 95 722 439 88 149 351 163 4816 30303 123
is_linear=0
shrinkage=0.04


Tree=19
num_leaves=31
num_cat=1
split_feature=1 3 17 6 22 2 17 18 18 14 26 24 17 24 26 17 17 9 9 19 25 18 8 22 14 23 19 26 18 24
split_gain=600.017 444.992 203.831 187.67 186.116 87.3595 130.028 40.6391 39.4278 25.1006 15.4513 14.0969 4.90637 3.15802 3.10081 2.60987 1.95259 3.74697 1.82252 1.47339 1.22181 3.1841 8.0644 3.28537 2.55978 2.81668 2.52482 2.7523 1.93174 2.39262
threshold=2.0001107658256259 4.5000000000000009 5.5000000000000009 0 0.23495650421036066 0.38644018000782626 3.5000000000000004 3.6021870837399188 3.6021870837399188 0.53217592904703948 0.4676905408112913 0.20406521918373799 5.5000000000000009 0.17882844015111385 0.20316285815169824 9.5000000000000018 2.5000000000000004 -0.53013008287983043 -0.9985731413822142 7.5651038178752481 0.091717695308673922 7.7700717911953419 -0.96862872622041218 0.010651525373363366 0.0041565627189478005 0.089753284964518051 4.6823494224259212 0.051021927540941613 6.3571104848859497 0.019836424511203422
decision_type=2 2 2 1 2 2 2 2 2 2 2 2 2 2 2 2 2 2 2 2 2 2 2 2 2 2 2 2 2 2
left_child=1 2 8 5 9 6 7 -2 -1 11 20 14 -8 16 19 -4 18 -18 -9 -5 21 -10 -23 -24 25 28 27 -25 29 -22
right_child=3 -3 15 4 -6 -7 12 13 10 -11 -12 -13 -14 -15 -16 -17 17 -19 -20 -21 24 22 23 26 -26 -27 -28 -29 -30 -31
leaf_value=0.055274520418555524 0.06342690696611622 0.068929823241613675 0.039806417650604366 -0.035987225981254908 0.069100199063374834 0.073920597405782842 0.032442497675128912 0.0040367045097993324 -0.030893850189238969 0.065864522127280445 0.068610570034268056 0.051756722654296067 0.0729586065822459 0.021051853332137566 0.011242828031765826 0.075693154525950879 -0.03062236963423369 0.030119613429390339 -0.03635260111279208 -0.00070245400177784982 0.036420092558607314 0.057721040704560071 0.023769006822662399 -0.02417608583366267 -0.034485654043350834 0.023175489387179556 -0.037412434153030014 0.039326141363635755 -0.028384018105031692 -0.017854129568581283
leaf_weight=7.3559925258159629 7.8498383015394202 82.647570431232452 8.1507722400128824 99.78373627178371 42.754033520817757 181.49590642005205 7.8058327510952941 1.6728481091558922 140.29817172512412 3.4507541656494132 1.5038366764783848 2.2779938224703065 54.023428119719028 1.2217123564332713 1.9081000834703434 24.821867242455482 2.8866055775433779 1.8167885746806849 39.120543379336596 1.9707447141408909 1.0779548045247858 1.4402541946619738 1.4838208407163609 1.4319553114473813 615.04623003862798 1.5049160104244936 9.1363392174243909 1.0036044456064699 17.970559801906347 2.486666115000844
leaf_count=41 32 336 72 3547 196 749 86 55 5540 14 7 20 222 16 44 102 104 62 1387 60 41 57 58 57 24279 55 354 40 699 95
internal_value=-0.000520028 -0.0190753 -0.0278611 0.0372616 -0.000674866 0.054765 0.0291857 -0.0157245 -0.0318941 -0.0283855 -0.0327697 -0.0320427 0.0684413 -0.0300743 -0.0343611 0.0682549 -0.0318704 -0.00599231 -0.0346394 -0.0353173 -0.0330482 -0.029042 -0.0102823 -0.021357 -0.0339731 -0.0194251 -0.0285737 0.00582114 -0.0232984 0.00294174
internal_weight=1367.4 917.361 834.713 450.039 152.145 297.894 116.398 54.5683 801.74 109.391 794.384 105.941 61.8293 46.7185 103.663 32.9726 45.4968 4.70339 40.7934 101.754 792.88 154.794 14.496 13.0557 638.086 23.0401 11.5719 2.43556 21.5352 3.56462
internal_count=38427 31833 31497 6594 3881 2713 1964 1656 31323 3685 31282 3671 308 1624 3651 174 1608 166 1442 3607 31275 6106 566 509 25169 890 451 97 835 136
cat_boundaries=0 1
cat_threshold=384
is_linear=0
shrinkage=0.04


Tree=20
num_leaves=31
num_cat=1
split_feature=16 4 25 18 17 18 26 24 3 17 26 25 25 6 11 22 25 11 21 8 25 23 9 22 13 8 5 23 9 8
split_gain=542.712 414.918 106.003 161.89 112.738 86.4245 67.3908 44.8896 30.4106 25.9609 18.8865 17.9687 14.888 8.25655 6.86148 6.09603 6.08891 4.6255 4.35982 3.93524 2.88101 2.51433 2.30028 2.9038 1.93645 1.92275 2.83568 1.86705 2.7835 1.77112
threshold=1.0000000180025095e-35 9.5000000000000018 0.35440657995569913 4.8492138126836855 4.5000000000000009 4.3462688871763069 0.4676905408112913 0.27358072157480967 4.5000000000000009 12.500000000000002 0.19445101185387828 0.63750947092527643 0.23923725793804765 0 0.74546944398548676 0.03044533658992955 0.4480771025164893 6.3148939774121962 1.0000000180025095e-35 0.021556194452374583 0.2115846189001663 0.0091669712388749523 0.9822935704606458 0.01001867772952709 1.0000000180025095e-35 0.085146970703460986 0.8965023262259314 0.0010575216344824534 -0.75500531507573354 -0.22398969713867167
decision_type=2 2 2 2 2 2 2 2 2 2 2 2 2 1 2 2 2 2 2 2 2 2 2 2 2 2 2 2 2 2
left_child=1 5 3 -2 8 24 7 9 10 11 12 22 27 15 -13 29 -4 19 -16 21 -12 -17 -7 -24 -1 -25 -27 28 -5 -14
right_child=2 -3 16 4 -6 6 -8 -9 -10 -11 20 14 13 -15 18 17 -18 -19 -20 -21 -22 -23 23 25 -26 26 -28 -29 -30 -31
leaf_value=0.032069413989395813 0.067514325761138749 0.065008660355294137 0.042587642638907665 0.034812117999531419 0.067649240081640444 -0.032708759153929221 0.075619978524509343 0.069752617215506185 0.061168693634629658 0.073726380637319497 0.010079289574287267 0.051087221856554364 -0.032170134721001241 -0.020036749088396377 -0.026903646943294258 0.074869393537203358 0.064312665578433834 -0.014990439742555497 0.039636084487358947 0.0010622201746228019 0.070070424067461931 0.028894325822817188 0.019025094549433911 -0.031338906876708268 0.06625552375156317 0.029313468631612955 -0.022776392873599713 -0.032058815865386801 -0.026157438625236173 0.0047046336713223707
leaf_weight=7.6087662614882019 78.099412981420755 85.914528846740723 34.364215396344662 1.1222624275833371 30.395159617066383 747.54755445569754 8.8121019899845106 6.2095019426196805 6.8513917922973624 2.8480874001979819 2.5012241229414931 4.5468694027513248 3.5890588480979204 11.729245172813533 4.7061160765588284 2.9410743974149289 140.82956986129284 3.1263570934534064 1.2107993140816686 4.3410316631197921 2.8573896270245314 8.7691959645599109 2.3321621008217361 11.381529616191985 11.603825727477668 1.8539363984018553 3.0417593605816364 94.84203621186316 1.7514952830970276 3.4089319910854128
leaf_count=89 351 354 461 44 156 30214 37 30 28 12 57 52 139 403 185 54 744 105 15 116 38 178 81 443 50 70 110 3597 69 95
internal_value=-0.000423338 -0.0181094 0.0364047 0.0198901 -0.00123937 -0.0269545 -0.0290023 -0.0302703 -0.0157628 -0.0311555 -0.019906 -0.0316344 -0.0229235 -0.0015718 0.0189716 0.0106056 0.0603172 0.0258284 -0.00952562 0.0341917 0.0480575 0.0454231 -0.0323494 -0.016983 0.0549732 -0.0229447 -0.00142442 -0.0311062 0.000492643 -0.015865
internal_weight=1331.14 899.618 431.519 256.325 178.226 813.703 794.49 785.678 147.831 779.469 140.979 776.621 135.621 37.9049 10.4638 26.1756 175.194 19.1777 5.91692 16.0513 5.35861 11.7103 766.157 18.6094 19.2126 16.2772 4.8957 97.7158 2.87376 6.99799
internal_count=38377 31742 6635 5430 5079 31388 31249 31212 4923 31182 4895 31170 4800 1090 252 687 1205 453 200 348 95 232 30918 704 139 623 180 3710 113 234
cat_boundaries=0 1
cat_threshold=384
is_linear=0
shrinkage=0.04


Tree=21
num_leaves=31
num_cat=0
split_feature=16 4 2 18 17 18 26 4 25 2 17 20 26 4 25 25 24 0 24 2 0 9 11 23 23 24 26 0 22 11
split_gain=492.941 416.019 169.426 216.204 126.976 73.131 53.8719 39.8542 35.2262 21.4138 12.7254 7.76515 5.86542 4.70487 4.16227 3.93431 3.77043 3.50219 3.43338 5.25222 3.09806 2.40256 3.38745 3.86182 3.38553 3.95995 2.20815 2.94361 1.85602 1.65217
threshold=1.0000000180025095e-35 8.5000000000000018 0.38644018000782626 4.8492138126836855 5.5000000000000009 4.3462688871763069 0.29493109437780574 7.5000000000000009 0.63750947092527643 0.38644018000782626 12.500000000000002 4.5000000000000009 0.19445101185387828 10.500000000000002 0.23594053893251976 0.13585732078421561 0.018353130531239131 9.0103755467438464 0.20406521918373799 0.18244077042382659 8.7914880237959565 0.9822935704606458 5.6459820137511434 0.013621858118424439 0.059462412796831933 0.018353130531239131 0.0020501932247135881 8.5835501711210291 0.045882014778733347 7.1609288894450023
decision_type=2 2 2 2 2 2 2 2 2 2 2 2 2 2 2 2 2 2 2 2 2 2 2 2 2 2 2 2 2 2
left_child=1 5 3 -2 7 20 8 12 10 -10 11 18 26 -3 15 -4 -14 -8 21 -20 -1 -7 23 -23 25 -25 27 -5 -27 -28
right_child=2 13 14 4 -6 6 17 -9 9 -11 -12 -13 16 -15 -16 -17 -18 -19 19 -21 -22 22 -24 24 -26 28 29 -29 -30 -31
leaf_value=0.024369846923082732 0.065963307473319216 0.03213377061770397 -0.0075233928293151221 -0.026169852870333018 0.069875938297438586 -0.032432545870591703 0.025377364486104326 0.049129538000287305 -0.023898298320146651 0.070510542412219879 0.062940445230593389 0.046356365509021877 0.045806329379584447 0.064041663914492827 0.066879061900842932 0.048781804910463217 -0.018181824057106118 0.071435742635541852 -0.028568309848678725 0.049300699015491334 0.063334037572156388 -0.029741954002122251 -0.030344314536371209 -0.0093059826332576954 -0.022914800703008022 0.085112752693131719 -0.034854543020390615 0.037068601327086961 0.011253664090414419 0.0027092275358676708
leaf_weight=7.0484988223761347 84.627481566742063 11.561463370919226 2.6799463760107747 1.7532021179795259 24.814902450889349 716.53646954521537 7.2719611898064596 9.5316334813833219 6.0358008164912444 7.9799138009548187 1.3922257423400868 1.2009392380714405 1.7263339590281237 85.219050973653793 165.5073818564415 4.708201864734292 2.3616755530238152 5.7348739951848984 2.2860039398074146 1.4081871900707481 11.216624628752468 2.6116314101964262 10.20842659845948 1.5419281087815764 1.260649900883436 1.2270875722169878 126.28442090936005 1.0588254295289514 1.1846594382077453 1.7604022920131672
leaf_count=88 390 59 63 68 108 30101 59 57 239 33 6 5 45 354 720 52 64 24 91 20 52 102 402 58 49 47 4951 38 38 65
internal_value=-0.000195707 -0.0172545 0.0350508 0.0141559 -0.0119776 -0.0269035 -0.028804 -0.0264202 -0.0302139 0.0309699 -0.0314116 -0.031674 -0.0320787 0.0605975 0.0654797 0.0298958 0.0125318 0.0493353 -0.0318634 0.00529372 0.0503432 -0.0320573 -0.0162258 0.00354234 0.0223164 0.038453 -0.0335568 0.00111932 0.0627652 -0.0343211
internal_weight=1309.74 882.926 426.814 253.919 169.291 786.146 767.881 144.476 754.874 14.0157 740.858 739.466 134.945 96.7805 172.896 7.38815 4.08801 13.0068 738.265 3.69419 18.2651 734.571 18.0344 7.82596 5.21433 3.95368 130.857 2.81203 2.41175 128.045
internal_count=38448 31827 6621 5786 5396 31414 31274 5288 31191 272 30919 30913 5231 413 835 115 109 83 30908 111 140 30797 696 294 192 143 5122 106 85 5016
is_linear=0
shrinkage=0.04


Tree=22
num_leaves=31
num_cat=1
split_feature=1 4 6 18 17 2 18 17 18 14 4 17 24 4 16 25 14 24 14 19 8 19 0 18 18 19 0 25 24 23
split_gain=493.338 423.193 157.682 105.876 81.9986 79.4759 98.231 86.33 43.9163 32.0877 10.4161 26.5867 9.86175 6.97117 4.17092 2.69396 1.63361 2.49891 1.53543 1.41641 1.19852 1.38662 2.45326 2.64614 1.44714 1.38161 0.976271 0.861078 6.93293 4.50327
threshold=2.0001107658256259 7.5000000000000009 0 3.6021870837399188 5.5000000000000009 0.38644018000782626 5.0112796698001896 4.5000000000000009 3.6021870837399188 0.40938867474622515 9.5000000000000018 3.5000000000000004 0.27358072157480967 6.5000000000000009 1.0000000180025095e-35 0.61176969699172268 0.00069053350088406156 0.018868849215599937 0.0041565627189478005 7.5651038178752481 -0.9977132698468193 4.9086330546223209 11.05627130426266 7.3306225501000126 6.0189409728372887 5.8058614864302109 6.0795059227299957 0.021256930781233866 0.064516603254942614 0.025542870342630596
decision_type=2 2 1 2 2 2 2 2 2 2 2 2 2 2 2 2 2 2 2 2 2 2 2 2 2 2 2 2 2 2
left_child=1 4 5 -4 8 6 -2 13 -1 12 11 -3 15 18 -6 19 17 -10 -8 20 25 22 24 -24 -22 -5 -12 28 -18 -30
right_child=2 10 3 9 14 -7 7 -9 16 -11 26 -13 -14 -15 -16 -17 27 -19 -20 -21 21 -23 23 -25 -26 -27 -28 -29 29 -31
leaf_value=0.055920348895809817 0.065601342563755133 -0.034647375787377553 0.063864855888372041 -0.02440399945195753 0.025523953399980637 0.068166341344160011 0.0016022344721201831 0.060541856564444066 0.030056865123026237 0.047915063528571528 0.063746121922865454 0.074582893968905731 0.049367154549115347 0.026994723068558706 0.071965887875950693 0.014089869653413618 -0.032896964301062384 -0.026513627213534223 -0.034868610119574588 -0.001436574832531492 0.0019512467531191907 -0.040615273894879185 -0.01785623800721815 0.040384607878819798 -0.034721582688968765 0.020872458734348526 0.045282559504768664 -0.031958581957273295 -0.01983539092086959 0.069604247232445099
leaf_weight=8.409462131559847 58.906100979074836 6.413313187658785 26.298766270279884 1.4660598412156098 6.4481255263090143 176.21176778152585 1.8278642203658808 23.067586850374937 1.2406971603631967 7.8597543202340594 76.789219319820404 5.981955524533987 1.4668503999710072 2.5070834085345259 10.368539065122604 1.3091525845229615 9.0004552938044053 1.8284825291484592 49.594947440549731 2.0202659219503394 1.7858345117420018 57.801509203389287 2.4250344615429635 0.9745019208639859 17.371343275532126 0.95489872805774201 18.036422625184059 699.28968566283584 0.93779817968606893 1.1787143703550098
leaf_count=46 268 128 112 61 60 752 65 107 44 78 323 30 6 31 47 11 381 76 1902 61 57 2285 89 37 678 39 75 30367 40 49
internal_value=8.88344e-05 -0.017693 0.0347209 -0.0053005 -0.0284834 0.0489049 0.0271873 -0.00266516 -0.0305408 -0.0253744 0.0562245 0.0196997 -0.0324187 -0.0303109 0.0565904 -0.0343627 -0.0316367 -0.00187876 -0.0335664 -0.0352662 -0.0360648 -0.0368998 -0.026059 0.00422346 -0.0313757 -0.00566455 0.0607434 -0.0317625 -0.0178076 0.0363261
internal_weight=1279.77 845.923 433.849 121.734 738.702 312.115 135.904 76.9975 721.885 95.4352 107.221 12.3953 87.5755 53.9299 16.8167 86.1086 713.476 3.06918 51.4228 84.7994 82.7792 80.3582 22.5567 3.39954 19.1572 2.42096 94.8256 710.407 11.117 2.11651
internal_count=38305 31666 6639 3514 31110 3125 2373 2105 31003 3402 556 158 3324 1998 107 3318 30957 120 1967 3307 3246 3146 861 126 735 100 398 30837 470 89
cat_boundaries=0 1
cat_threshold=390
is_linear=0
shrinkage=0.04


Tree=23
num_leaves=31
num_cat=1
split_feature=1 4 6 22 2 26 26 13 22 4 25 22 13 4 0 24 26 0 11 9 5 9 11 11 25 24 4 25 24 22
split_gain=456.192 390.493 148.373 151.995 61.772 64.5873 48.7821 43.0511 39.0525 21.3759 18.7297 11.3894 11.2833 9.03181 12.401 5.64864 4.13524 3.59069 5.45308 2.65742 2.13646 3.10216 2.86531 4.06935 1.97854 5.23432 6.86857 3.33505 3.6613 4.11272
threshold=2.0001107658256259 7.5000000000000009 0 0.26751059843181363 0.38644018000782626 0.25099253674125416 0.4676905408112913 1.0000000180025095e-35 0.46597771892742823 5.5000000000000009 0.58718820104294112 0.46597771892742823 1.5000000000000002 9.5000000000000018 8.0418720122037612 0.20406521918373799 0.20316285815169824 9.9176321469826529 6.3611354114770124 -0.9985731413822142 1.451482267013485 0.99145093642244408 5.9237897123608869 5.5583391727673819 0.079801756243050359 0.12570508525713822 2.5000000000000004 0.075897668826592074 0.036810404982350768 0.062571390981102218
decision_type=2 2 1 2 2 2 2 2 2 2 2 2 2 2 2 2 2 2 2 2 2 2 2 2 2 2 2 2 2 2
left_child=1 6 4 10 5 7 8 9 12 11 15 19 17 14 -3 16 -4 20 -19 -2 21 24 23 -23 25 27 -27 -1 29 -29
right_child=2 13 3 -5 -6 -7 -8 -9 -10 -11 -12 -13 -14 -15 -16 -17 -18 18 -20 -21 -22 22 -24 -25 -26 26 -28 28 -30 -31
leaf_value=-0.027676176621002031 0.013174909152570129 -0.027396927971511161 -0.035160293165882178 0.062268746391943845 0.066665262475518003 0.065232778741774022 0.064415462703600629 0.060426508872775217 0.060339498085440528 0.041835266295600707 0.047266890264503661 0.045789223225926483 0.053915228160107687 0.059993030951876004 0.051445356046659549 0.033940006570175457 0.013950992521365831 -0.023704464914317422 0.03862954586184289 -0.03180062051762346 -0.035481766847975667 -0.015017278540006425 -0.028780326672881978 0.055146567141116765 -0.030979888347380011 -0.024985389756190992 0.075163887466749846 0.04739590716793516 -0.029378927122928899 -0.023250206225332221
leaf_weight=74.328753560781479 1.6923180408775795 4.6047881878912431 91.096722580492496 40.509831055998802 165.11072097718716 43.913789281621575 8.0748070776462537 15.34467328339815 6.7892359644174567 8.3849176205694658 4.0885675232857457 2.5665095895528784 1.6653698235750187 88.842027723789215 6.7376212850213051 1.250525552779435 2.3280222918838254 5.9470355547964555 2.3257007449865341 40.903765302151442 158.34242575615644 2.111827271059155 2.3523436207324266 1.5058107376098631 447.48659062758088 1.5591093376278871 1.0747952125966547 2.6332991905510421 2.5376047417521477 1.3146439120173452
leaf_count=3294 52 92 3634 178 714 194 35 106 28 95 26 11 7 378 57 14 52 228 68 1534 7077 84 98 61 19894 66 46 118 113 59
internal_value=-0.000625492 -0.0179422 0.0333822 -0.00193014 0.0493227 0.0279101 -0.0282493 0.00352665 -0.0293891 -0.0135875 -0.0288162 -0.0245607 -0.0303372 0.0556845 0.0198106 -0.0325616 -0.0338017 -0.0306129 -0.00390451 -0.0297526 -0.0309246 -0.0295172 -0.000721072 0.0198057 -0.029839 -0.0234267 0.0253197 -0.0253055 0.00193126 0.0239266
internal_weight=1237.42 820.234 417.19 139.274 277.917 112.806 720.049 68.8922 711.975 53.5475 98.7638 45.1626 705.185 100.184 11.3424 94.6753 93.4247 703.52 8.27274 42.5961 695.247 536.905 5.96998 3.61764 530.935 83.4482 2.6339 80.8143 6.48555 3.94794
internal_count=38413 31803 6610 3904 2706 1992 31276 1798 31241 1692 3726 1597 31213 527 149 3700 3686 31206 296 1586 30910 23833 243 145 23590 3696 112 3584 290 177
cat_boundaries=0 1
cat_threshold=384
is_linear=0
shrinkage=0.04


Tree=24
num_leaves=31
num_cat=0
split_feature=16 4 2 18 17 22 26 14 4 17 26 24 13 4 17 26 0 23 9 15 22 19 15 4 26 18 23 19 14 24
split_gain=424.931 340.358 133.349 178.128 107.233 64.1324 58.5083 26.0177 25.6978 18.8193 8.72536 7.85694 6.40268 4.24046 3.1933 2.42246 2.77092 2.06624 1.94129 3.70759 5.11874 2.64553 2.18194 1.92765 1.84573 4.54037 2.56464 1.61743 1.5037 1.11568
threshold=1.0000000180025095e-35 8.5000000000000018 0.38644018000782626 4.8492138126836855 4.5000000000000009 0.46597771892742823 0.29493109437780574 0.53217592904703948 7.5000000000000009 8.5000000000000018 0.25099253674125416 0.27358072157480967 1.5000000000000002 11.500000000000002 3.5000000000000004 0.0020501932247135881 8.4429025532592892 0.0003943414061606691 0.9822935704606458 1.4809413857141582 0.043570733960130802 5.6704895549447079 2.9690635176821751 5.5000000000000009 0.0016988283099008625 7.6470957120475971 0.076731975776371128 5.8349316160915228 0.0021236488740339747 0.14091990189930997
decision_type=2 2 2 2 2 2 2 2 2 2 2 2 2 2 2 2 2 2 2 2 2 2 2 2 2 2 2 2 2 2
left_child=1 5 3 -2 8 6 7 9 10 11 15 12 18 -3 -8 16 -5 -17 24 20 21 -20 -21 -6 25 26 -1 -24 -19 -26
right_child=2 13 -4 4 23 -7 14 -9 -10 -11 -12 -13 -14 -15 -16 17 -18 28 19 22 -22 -23 27 -25 29 -27 -28 -29 -30 -31
leaf_value=-0.032052441722877072 0.06140969488675365 0.033560742417638088 0.060038009203287113 -0.024612840367851076 0.033117750243736976 0.058200566867553372 0.023532704796839984 0.051332694344787884 0.03997657450091488 0.061529524195904149 0.040864847937331701 0.040519573004009012 0.04423189276564992 0.060132429525564191 0.066786293538481381 0.009384585035761589 0.03844659310432446 0.001094716163391926 0.065964409119458389 -0.036991852217065531 -0.027922416878465195 -0.0038504345500006364 -0.018115034904755304 0.065544837445818557 -0.032340141273405697 0.034558251129364288 0.022281647883121147 0.024938472345564622 -0.034468243008808248 -0.019141784190988598
leaf_weight=8.1158640775829518 80.863630257546902 16.190447866916656 167.07476776279509 1.5026419796049588 7.4311754703521755 13.119906783103941 6.3519893959164602 5.3983406201004973 7.8809982743114224 2.6444544196128836 1.8374883458018292 1.6378787476569403 0.96631987392902274 73.397667482495308 7.7278593853116035 1.4003181811422099 1.0241904016584156 1.8724484555423249 1.4667882081121235 9.2005036044865829 2.1249591186642647 1.1788899730890987 2.5248110368847843 20.658993039280176 637.3939547073096 1.661277389153837 0.91234526596963483 1.3138098232448099 114.97584285028279 15.555867262184618
leaf_count=368 386 77 857 64 61 57 54 26 51 11 30 13 4 319 34 59 38 77 52 392 90 48 101 90 29196 74 40 43 4946 702
internal_value=-0.000599671 -0.0173627 0.0327156 0.013481 -0.01119 -0.0265341 -0.0281885 -0.0298518 -0.0265001 -0.0305637 -0.0310617 -0.031009 -0.0312397 0.0557539 0.0501274 -0.0324826 0.00460076 -0.033307 -0.0314114 -0.0168216 0.0116234 0.0423325 -0.0273154 0.0583997 -0.031777 -0.0134827 -0.0248873 -0.00127086 -0.0338939 -0.0320555
internal_weight=1215.41 808.884 406.522 239.448 158.584 719.296 706.176 692.096 130.494 686.698 122.613 684.053 682.415 89.5881 14.0798 120.775 2.52683 118.249 681.449 17.8098 4.77064 2.64568 13.0391 28.0902 663.639 10.6895 9.02821 3.83862 116.848 652.95
internal_count=38360 31701 6659 5802 5416 31305 31248 31160 5265 31134 5214 31123 31110 396 88 5184 102 5082 31106 726 190 100 536 151 30380 482 408 144 5023 29898
is_linear=0
shrinkage=0.04


Tree=25
num_leaves=31
num_cat=1
split_feature=1 4 6 18 17 1 18 17 2 25 18 2 4 17 4 11 11 18 9 9 18 11 11 0 1 0 23 19 4 25
split_gain=419.548 373.425 117.14 89.8356 67.2379 52.6085 37.8249 32.4725 53.8533 27.3852 26.5739 19.451 10.5276 23.6985 9.6646 9.59177 5.48349 2.50796 2.46631 2.02868 2.40507 3.11248 4.81149 2.07116 3.65212 4.67085 4.28511 1.89114 2.60651 1.86687
threshold=2.2676689066679958 7.5000000000000009 0 3.6021870837399188 6.5000000000000009 4.1205382527117882 3.6021870837399188 5.5000000000000009 0.40903857802802651 0.55079245869945215 3.6021870837399188 0.4582744539425046 9.5000000000000018 3.5000000000000004 6.5000000000000009 0.28923565758574049 7.1079828015205058 8.0304782403973416 -0.7163925476891887 0.99145093642244408 6.8374320554192725 5.9237897123608869 5.5583391727673819 9.8007481623513417 0.57395252082223458 10.291519648892304 0.020093244052895528 3.9320216746603083 2.5000000000000004 0.024330401086530781
decision_type=2 2 1 2 2 2 2 2 2 2 2 2 2 2 2 2 2 2 2 2 2 2 2 2 2 2 2 2 2 2
left_child=1 4 5 -4 6 7 -1 8 10 15 -2 19 13 -3 16 -5 -12 27 -19 23 -21 22 -22 29 -25 26 -26 28 -17 -8
right_child=2 12 3 9 -6 -7 11 -9 -10 -11 14 -13 -14 -15 -16 17 -18 18 -20 20 21 -23 -24 24 25 -27 -28 -29 -30 -31
leaf_value=0.050409819993978609 0.055904032533602245 -0.038411743291501994 0.058661786479722852 0.049956611048128839 0.056347542866431885 0.061110405401110603 -0.015260912371485103 0.061407812942639327 0.064114830292273994 0.043753668115337215 -0.035051831231194097 0.0524052503957586 0.056529341337526892 0.066018277220181429 0.031615184575112719 -0.028911640723263125 0.03563729654839233 0.036359251798047068 -0.023653357971726834 -0.031587052300944045 -0.012180760086663814 -0.025952576493811903 0.070893566392487006 -0.033980870533490304 0.069908667424788323 -0.02800517357716014 -0.0093357503711823716 -0.03483739382997874 0.023146569368177508 -0.03233276254064945
leaf_weight=8.4045437648892385 6.4387007802724829 5.9522975888103229 27.949958071112633 1.4921665098518122 13.891178242862223 178.894451322034 13.06253122538328 24.9679886251688 18.736029729247093 8.1136398259550315 36.732875656336546 3.5895026065409175 94.427881091833115 6.0343664363026619 3.4147678427398196 2.3510369770228854 1.065135871991514 1.0791581552475693 1.3493680059909809 3.3545993138104659 1.8090202100574972 1.7293411791324613 1.1530867610126732 4.8644105698913318 1.5270923841744664 2.1194417960941792 1.5566332209855316 70.745762063190341 1.8811360131949184 638.84313897043467
leaf_count=46 28 135 125 9 64 847 598 109 83 52 1455 40 414 30 32 96 29 43 52 142 75 76 46 214 58 77 66 2971 69 30385
internal_value=-0.000933125 -0.0174038 0.0333282 -0.00228714 -0.0280851 0.0467906 -0.0298848 0.0234575 0.00848508 -0.022569 -0.0142562 -0.0309599 0.0520583 0.0151961 -0.026282 -0.0298516 -0.0321926 -0.0320076 0.00584105 -0.0314839 -0.0099445 0.00836177 0.0298891 -0.0317303 -0.012093 0.010549 0.0374162 -0.0332943 -0.00577113 -0.0320146
internal_weight=1187.53 802.319 385.212 114.962 695.905 270.25 682.013 91.3555 66.3875 87.0123 47.6515 673.609 106.415 11.9867 41.2128 78.8986 37.798 77.4065 2.42853 670.019 8.04605 4.69145 2.96211 661.973 10.0676 5.20317 3.08373 74.9779 4.23217 651.906
internal_count=38466 32466 6000 3417 31887 2583 31823 1736 1627 3292 1544 31777 579 165 1516 3240 1484 3231 95 31737 339 197 121 31398 415 201 124 3136 165 30983
cat_boundaries=0 1
cat_threshold=388
is_linear=0
shrinkage=0.04


Tree=26
num_leaves=31
num_cat=1
split_feature=1 4 6 22 17 2 17 18 22 14 4 24 0 0 2 1 0 0 24 16 5 1 9 24 9 1 11 5 22 26
split_gain=384.054 343.116 128.341 123.602 69.5361 56.8476 79.0106 50.2826 29.4808 15.682 11.7719 8.33735 4.71902 3.28086 4.67991 5.22995 3.04629 2.85762 2.6912 2.64039 2.56694 3.80121 4.38736 3.31891 2.81901 3.89037 2.41576 2.40614 6.25483 2.79478
threshold=2.0001107658256259 7.5000000000000009 0 0.26751059843181363 5.5000000000000009 0.38644018000782626 3.5000000000000004 3.6021870837399188 0.46597771892742823 0.45940432964303174 10.500000000000002 0.20406521918373799 8.4643097050529494 9.9176321469826529 0.09352384102968804 0.57395252082223458 5.3948435877784489 6.8324521087303145 0.0098509389574549956 1.0000000180025095e-35 0.71236333354811976 0.6722437099298052 -0.99813388761328303 0.15679920913117151 0.9822935704606458 -0.026276933855323748 7.0672089806966065 0.68563439900719847 0.052371517107875583 0.14629603597236426
decision_type=2 2 1 2 2 2 2 2 2 2 2 2 2 2 2 2 2 2 2 2 2 2 2 2 2 2 2 2 2 2
left_child=1 4 5 9 8 6 7 -2 13 11 12 -4 17 20 -15 -16 -9 -3 -19 -6 21 23 -23 24 -1 -26 -18 29 -29 -24
right_child=2 10 3 -5 19 -7 -8 16 -10 -11 -12 -13 -14 14 15 -17 26 18 -20 -21 -22 22 27 -25 25 -27 -28 28 -30 -31
leaf_value=-0.031173219371494365 0.056384002754511026 0.025399470666541676 -0.034994104469997622 0.058643054633361905 0.026215272158766775 0.062182358138588016 0.057434960155797569 0.022451286661648445 0.055247434840810988 0.043553223626276172 0.057677655101205955 0.037822613510171334 0.045671348615194986 -0.026625963212181535 -0.022579129652684805 0.064339746919043345 -0.032773508834394526 0.015321559187830723 -0.030252158933947441 0.065566268063837918 -0.032163647100863814 0.037296066393406005 -0.023885249910242531 0.017859006151721774 -0.027183814335370943 0.041005374534089603 0.016119543160837139 -0.028016371841699476 0.057451024375495638 0.015148823029575365
leaf_weight=114.59157519973814 13.554857179522513 4.4590857978910226 83.102267306298018 34.676869537681341 6.4481627121567735 164.26647602021694 58.688528459519148 1.0855533983558405 5.6376792043447486 3.6653494313359252 83.780059456825256 1.8099685944616783 5.9880644716322413 4.4957566708326331 1.2291581425815823 1.635726688429713 41.185798306018114 2.7038469407707453 4.0622077491134405 9.751014307141304 472.28723437525332 1.5698796659708012 32.014463720843196 1.7385537475347508 1.9680032692849638 1.4503022097051133 1.1143589075654734 2.1809540223330255 1.4500820133835075 2.5523325465619555
leaf_count=5605 61 48 3554 162 59 743 315 20 24 45 376 18 40 182 55 49 1724 25 67 46 23145 76 1557 82 84 60 42 106 71 112
internal_value=-0.000146627 -0.016846 0.0313805 -0.00403273 -0.0273486 0.0454591 0.0252698 -0.00830178 -0.0294284 -0.0294003 0.0514871 -0.0330198 0.0198437 -0.0302604 -0.00323902 0.0308546 -0.0293263 0.00345713 -0.0124122 0.0523374 -0.0305696 -0.0256791 -0.014405 -0.0292729 -0.0301115 0.00447998 -0.0311429 -0.0174271 0.0111511 -0.0206582
internal_weight=1165.14 761.994 403.15 123.254 661.001 279.896 115.629 56.9406 644.802 88.5776 100.993 84.9122 17.2132 639.164 7.36064 2.86488 43.3857 11.2251 6.76605 16.1992 631.803 159.516 39.7677 119.748 118.01 3.41831 42.3002 38.1978 3.63104 34.5668
internal_count=38553 31869 6684 3779 31313 2905 2162 1847 31208 3617 556 3572 180 31184 286 104 1786 140 92 105 30898 7753 1922 5831 5749 144 1766 1846 177 1669
cat_boundaries=0 1
cat_threshold=386
is_linear=0
shrinkage=0.04


Tree=27
num_leaves=31
num_cat=0
split_feature=1 4 16 17 18 2 18 17 11 22 26 2 24 4 18 26 14 14 2 23 26 11 16 13 26 26 22 23 24 2
split_gain=375.154 326.376 86.0979 57.2601 41.743 39.6479 73.7199 52.8021 39.5629 24.6002 20.6421 19.8285 11.1331 10.8185 8.4546 6.03534 4.23224 3.99182 3.18296 2.89902 2.8117 2.3189 2.06816 1.81203 1.59255 3.07645 5.72271 5.27171 2.09436 4.37552
threshold=2.0001107658256259 7.5000000000000009 1.0000000180025095e-35 5.5000000000000009 5.448804361820085 0.38644018000782626 5.390228737737174 5.5000000000000009 0.74546944398548676 0.46597771892742823 0.29493109437780574 0.38644018000782626 0.27358072157480967 10.500000000000002 4.6571820097870811 0.20316285815169824 0.45940432964303174 0.057567838902616519 0.20486995935362989 0.053674029757762927 0.29493109437780574 7.1079828015205058 1.0000000180025095e-35 1.0000000180025095e-35 0.058644547072408383 0.056946337765291406 0.089491208417972382 0.0164492459883827 0.11843572739606358 0.26153698542347598
decision_type=2 2 2 2 2 2 2 2 2 2 2 2 2 2 2 2 2 2 2 2 2 2 2 2 2 2 2 2 2 2
left_child=1 3 4 9 18 6 -4 15 11 20 12 -6 16 14 -3 21 -10 -16 -2 -20 24 23 -5 -8 25 28 -27 -28 -1 -30
right_child=2 13 5 22 8 -7 7 -9 10 -11 -12 -13 -14 -15 17 -17 -18 -19 19 -21 -22 -23 -24 -25 -26 26 27 -29 29 -31
leaf_value=-0.029410618362792077 0.057261714067047623 0.061889818110901558 0.056245943744602497 0.024191184779296486 -0.032687165719944719 0.056655329768665816 -0.034245553863777499 0.058119284075634575 -0.032806091012430247 0.05049879210840804 0.048932443241083465 0.065348435245226655 0.050377642586718258 0.055255300587679121 -0.019833836285916447 0.031206530328173294 0.028091921090651138 0.021422936513541938 -0.011203412137283016 0.041819986249079066 0.0067629075954172072 0.015385762132810572 0.060635587342914951 0.0032485079857588863 -0.033129865846247927 -0.022374778257167778 0.084451960052271832 -0.018671359250966458 -0.019431696650865721 0.046248905304126488
leaf_weight=359.68022943101823 17.814093157649044 4.2630688697099712 61.232414459809661 6.1637667082250092 3.6187447421252754 158.683395171538 39.61264282092452 14.389870896935461 66.149016538634896 5.2753582596778861 5.0878003984689704 13.263972930610178 1.9035059362649907 84.824513524770737 6.2337693739682418 1.8813354074954975 1.1543496157973994 6.8033480606973171 2.6096715442836276 2.3388096150010824 2.9862355627119532 1.132245548069476 8.722126480191946 1.998616276308893 232.34764077141881 5.5508354958146802 0.92239063419401623 0.8431031871587038 15.847366405650973 0.84621337614953596
leaf_count=18161 100 18 320 55 135 838 1692 65 3125 23 25 58 8 388 83 30 10 75 63 33 41 37 42 60 11704 283 47 43 783 41
internal_value=3.69306e-05 -0.0167058 0.0315911 -0.0273242 0.00225732 0.0435227 0.0258681 -0.00606335 -0.00994886 -0.0291946 -0.0225542 0.0436821 -0.0284318 0.0493741 0.0190942 -0.0275801 -0.0313656 0.00168818 0.0495113 0.0166746 -0.0299541 -0.0308218 0.0480179 -0.0324107 -0.0301428 -0.0282525 -0.00224102 0.0462617 -0.0287508 -0.0136766
internal_weight=1134.18 741.31 392.87 639.185 113.94 278.931 120.247 59.0147 91.1774 624.299 74.2947 16.8827 69.2069 102.125 17.3002 44.6248 67.3034 13.0371 22.7626 4.94848 619.024 42.7435 14.8859 41.6113 616.038 383.69 7.31633 1.76549 376.374 16.6936
internal_count=38386 31787 6599 31223 3557 3042 2204 1884 3361 31126 3168 193 3143 564 176 1819 3135 158 196 96 31103 1789 97 1752 31062 19358 373 90 18985 824
is_linear=0
shrinkage=0.04


Tree=28
num_leaves=31
num_cat=0
split_feature=16 3 1 26 26 18 22 2 0 24 13 13 2 1 20 0 9 22 18 26 0 23 19 18 8 18 18 18 26 22
split_gain=362.192 217.783 101.335 92.6098 74.2068 60.1143 55.6851 45.601 22.2175 19.6633 17.4943 14.634 5.67523 4.70783 3.92558 3.88068 2.93121 4.54467 2.79531 3.62915 2.71233 4.34743 4.10583 5.62587 3.53568 2.73782 2.38439 2.25107 2.82311 2.22329
threshold=1.0000000180025095e-35 4.5000000000000009 3.9328621583702881 0.29493109437780574 0.25099253674125416 4.6571820097870811 0.46597771892742823 0.43224372028274155 5.1328346476846276 0.27358072157480967 1.5000000000000002 1.5000000000000002 0.89787599095652937 1.1528749528763615 2.5000000000000004 7.6433387515496944 0.9893816578214113 0.01001867772952709 5.2294131744341534 0.14629603597236426 8.9818139475851435 0.01936150082573557 5.7861932803518732 7.3592714009382032 0.7473550572542752 5.0112796698001896 6.7377500439665514 7.515573151207227 0.12715631650944889 0.053869881742836044
decision_type=2 2 2 2 2 2 2 2 2 2 2 2 2 2 2 2 2 2 2 2 2 2 2 2 2 2 2 2 2 2
left_child=1 3 4 6 5 -2 9 8 -7 10 12 20 14 -5 16 -4 18 -18 19 -1 25 22 -22 26 -23 -10 -24 28 -19 -29
right_child=2 -3 15 13 -6 7 -8 -9 11 -11 -12 -13 -14 -15 -16 -17 17 27 -20 -21 21 24 23 -25 -26 -27 -28 29 -30 -31
leaf_value=-0.018739833415045534 0.052826617184692816 0.055460857664068754 0.022816095030699427 0.017613284141637583 0.060103630952607262 0.047075474886043391 0.053642119913588256 0.056309333303335166 0.016567408144820644 0.050451624074338203 0.053269882116514129 0.052493407915542849 0.034136654608487728 0.061594134496356416 0.031320776617094891 0.054041472451753378 0.036268878317946757 -0.036360506705214367 -0.030489960839533242 0.036046795753995144 -0.016281565307776684 -0.03614076772171599 0.022496124649678859 0.076427782975599864 0.019226017855882835 -0.031829742309363161 -0.029902839112472421 0.033690682549684291 0.021109070991840385 -0.022219981826189089
leaf_weight=15.427033498883249 26.327039200812578 60.132501974701881 8.7086947392672283 6.1630715467035797 38.676091061905026 6.4466537926346055 12.723290622234343 12.895353991538284 1.3366684671491373 4.1857563946396104 3.2601144909858695 2.9133469760417929 1.4660409092903126 18.233092479407787 0.93160770833492179 174.63441957347095 1.8634333442896593 8.0158142168074811 585.44621828012168 1.2593805417418469 6.7902947943657654 12.443753102794288 1.9476110115647318 1.3261504042893646 1.4997992701828469 80.726921806111932 1.6365696787834165 1.4888016954064363 0.93947239220142442 1.1777862906455991
leaf_count=582 142 281 141 56 201 60 59 73 30 25 14 13 15 85 4 1000 66 380 29960 36 286 544 69 49 57 3878 55 49 40 52
internal_value=-0.000241646 -0.0168354 0.0314195 -0.0234704 0.0112502 -0.00114447 -0.0264169 -0.0123975 -0.0203785 -0.0281285 -0.0287382 -0.0246961 -0.0292561 0.0516145 -0.0294619 0.0526901 -0.0296045 -0.0101873 -0.0300218 -0.0128006 -0.0272476 -0.0149899 0.00302451 0.0279598 -0.0292973 -0.0308515 -0.00273355 -0.0199194 -0.0288168 0.00967086
internal_weight=1101.02 722.713 378.309 662.581 194.966 156.29 638.185 129.963 117.068 625.461 621.276 110.621 618.016 24.3962 616.55 183.343 615.618 13.4853 602.133 16.6864 107.708 25.6442 11.7006 4.91033 13.9436 82.0636 3.58418 11.6219 8.95529 2.66659
internal_count=38302 31704 6598 31423 5457 5256 31282 5114 5041 31223 31198 4981 31184 141 31169 1141 31165 587 30578 618 4968 1060 459 173 601 3908 124 521 420 101
is_linear=0
shrinkage=0.04


Tree=29
num_leaves=31
num_cat=1
split_feature=1 4 6 22 17 1 17 12 22 14 26 24 18 4 17 19 14 25 19 22 5 24 19 19 18 9 18 14 14 19
split_gain=334.569 277.242 108.514 97.365 46.2556 44.9037 30.6611 36.4948 24.5286 18.0451 13.3995 12.6655 12.6395 7.02023 18.5755 6.58752 4.91733 2.53367 7.07681 7.5462 4.00357 2.45116 3.41673 2.95611 2.29416 2.2589 2.93807 4.03445 5.98454 1.77365
threshold=2.0001107658256259 7.5000000000000009 0 0.23495650421036066 7.5000000000000009 4.1205382527117882 5.5000000000000009 1.0000000180025095e-35 0.46597771892742823 0.45940432964303174 0.4676905408112913 0.20406521918373799 4.3462688871763069 9.5000000000000018 3.5000000000000004 5.8463452746405364 0.286341146748817 0.024330401086530781 5.6599958596183759 0.019912985542800875 0.69000462968851073 0.044039748919879322 6.2729468150550014 7.3050092782923741 8.0574312423478656 0.99145093642244408 6.8374320554192725 0.045307591829999376 0.12051722099972122 7.5651038178752481
decision_type=2 2 1 2 2 2 2 2 2 2 2 2 2 2 2 2 2 2 2 2 2 2 2 2 2 2 2 2 2 2
left_child=1 4 5 9 8 6 7 12 10 11 17 24 -2 14 -3 16 -14 18 -1 -20 -21 23 -23 -17 29 -19 -27 -28 -29 -4
right_child=2 13 3 -5 -6 -7 -8 -9 -10 -11 -12 -13 15 -15 -16 21 -18 25 19 20 -22 22 -24 -25 -26 26 27 28 -30 -31
leaf_value=-0.035508468764058464 0.04721248644779185 -0.032999251675520841 -0.036944431543638544 0.053621411526387823 0.055645926648281767 0.056956224535709178 0.057285405654661073 0.053719765323255099 0.049202632225767158 0.044683209079727691 0.069980093355177242 0.045366323637623149 -0.033842894769329945 0.051877193331888477 0.065066789313290116 -0.019835637330000735 0.030751094719567083 -0.030110504695242683 0.079153471372350778 0.038494778754695258 -0.030755112877194117 0.045020777230320962 -0.0049758349563692895 0.025715356417323001 0.0025518833609917508 -0.030975129779899146 -0.025369023294375709 0.078678652922713421 -0.021053452274978981 0.0022647587048170953
leaf_weight=6.6808188296854478 4.4992062821984282 5.4935365952551347 72.437657354399562 32.223683953285217 9.7967441231012327 167.46590805612504 27.339878395199776 18.722751557826996 5.6016604155302039 4.4133623130619517 1.2630152851343144 2.4595219176262608 24.964850362390283 80.064576879143715 4.978350892663002 9.370204960927369 1.2724145390093315 570.14059187285602 1.3396003413945434 1.0272197201848028 3.0438551194965839 2.9155398029834023 4.5574702210724354 2.0013132747262707 2.4231643788516513 3.0925365462899199 1.6295292451977728 1.3478346206247809 1.0578462351113556 1.7785656694322813
leaf_count=340 23 127 3397 179 44 843 128 139 25 45 6 19 1098 378 25 389 12 30312 63 51 155 74 136 53 94 141 74 58 47 65
internal_value=-0.000639079 -0.017087 0.029568 -0.00408527 -0.0268513 0.0428626 0.0222866 0.00765318 -0.0282977 -0.0272061 -0.0291147 -0.031725 -0.0104606 0.047851 0.0152294 -0.0171161 -0.0296963 -0.0294452 -0.0102264 0.0216601 -0.00913649 0.00101327 0.0175413 -0.0103884 -0.0347515 -0.0298294 -0.00640716 0.0148338 0.0415188 -0.0359872
internal_weight=1075.4 696.558 378.845 115.736 606.021 263.11 95.6436 68.3038 596.225 83.5123 590.623 79.0989 49.581 90.5365 10.4719 45.0818 26.2373 589.36 12.0915 5.41068 4.07107 18.8445 7.47301 11.3715 76.6394 577.268 7.12775 4.03521 2.40568 74.2162
internal_count=38540 31846 6694 3799 31316 2895 2052 1924 31272 3620 31247 3575 1785 530 152 1762 1110 31241 609 269 206 652 210 442 3556 30632 320 179 105 3462
cat_boundaries=0 1
cat_threshold=386
is_linear=0
shrinkage=0.04


Tree=30
num_leaves=31
num_cat=0
split_feature=16 4 2 18 17 22 26 4 25 17 2 26 24 25 4 18 26 14 26 11 14 11 22 22 25 11 15 8 8 24
split_gain=319.178 255.359 94.283 124.298 69.2244 49.6299 39.4942 24.3759 23.2367 12.0023 10.8416 10.0735 5.45103 5.2953 4.89764 3.57463 5.56686 2.86372 2.66663 3.08268 2.78274 2.96811 2.18217 2.01541 2.00293 1.86569 1.80716 1.6459 3.22801 4.18649
threshold=1.0000000180025095e-35 8.5000000000000018 0.38644018000782626 5.390228737737174 5.5000000000000009 0.46597771892742823 0.4676905408112913 10.500000000000002 0.63750947092527643 12.500000000000002 0.38644018000782626 0.25099253674125416 0.27358072157480967 0.2265231447173944 11.500000000000002 4.6571820097870811 0.14629603597236426 0.53217592904703948 0.0020501932247135881 6.0818561941709781 0.0025419795798415899 5.4530152559409926 0.065103097817721486 0.075421358798877347 0.14990340452914572 7.1609288894450023 8.5633953494331561 -0.99150629425446035 -0.99362503664025026 0.02115790261871996
decision_type=2 2 2 2 2 2 2 2 2 2 2 2 2 2 2 2 2 2 2 2 2 2 2 2 2 2 2 2 2 2
left_child=1 5 3 15 7 6 8 11 9 12 23 18 17 24 -3 -2 -17 22 19 -5 21 -20 27 -10 -4 -22 -24 28 -1 -30
right_child=2 14 13 4 -6 -7 -8 -9 10 -11 -12 -13 -14 -15 -16 16 -18 -19 20 -21 25 -23 26 -25 -26 -27 -28 -29 29 -31
leaf_value=-0.022424931880633953 0.055509891168640267 0.027662119548845027 -0.0073729634564744153 -0.023529876355352416 0.053387103495517271 0.051270331095052815 0.057443483378146899 0.045793186913144081 -0.03182247357336751 0.048112500930239083 0.055301014828259783 0.040213651396768968 0.033513354883887854 0.054646133964573969 0.054316312393725252 -0.0072551735637780539 0.050209732656310256 0.016937000318131085 0.044575973054854119 0.04590331077888106 -0.033390111089812706 -0.023378581835030415 -0.034370853679855505 0.018318158812230836 0.032731130203628847 0.0073223256072313314 0.005062208211332 -0.028812643576589379 -0.02424239224919102 0.049293013257058704
leaf_weight=18.607526365667585 67.765613375231624 17.361798793077469 3.1477025505155316 1.3556372188031667 21.19804996997118 12.345943555235861 7.8330277800559989 6.6408799141645423 3.5022900979965907 2.3258692920207968 6.8654825389385223 2.4761573318392029 1.3916946835815895 150.3256869930774 65.458344623446465 4.4595262762159091 5.0613685995340347 1.4825269505381573 0.88204766996204798 0.85093862935900677 96.904193276539445 1.3350526411086319 188.86048958264291 1.0431943181902168 3.3061748947948217 1.5020653158426274 1.6354779340326775 358.86174543760717 1.469020809978246 1.6737553458660839
leaf_count=1015 347 87 70 65 103 60 36 31 176 10 31 34 11 773 320 119 29 10 41 35 4846 64 10248 54 42 64 90 19474 82 93
internal_value=-0.000362085 -0.0163766 0.0297235 0.0121307 -0.0113093 -0.0253666 -0.0270386 -0.0239243 -0.0282602 -0.0293889 0.0265187 -0.0287103 -0.029786 0.0531104 0.0491254 0.0521406 0.0251623 -0.0299981 -0.0307413 0.00921118 -0.0316995 0.00910879 -0.0301493 -0.019087 0.0148064 -0.0327013 -0.0340076 -0.0281341 -0.0161648 0.0173658
internal_weight=1057.93 690.718 367.211 210.432 133.145 607.898 595.552 111.947 587.719 576.308 11.411 105.306 573.982 156.78 82.8201 77.2865 9.52089 572.591 102.83 2.20658 100.623 2.2171 571.108 4.54548 6.45388 98.4063 190.496 380.612 21.7503 3.14278
internal_count=38460 31797 6663 5778 5283 31390 31330 5180 31294 31033 261 5149 31023 885 407 495 148 31012 5115 100 5015 105 31002 230 112 4910 10338 20664 1190 175
is_linear=0
shrinkage=0.04


Tree=31
num_leaves=31
num_cat=1
split_feature=1 3 17 6 18 1 18 17 12 14 26 18 20 26 20 18 11 19 14 19 9 16 1 21 18 14 24 5 15 1
split_gain=299.346 210.052 100.278 84.553 79.2721 37.668 28.9544 24.8244 27.9931 24.5971 13.0039 10.9773 9.45533 5.73021 5.14754 3.13461 3.41572 2.82086 2.77759 2.73486 2.66923 2.95077 2.12106 1.83991 1.83134 1.66548 2.98895 1.84129 2.95345 2.06654
threshold=1.8951034886086171 4.5000000000000009 5.5000000000000009 0 3.6021870837399188 4.1205382527117882 3.6021870837399188 5.5000000000000009 1.0000000180025095e-35 0.45940432964303174 0.4676905408112913 4.3462688871763069 2.5000000000000004 0.4676905408112913 1.5000000000000002 8.0304782403973416 5.4725137063857501 5.8463452746405364 0.14982850896642519 7.5651038178752481 -0.99769652536705145 1.0000000180025095e-35 1.9442303477643728 1.0000000180025095e-35 7.236504356414561 0.0045730003559401522 0.026363734155796178 0.73867875452928455 1.6616510530082762 0.17763825408782005
decision_type=2 2 2 1 2 2 2 2 2 2 2 2 2 2 2 2 2 2 2 2 2 2 2 2 2 2 2 2 2 2
left_child=1 2 6 5 -5 7 -1 8 11 12 25 -2 15 14 17 19 -17 18 -13 22 -19 -22 -6 -24 -16 26 27 28 -8 -29
right_child=3 -3 -4 4 9 -7 10 -9 -10 -11 -12 13 -14 -15 24 16 -18 20 -20 -21 21 -23 23 -25 -26 -27 -28 29 -30 -31
leaf_value=0.046271046656365042 0.051501018756425675 0.052759319176832568 0.047499873916262106 0.054350527732021744 0.010031959009656534 0.054853662250652246 -0.021077276563939682 0.054482546757411508 0.05297097162777651 0.049076919097092928 0.060450363577262863 -0.030707035530180903 0.048795407289758085 0.047308422498804119 0.00052121706481743607 0.04302219794443328 -0.024981479105149536 0.036480170992987636 0.0067547192158865822 0.012527250279996191 0.030361199557334989 -0.015741956434178122 -0.034882414866464657 0.010423910725228802 0.054813610435439877 -0.029821751921034274 -0.031085065858861012 -0.026959217754629963 0.043991126421739545 0.0090589799147318753
leaf_weight=7.4510956220328799 4.0005933791398993 62.013710677623749 28.85344010591507 28.663526691496372 1.3779640160500992 152.07864099927247 1.0703363064676552 26.770376980304718 16.726278664544225 6.3297170605510464 1.6977604180574406 22.109834354370836 1.6307591497898091 1.6298924684524525 1.8443685751408332 1.2437114790081971 1.5543344877660272 1.2464134134352232 3.2963727172464123 1.6816850397735823 1.6281119342893369 15.384314425289631 68.658922370523214 1.050124954432248 1.2065243385732172 527.96780205704272 11.408597163856028 4.8481632899492961 1.839925358071923 3.830647885799408
leaf_count=45 20 309 169 143 78 805 58 131 128 50 8 1025 7 7 51 43 69 30 110 58 74 575 3401 33 34 29577 622 263 97 205
internal_value=-0.000531455 -0.0167127 -0.0241046 0.0286849 -0.00176974 0.0408482 -0.0278712 0.0225062 0.00951251 -0.0216527 -0.0289526 -0.00510645 -0.0280055 -0.0107394 -0.0137137 -0.0302786 0.00861452 -0.0173915 -0.0257748 -0.0318706 -0.00499402 -0.0098892 -0.0330801 -0.0340621 0.030223 -0.0293371 -0.0174321 -0.00259008 0.02079 -0.0117681
internal_weight=1011.09 650.981 588.968 360.112 112.191 247.922 560.114 95.8431 69.0727 83.5272 552.663 52.3464 77.1975 48.3458 46.7159 75.5667 2.79805 43.665 25.4062 72.7687 18.2588 17.0124 71.087 69.709 3.05089 550.965 22.9977 11.5891 2.91026 8.67881
internal_count=38225 31353 31044 6872 3882 2990 30875 2185 2054 3739 30830 1926 3689 1906 1899 3682 112 1814 1135 3570 679 649 3512 3434 85 30822 1245 623 155 468
cat_boundaries=0 1
cat_threshold=386
is_linear=0
shrinkage=0.04


Tree=32
num_leaves=31
num_cat=1
split_feature=1 4 6 18 2 17 17 18 18 14 24 4 17 0 11 1 0 1 0 23 13 11 18 18 4 4 1 14 11 26
split_gain=284.899 248.591 86.8371 89.045 40.634 70.3186 39.376 21.4594 20.8618 19.5324 10.5274 7.05494 19.271 11.4588 4.82712 3.8108 2.88624 4.87051 4.68897 3.17655 2.84753 2.62477 2.34337 2.43164 2.3425 2.12337 1.92316 2.23628 2.064 3.46061
threshold=1.8951034886086171 7.5000000000000009 0 3.6021870837399188 0.38644018000782626 3.5000000000000004 5.5000000000000009 3.6021870837399188 3.6021870837399188 0.45940432964303174 0.20406521918373799 11.500000000000002 3.5000000000000004 5.0152503880811024 0.28923565758574049 1.9442303477643728 9.8007481623513417 0.57395252082223458 10.291519648892304 0.020093244052895528 1.0000000180025095e-35 7.1079828015205058 8.0304782403973416 8.1159665993017551 2.5000000000000004 6.5000000000000009 2.1290877930167644 0.0041565627189478005 5.7746016582322026 0.059222401994216939
decision_type=2 2 1 2 2 2 2 2 2 2 2 2 2 2 2 2 2 2 2 2 2 2 2 2 2 2 2 2 2 2
left_child=1 6 4 -4 5 7 8 -2 -1 10 14 12 13 -3 -5 24 -10 -18 19 -19 -8 26 25 -24 -16 -17 28 -28 29 -9
right_child=2 11 3 9 -6 -7 20 21 16 -11 -12 -13 -14 -15 15 22 17 18 -20 -21 -22 -23 23 -25 -26 -27 27 -29 -30 -31
leaf_value=0.039059085357095034 0.047261147922754432 0.041282399126060909 0.053462755495999915 0.033170909027400053 0.055919866826097939 0.05233879909762696 0.018241420535699542 -0.020973207969217325 -0.02897720667868443 0.041725595296909494 0.042893640563470462 0.052055151641928775 0.057552368950327858 -0.041737999788379526 0.046538637005672109 -0.036117573331175608 -0.032156691869710395 0.077631251478390409 -0.023871102046698064 -0.0024460253685898944 0.058713099919526418 0.023237014046702868 0.0324238265099649 -0.024993259202620362 -0.019031335314982325 0.0075677543210874477 0.011519636229375746 -0.034853231292936014 -0.023963348200380107 0.056159379547132807
leaf_weight=6.5603161230683318 6.4135578423738471 3.0258344970643538 32.926384292542934 1.074987344443797 147.54076374694705 54.033214278519154 6.6203292496502382 1.0594059508293856 522.94956489652395 6.0397414974868289 2.366622991859912 67.608284696936607 11.437612708657978 7.1258042566478252 0.84129708632826694 70.310581884346902 3.726066416129469 1.3607091363519437 1.391042800620198 1.1039189100265501 6.3011802807450294 0.88130396977066894 1.1891867034137242 1.5642273798584936 0.87612305209040642 1.5023278724402178 1.3027602266520286 30.206232270225883 2.5052794981747866 0.90141348540782917
leaf_count=42 33 15 169 12 755 316 62 58 30424 62 19 346 55 136 46 3587 200 52 59 54 31 34 49 72 49 49 57 1446 121 37
internal_value=8.37528e-05 -0.0159889 0.028311 -0.00138002 0.041038 0.0223079 -0.0260439 -0.0155281 -0.0277243 -0.0229675 -0.0283246 0.045614 0.0240316 -0.0155097 -0.031023 -0.0323451 -0.0286221 -0.00360451 0.0249279 0.0514106 0.0407772 -0.0274142 -0.0337417 0.00183657 0.0183948 -0.0351123 -0.0292499 -0.0326405 -0.00373363 0.0214771
internal_weight=1002.75 639.211 363.535 118.691 244.844 97.3032 550.013 43.27 537.092 85.7651 79.7254 89.1975 21.5893 10.1516 77.3587 76.2837 530.531 7.58174 3.85567 2.46463 12.9215 36.8564 74.5663 2.75341 1.71742 71.8129 35.9751 31.509 4.4661 1.96082
internal_count=38447 31476 6971 4114 2857 2102 30924 1786 30831 3945 3883 552 206 151 3864 3852 30789 365 165 106 93 1753 3757 121 95 3636 1719 1503 216 95
cat_boundaries=0 1
cat_threshold=384
is_linear=0
shrinkage=0.04


Tree=33
num_leaves=31
num_cat=1
split_feature=6 18 2 17 3 3 18 25 1 16 17 18 17 23 5 9 14 25 9 0 1 24 8 9 11 11 15 25 24 9
split_gain=256.086 117.162 111.371 126.203 141.755 64.9374 39.1186 24.9851 8.43455 7.84309 3.22626 6.3832 2.84921 2.72987 2.56809 4.00264 3.54467 2.33802 3.79809 3.60226 2.47203 4.00264 2.59974 5.92365 5.16557 4.01865 3.82932 3.38329 2.22986 2.18115
threshold=0 3.6021870837399188 0.38644018000782626 3.5000000000000004 4.5000000000000009 4.5000000000000009 3.6021870837399188 0.23594053893251976 0.13146246906915623 1.0000000180025095e-35 5.5000000000000009 5.390228737737174 7.5000000000000009 0.02952972848019253 0.36667132757924481 -0.33850247812335116 0.05703816364689477 0.026944698899019248 -0.88460701095278482 7.6900726415678351 -2.0628564972115631 0.038320039631595547 -0.97761904580248971 -0.12331816132072869 3.9412572255827971 5.3525823824753616 2.3542798554395685 0.16206002974861064 0.00015979513640935013 -0.9985731413822142
decision_type=1 2 2 2 2 2 2 2 2 2 2 2 2 2 2 2 2 2 2 2 2 2 2 2 2 2 2 2 2 2
left_child=2 -2 3 4 6 13 -1 9 12 -4 11 -10 -5 28 15 -15 -17 18 19 -8 21 -19 23 25 -25 -22 27 -27 -3 -24
right_child=1 5 7 8 -6 -7 17 -9 10 -11 -12 -13 -14 14 -16 16 -18 20 -20 -21 22 -23 29 24 -26 26 -28 -29 -30 -31
leaf_value=0.050682559963930604 0.051599596660201946 0.01995362109423859 -0.031061706640125988 -0.020222024286729826 0.053229314668156988 0.050930901221899277 -0.01713814914294878 0.052380839076874512 0.058045168754141674 0.028577794356641636 0.054688595985164512 0.0054263579294104546 0.033318875559339454 -0.029129497461179252 -0.033975953599214508 0.068315919639167902 -0.017588484822705946 -0.024380626277165848 -0.022652575421285206 0.071037694246821215 -0.022204016927917083 0.056332298390450064 -0.0052330101367194393 0.03655551119032141 -0.034169595857160048 0.099716362251281568 -0.016356057188199623 0.0024111391172270732 -0.026438527186379197 -0.031361311736963514
leaf_weight=9.9190862886607629 32.378750786185265 0.9902515709400167 7.3116993876174075 3.6123082712292662 47.504993706941605 15.964990189298986 0.72673584055155493 148.02350242622197 6.0019215997308484 5.1596236359328032 68.832735538482666 8.2837095642462355 1.4300259351730344 2.5174692887812853 171.21384905651212 0.83404795266687759 0.75940082874149084 1.4948629122227424 3.4312089160084716 0.79546624235808849 1.1955220783129328 0.65629128180444229 5.7453863080590954 1.0791345741599787 11.090999532490967 0.99845161195844434 0.67185205034911621 0.87191315740346909 257.74695061706007 152.74156303796917
leaf_count=52 175 60 429 152 248 84 42 941 31 57 346 244 7 150 9937 41 43 90 187 43 68 40 307 61 630 57 40 52 15079 8664
internal_value=1.27748e-05 -0.0204174 0.0202304 0.00720126 -0.00792308 -0.0261545 -0.0232972 0.0478271 0.0478188 -0.00609792 0.0508315 0.0298846 -0.00203638 -0.0291003 -0.0332298 -0.00158731 0.0363799 -0.0275959 -0.000407425 0.0388362 -0.0283521 0.0103062 -0.028885 -0.0123873 -0.0255989 0.0269532 0.0498126 0.0709986 -0.0261848 -0.0304529
internal_weight=969.985 482.406 487.579 327.084 238.923 450.027 191.418 160.495 88.1607 12.4713 83.1184 14.2856 5.04233 434.062 175.325 4.11092 1.59345 181.499 4.95341 1.5222 176.546 2.15115 174.395 15.9079 12.1701 3.73774 2.54222 1.87036 258.737 158.487
internal_count=38357 25569 12788 11361 10581 25394 10333 1427 780 486 621 275 159 25310 10171 234 84 10281 272 85 10009 130 9879 908 691 217 149 109 15139 8971
cat_boundaries=0 1
cat_threshold=464
is_linear=0
shrinkage=0.04


Tree=34
num_leaves=31
num_cat=1
split_feature=6 18 2 4 18 3 17 25 16 17 3 25 9 15 22 18 8 9 14 19 8 15 15 25 9 0 0 9 24 24
split_gain=258.985 107.243 104.846 164.105 62.0598 57.4361 26.4013 24.4301 9.05882 5.00869 32.6329 4.3514 2.75139 3.65744 3.69651 3.46581 2.73004 3.83006 3.64283 3.34307 3.33237 2.79182 3.20747 2.59645 3.42723 3.48694 2.53234 2.4712 3.99427 2.46532
threshold=0 3.6021870837399188 0.40903857802802651 5.5000000000000009 5.2294131744341534 6.5000000000000009 6.5000000000000009 0.24400377351190172 1.0000000180025095e-35 2.5000000000000004 4.5000000000000009 0.63750947092527643 0.9822935704606458 1.1115073944991385 0.047162923836351893 7.515573151207227 -0.77422340276610335 -0.61201340120222192 0.0041565627189478005 7.3594723674648685 -0.95307953666290923 0.31251298149041679 0.21524172454045185 0.026944698899019248 -0.8813525714992726 7.6900726415678351 7.5236860662201179 -0.9985731413822142 0.078787224802367425 0.027599018426620613
decision_type=1 2 2 2 2 2 2 2 2 2 2 2 2 2 2 2 2 2 2 2 2 2 2 2 2 2 2 2 2 2
left_child=2 -2 3 4 26 12 11 8 -4 10 -5 16 -3 14 -14 -15 17 -6 20 21 -19 22 -20 24 25 -18 -1 28 -25 -21
right_child=1 5 7 9 6 -7 -8 -9 -10 -11 -12 -13 13 15 -16 -17 23 18 19 29 -22 -23 -24 27 -26 -27 -28 -29 -30 -31
leaf_value=0.0096083719135806774 0.050065251727528209 -0.029852489460963718 -0.031528442170392586 -0.030844820234374144 0.037355005399243517 0.050018691121666896 0.046492139351967485 0.051689020662648584 0.030905458406465417 0.053893809490973339 0.050964151287532275 0.021439059446826267 0.06674317185729281 -0.031278233749719796 -0.018576290193105246 0.01797468097649884 -0.017603368162337044 -0.02034332860198702 -0.02102204749259284 0.055242061771965965 0.054767094155796142 -0.026291405438592819 0.055146125272303177 -0.019713000813850214 -0.026986550876914265 0.067254839172064082 0.045716850772801458 -0.031970864043111363 0.048981884103008168 -0.017057221465017033
leaf_weight=4.2598804831504848 30.305205710232258 415.7554126624018 7.6071091564372164 9.0618656836450082 1.0586406346410502 14.23815782368183 7.6363303884863845 145.55761649087071 5.5638919658958912 64.803042924031615 37.521087571978569 2.3977479673922053 0.86627789773046859 7.4981823861598951 0.83419336285442114 2.3833204722031951 0.76114918850362323 0.9933752249926332 1.0636577168479551 0.67505661025643238 1.1003059949725855 43.129204153083265 0.6767208483070134 4.5911026773974291 1.9614505050703872 0.85777380131185055 23.778459900990129 112.03492980170995 0.79112887568771828 0.71988333575427532
leaf_count=112 169 24939 444 382 63 76 38 923 55 385 201 65 42 411 46 111 44 53 62 41 58 2545 41 248 112 43 225 6586 44 41
internal_value=-0.000400661 -0.0211775 0.0201081 0.00728657 -0.0136579 -0.0266474 -0.02229 0.0469979 -0.00483443 0.0462621 0.0347359 -0.0255794 -0.0293126 -0.00910074 0.0335085 -0.0188388 -0.0263621 -0.017783 -0.0197224 -0.0221718 0.0240735 -0.0242238 0.0179108 -0.0296915 0.00306149 0.0358705 0.0407507 -0.0307076 -0.00352299 0.0263878
internal_weight=950.482 471.881 478.601 319.873 208.487 441.576 180.448 158.729 13.171 111.386 46.583 172.812 427.337 11.582 1.70047 9.8815 170.414 49.4168 48.3582 46.2645 2.09368 44.8696 1.74038 120.998 3.58037 1.61892 28.0383 117.417 5.38223 1.39494
internal_count=38605 25794 12811 11389 10421 25625 10084 1422 499 968 583 10046 25549 610 88 522 9981 2904 2841 2730 111 2648 103 7077 199 87 337 6878 292 82
cat_boundaries=0 1
cat_threshold=464
is_linear=0
shrinkage=0.04


Tree=35
num_leaves=31
num_cat=0
split_feature=16 3 2 18 17 17 22 25 3 26 1 26 0 25 18 26 13 18 1 18 1 18 9 22 26 18 25 25 22 18
split_gain=245.665 152.638 67.8807 90.5791 63.122 51.6392 41.5405 25.1554 13.9803 14.7414 11.4916 8.78718 5.82219 4.80798 4.72607 6.07882 4.17597 4.09624 4.18843 3.48835 3.44317 3.25704 2.86366 3.9654 2.33288 2.68241 3.02808 2.16862 4.09646 4.66155
threshold=1.0000000180025095e-35 4.5000000000000009 0.38644018000782626 5.0112796698001896 6.5000000000000009 5.5000000000000009 0.46597771892742823 0.63750947092527643 4.5000000000000009 0.25099253674125416 2.0632641511959977 0.4676905408112913 8.9818139475851435 0.2187703176286982 7.1981766457573508 0.0090211988342887763 1.5000000000000002 7.4910115712580057 1.5071971332720719 5.8352079565182349 11.864712021926517 7.3592714009382032 0.9893816578214113 0.01001867772952709 0.12715631650944889 7.515573151207227 0.24072663566205191 0.091717695308673922 0.064446826520855718 7.4218096235967392
decision_type=2 2 2 2 2 2 2 2 2 2 2 2 2 2 2 2 2 2 2 2 2 2 2 2 2 2 2 2 2 2
left_child=1 4 3 -2 6 8 7 11 9 12 -9 16 -5 -4 19 -16 20 18 -17 -14 22 -20 27 -24 25 -25 -27 28 29 -1
right_child=2 -3 13 5 -6 -7 -8 10 -10 -11 -12 -13 14 -15 15 17 -18 -19 21 -21 -22 -23 23 24 -26 26 -28 -29 -30 -31
leaf_value=-0.022199849999916581 0.048343095507855545 0.049683644767982753 0.013267452740089237 -0.032907297615236461 0.047974800341771061 0.047922450742886195 0.047576267150134133 -0.024199661137964117 0.043659040209911203 0.050986255708271318 0.052786915428809193 0.047046392323752378 0.023726324562663024 0.050648324824341236 0.07362189251768414 -0.0219592817322792 0.033879851089559786 -0.025736823535516002 -0.0012252138537228539 -0.030975443216754456 0.014178072796653816 0.085785207393905341 0.038144419099726712 -0.035590774496809224 0.021424917711116449 -0.023169020415120079 0.047111559119547661 -0.02995591165141644 -0.034165072368887939 0.002796629799551361
leaf_weight=49.758483841083944 68.358630975708365 51.830798298120499 6.6231796462088814 70.409273833967745 19.242792442440987 20.050363231450319 11.730576083064078 3.8892420921474686 4.1994057297706595 3.1058148443698874 8.5286440439522249 1.6689720004796971 1.4465721054002667 131.69547635503113 1.1012777974829058 1.1697857705876233 0.96354115009307761 4.3632747381925583 1.0375404525548217 11.116827087476848 2.5470399204641572 0.89459947496652592 1.5391009282320727 6.8820842364802939 1.3193291202187527 1.2142436439171436 0.82608591578900803 388.96331072971225 32.56576454360038 15.336388067342339
leaf_count=3079 423 285 114 4053 99 107 64 230 22 34 48 8 57 762 50 68 4 240 52 588 41 41 67 392 53 53 37 24182 1995 938
internal_value=-0.000106141 -0.0153053 0.02781 0.0120052 -0.021543 -0.0091162 -0.0241637 -0.0258835 -0.0210505 -0.0243481 0.0286684 -0.0272829 -0.0274274 0.0489665 -0.00850544 0.01349 -0.0276231 -0.00302986 0.0273982 -0.0233921 -0.0278086 0.0545786 -0.0280512 -0.00776612 -0.0174448 -0.0247724 0.0114224 -0.0285253 -0.0225817 -0.0163575
internal_weight=924.378 598.806 325.572 187.253 546.976 118.895 527.733 516.002 98.8444 94.645 12.4179 503.584 91.5392 138.319 21.1299 8.56648 501.915 7.4652 3.10193 12.5634 500.952 1.93214 498.405 11.7808 10.2417 8.92241 2.04033 486.624 97.6606 65.0949
internal_count=38186 31575 6611 5735 31290 5312 31191 31127 5205 5183 278 30849 5149 876 1096 451 30841 401 161 645 30837 93 30796 602 535 482 90 30194 6012 4017
is_linear=0
shrinkage=0.04


Tree=36
num_leaves=31
num_cat=1
split_feature=6 18 2 4 18 4 17 25 16 8 4 22 4 17 5 25 18 14 18 5 22 19 17 22 9 18 18 22 14 24
split_gain=233.608 94.6204 92.7086 159.688 54.9953 52.3022 23.2448 20.3248 8.74642 3.76175 6.01346 8.37305 3.7315 5.51605 3.2466 3.23535 5.98123 3.23413 5.20624 4.01514 3.74399 3.19921 2.91577 10.3028 2.73548 2.62107 3.83594 2.36479 2.36384 2.11147
threshold=0 3.6021870837399188 0.38644018000782626 5.5000000000000009 5.2294131744341534 11.500000000000002 6.5000000000000009 0.23594053893251976 1.0000000180025095e-35 -0.77422340276610335 4.5000000000000009 0.024544026352907727 6.5000000000000009 2.5000000000000004 0.4855305652690316 0.36453956461303844 7.3658448247035144 0.038682269184374542 7.1726516286033988 0.69000462968851073 0.0053768082087851604 5.7386758245831828 3.5000000000000004 0.26751059843181363 0.9893816578214113 7.6091750707130101 7.8126840879350947 0.034996789012153993 0.0029737071515205681 0.14091990189930997
decision_type=1 2 2 2 2 2 2 2 2 2 2 2 2 2 2 2 2 2 2 2 2 2 2 2 2 2 2 2 2 2
left_child=2 -2 3 4 22 14 9 8 -4 10 17 -12 13 -5 15 24 -17 18 28 27 21 -19 23 -1 29 -21 -27 -20 -6 -3
right_child=1 5 7 12 6 -7 -8 -9 -10 -11 11 -13 -14 -15 -16 16 -18 20 19 25 -22 -23 -24 -25 -26 26 -28 -29 -30 -31
leaf_value=-0.017794301775921416 0.048281936280020976 -0.025216926439066256 -0.0307678524741908 -0.0089501597136722472 0.022042348583817369 0.04613386610332823 0.044960249531246187 0.050211430081575963 0.032460455154920069 -0.029760884598144806 0.085510043437122235 -0.016949653654793406 0.048719166191305181 0.04319623222949602 -0.029657102716364108 -0.018863553019791802 0.064290618689616622 -0.020159077820929096 0.0010561075597288613 -0.021739422461688931 -0.032739668767149004 0.057780387039165992 0.05284468187593297 0.047612431559146441 0.032802455450525562 0.062141541342631675 -0.020283103564023661 0.081384382728309765 -0.029256274215139443 0.020959099252276223
leaf_weight=5.4989569773897555 28.567127861082554 24.785671310499321 7.0012248400598747 5.0415137885138375 0.92210326250642793 14.68674214184284 6.8921907469630233 137.35580235719681 5.2310886718332767 114.87333910726011 1.2156351907178753 2.3926430679857731 96.940201777033508 6.8404435068368912 371.71197462454438 2.6971797617152329 1.2870563706383107 0.97915244847536331 0.87249189522117265 3.2164254309609532 24.180966258980334 0.63143152091652155 11.982115369290112 9.2420568987727147 0.63989809341728587 0.95189226418733575 0.99341899622231722 0.97163015604019165 9.5265077268704754 0.95710037928074498
leaf_count=204 168 1558 435 268 50 83 35 922 53 7097 67 146 637 70 23495 167 74 60 43 186 1506 38 65 52 31 60 62 59 595 57
internal_value=-0.000231997 -0.0205561 0.0197344 0.00743366 -0.014198 -0.025871 -0.0226726 0.0458411 -0.00331889 -0.0258134 -0.0157156 0.0286343 0.0460396 0.0220933 -0.028609 -0.0152431 0.0155078 -0.0199795 -0.00617536 0.0189406 -0.0287423 0.0208256 0.0381645 0.0236328 -0.0202838 -0.00175304 0.0274541 0.0571134 -0.0231992 -0.0227806
internal_weight=899.086 445.333 453.753 304.165 195.343 416.766 168.62 149.588 12.2323 161.728 46.8543 3.60828 108.822 11.882 402.079 30.3669 3.98424 43.246 17.4545 7.00586 25.7916 1.61058 26.7231 14.741 26.3827 5.16174 1.94531 1.84412 10.4486 25.7428
internal_count=38343 25633 12710 11300 10325 25465 10004 1410 488 9969 2872 213 975 338 25382 1887 241 2659 1055 410 1604 98 321 256 1646 308 122 102 645 1615
cat_boundaries=0 1
cat_threshold=464
is_linear=0
shrinkage=0.04


Tree=37
num_leaves=31
num_cat=1
split_feature=6 22 1 3 4 2 26 18 20 24 9 22 2 4 26 26 2 23 23 18 18 4 2 2 11 18 19 11 8 26
split_gain=214.838 113.595 103.364 95.6064 94.2033 47.7021 36.158 17.4882 10.4829 4.49785 3.98364 4.21975 2.82065 2.75719 5.41906 2.60854 3.81299 7.84688 6.55103 6.10276 8.41365 4.9544 5.64507 4.91796 3.0162 4.03685 2.93716 3.14609 2.36661 2.34115
threshold=0 0.26751059843181363 4.1205382527117882 5.5000000000000009 5.5000000000000009 0.40903857802802651 0.29493109437780574 4.3462688871763069 2.5000000000000004 0.20406521918373799 0.9822935704606458 0.01001867772952709 0.18244077042382659 7.5000000000000009 0.039146278891834814 0.021305254679205719 0.054079052351534172 0.0088276629994095343 0.091786958362344642 7.4601746356365437 7.6091750707130101 3.5000000000000004 0.025691864227297183 0.024570628360831622 0.74546944398548676 7.4910115712580057 6.9304612103258458 5.6552409998975532 -0.99263145739809933 0.4676905408112913
decision_type=1 2 2 2 2 2 2 2 2 2 2 2 2 2 2 2 2 2 2 2 2 2 2 2 2 2 2 2 2 2
left_child=2 3 4 8 5 6 7 -1 9 10 15 -12 -11 14 -6 16 17 19 26 21 -21 -2 -23 -20 25 -18 28 -28 -19 -17
right_child=1 -3 -4 -5 13 -7 -8 -9 -10 12 11 -13 -14 -15 -16 29 24 18 23 20 -22 22 -24 -25 -26 -27 27 -29 -30 -31
leaf_value=0.034978395013619851 -0.021342390667633489 0.048613271898995003 0.05073388250481875 0.048326366910227188 -0.012561790967166878 0.050638897278166117 0.050830281815757099 -0.025290872378025422 0.046128605899876378 -0.018396939093638726 0.044882247906827724 -0.014520724773011933 0.041352366868488415 0.048322581331504487 0.039256997861805351 -0.031143231997809696 -0.017921869393331451 0.013911937523847182 -0.021015993135314732 0.1253932770550098 -0.0056869153359920752 -0.019965755666811101 0.082852147096501322 0.069524759585341239 -0.030306665790790693 0.058631067172713561 0.050524760174604617 -0.022167478312579498 -0.034469996157819684 0.022754570941867402
leaf_weight=7.3150726016610852 5.2571875965222699 37.547105671837926 135.37549188360572 27.442017242312431 3.8581981239840379 18.054064158350229 10.879175085574387 134.75062049087137 2.2156919986009589 1.5659932214766734 1.3375447317957867 9.6831262875348312 1.7015803232789037 60.310840921476483 11.076402760110794 307.82487278711051 2.5352758793160315 1.2108425246551693 1.0721953446045511 0.69023755006492127 1.3070122599601743 0.96691760420799233 0.94361942075192928 1.1826854748651383 69.292500711046159 0.61815872229635704 0.76226765010505815 1.2011572504416106 24.012662107124928 0.6268894374370565
leaf_count=59 354 284 817 159 182 111 65 8359 10 83 58 553 23 364 215 19839 155 78 72 45 85 65 56 74 4456 40 51 80 1571 3
internal_value=-4.93441e-05 -0.0171183 0.0222121 -0.0229054 0.00728853 -0.00914951 -0.0164902 -0.0219648 -0.027489 -0.0279702 -0.0283315 -0.00417718 0.0151164 0.0442748 0.0259219 -0.0289546 -0.0231566 -0.0125216 -0.0224357 0.0184008 0.0663357 -0.00144242 0.0418349 0.0332428 -0.0285763 0.00758785 -0.0280692 0.0135802 -0.0317055 -0.0309605
internal_weight=882.617 500.998 381.62 463.45 246.244 170.999 152.945 142.066 436.008 433.793 430.525 11.0207 3.26757 75.2454 14.9346 419.504 111.053 38.6068 29.4418 9.16497 1.99725 7.16772 1.91054 2.25488 72.4459 3.15343 27.1869 1.96342 25.2235 308.452
internal_count=38366 28194 10172 27910 9355 8594 8483 8418 27751 27741 27635 611 106 761 397 27024 7182 2531 1926 605 130 475 121 146 4651 195 1780 131 1649 19842
cat_boundaries=0 1
cat_threshold=448
is_linear=0
shrinkage=0.04


Tree=38
num_leaves=31
num_cat=1
split_feature=6 18 2 4 18 3 17 16 11 14 17 4 5 14 14 14 22 17 23 24 22 15 18 8 5 8 8 18 19 2
split_gain=211.526 83.6402 81.7013 151.597 54.3986 45.8962 16.209 14.556 22.0671 7.69819 3.60226 17.3154 3.28373 3.38853 2.78254 7.08282 3.83507 2.77966 9.54538 2.53328 2.43657 2.05617 2.69139 3.03549 2.28759 2.01116 2.68209 4.71495 6.20105 2.34204
threshold=0 3.6021870837399188 0.38644018000782626 5.5000000000000009 5.2294131744341534 4.5000000000000009 10.500000000000002 1.0000000180025095e-35 1.0157599881286086 0.45940432964303174 2.5000000000000004 9.5000000000000018 0.4855305652690316 0.0041565627189478005 0.039114376930888234 0.055283604369779006 0.068541594429285202 3.5000000000000004 0.091786958362344642 0.018619795866572978 0.026508580103878156 1.9200230033942847 7.4524722399834289 -0.051541369287949106 0.46231796030503575 -0.88703702359900938 -0.83261026230485513 7.515573151207227 5.8254230374584202 0.17981922417445292
decision_type=1 2 2 2 2 2 2 2 2 2 2 2 2 2 2 2 2 2 2 2 2 2 2 2 2 2 2 2 2 2
left_child=2 -2 3 4 17 12 -6 8 -4 -10 11 -5 13 -3 -15 16 19 18 -1 -16 -21 -17 24 -24 -23 -14 27 29 -29 -27
right_child=1 5 7 10 6 -7 -8 -9 9 -11 -12 -13 25 14 15 21 -18 -19 -20 20 -22 22 23 -25 -26 26 -28 28 -30 -31
leaf_value=-0.013932968349691075 0.046777338884847017 0.036345674582615353 0.054992643703125559 -0.017218116916839662 -0.02522583088161142 0.047126909411089817 0.046219923814925921 0.049822939734386333 -0.031999484092049418 0.039641314590566731 0.052635808190023427 0.046916621122081462 -0.035647000676615206 -0.033317238452343911 0.090326410381189423 -0.03534559053336566 -0.019667392402945173 0.051684723544513513 0.050168943295463765 -0.020477369711274784 0.043925799001582187 -0.027846554624912492 0.055511971819297394 -0.018763744649142673 0.024793003500753842 -0.029053469459522849 -0.028090452125992649 -0.01414207996461252 0.079505438093359179 0.013450814060165014
leaf_weight=5.9624949907884019 26.644030712544918 1.0861567016690994 10.880998656153681 7.7412090003490439 155.69964607618749 12.646719949319957 4.3610642850399008 120.09482244774699 11.313920143060384 2.0817137360572806 61.173071078956127 34.882423281669617 69.60121781937778 10.026633366011085 0.83692721929401503 6.3806732837110749 0.93915613181889046 12.704398231580852 7.5412859972566366 1.0146931037306783 0.89859335497021664 5.2788811512291414 1.0847148625180123 0.85822823084890831 0.84328587166964997 9.4358611069619638 265.48122330661863 2.0372574543580408 1.0032135788351295 1.9592275153845538
leaf_count=198 164 68 57 364 10030 76 23 752 635 10 398 206 4682 673 54 409 64 73 53 67 56 341 66 57 55 654 17724 135 69 127
internal_value=-0.000104175 -0.0201463 0.0192059 0.00735305 -0.0142324 -0.0253229 -0.0230043 0.0441269 0.0150927 -0.018886 0.0458555 0.0351409 -0.0278597 -0.0142419 -0.0173724 -0.0072763 0.0362365 0.0382167 0.022856 0.0554807 0.0144653 -0.0200158 -0.0053265 0.0274757 -0.0181328 -0.0289554 -0.0271705 -0.00952869 0.028787 -0.0212499
internal_weight=852.494 418.057 434.437 290.066 186.269 391.413 160.061 144.371 24.2766 13.3956 103.797 42.6236 378.766 29.2479 28.1618 18.1352 3.68937 26.2082 13.5038 2.75021 1.91329 14.4458 8.06511 1.94294 6.12217 349.518 279.917 14.4356 3.04047 11.3951
internal_count=38340 25541 12799 11345 10377 25377 10053 1454 702 645 968 570 25301 1910 1842 1169 241 324 251 177 123 928 519 123 396 23391 18709 985 204 781
cat_boundaries=0 1
cat_threshold=464
is_linear=0
shrinkage=0.04


Tree=39
num_leaves=31
num_cat=1
split_feature=6 22 2 4 3 17 22 14 26 2 0 23 17 14 1 5 26 17 4 1 2 9 4 26 15 5 14 14 19 25
split_gain=199.157 99.7472 92.8269 107.123 85.5571 43.4827 19.8762 8.57567 6.39407 4.65637 4.49926 4.58825 6.15908 6.57003 5.73377 4.41046 4.18236 4.12076 14.636 3.8311 2.84398 3.19894 2.70543 2.40762 4.75565 3.6572 4.52476 6.91519 2.72634 4.82248
threshold=0 0.26751059843181363 0.38644018000782626 5.5000000000000009 4.5000000000000009 5.5000000000000009 0.46597771892742823 0.53217592904703948 0.4676905408112913 0.89787599095652937 9.0756307197004649 0.020093244052895528 1.0000000180025095e-35 0.026978391812085206 0.6306522217814815 0.54499885602688358 0.078842725869751343 3.5000000000000004 12.500000000000002 -2.0628564972115631 0.28920184992673442 -0.49846138994909289 2.5000000000000004 0.014110588322826759 0.14559209471007004 0.4855305652690316 0.043351837295114541 0.055283604369779006 4.6965765606807208 0.17585196931418356
decision_type=1 2 2 2 2 2 2 2 2 2 2 2 2 2 2 2 2 2 2 2 2 2 2 2 2 2 2 2 2 2
left_child=2 4 3 5 7 6 8 9 10 23 19 12 -12 -14 -15 -13 -16 18 -5 22 -21 -22 -1 24 -2 26 -26 -28 29 -27
right_child=1 -3 -4 17 -6 -7 -8 -9 -10 -11 11 15 13 14 16 -17 -18 -19 -20 20 21 -23 -24 -25 25 28 27 -29 -30 -31
leaf_value=-0.01774755282349352 0.044588723945159642 0.047231301643543271 0.050444297652284489 -0.010038510601933308 0.048550152854630921 0.046445824302634872 0.044221203187271504 0.031641037372383989 0.052413422721425747 0.032332032446439223 -0.029267891026486109 0.034008193540456283 -0.024300979086087901 -0.018488188908396798 0.098504856952352976 -0.030524163215519488 0.00090809046052071885 0.050720418134264263 0.047041651722604598 -0.028908164123934328 -0.021991448754423385 0.051847557054617771 0.057266396824476845 -0.02874637712389437 -0.028165218309149816 -0.029819283208404088 0.095307613038287831 -0.0060102804565667564 -0.028088201232254497 0.01517930504152191
leaf_weight=0.77681161556392797 0.88503511529415746 34.96747151017189 126.00245627202094 9.6966104255989176 24.938306299969554 17.111509896814823 6.5154063403606406 3.2371888905763617 0.87019926309585471 1.3154167216271151 2.4833455765619892 1.1484545804560173 1.4765138961374757 0.83425207901746024 2.4494224609807138 10.046205426566301 0.90575632918626059 53.188065126538277 23.743678897619247 106.3843865795061 1.1829489273950455 0.73619156517088313 0.64099749177694321 338.14654573984444 2.2612013174220911 6.4762499211356026 0.76911678537726436 2.4814752358943224 52.418718384578824 6.8723338153213263
leaf_count=54 61 281 793 374 153 99 39 20 4 14 142 64 86 55 128 544 44 311 146 7075 84 46 44 22939 154 452 46 162 3539 453
internal_value=0.000378277 -0.0165638 0.0221761 0.00811864 -0.0221074 -0.0119493 -0.0195569 -0.0264613 -0.0230682 -0.0269938 -0.0239762 -0.00583169 0.0158998 0.0371173 0.059275 -0.0216579 0.0784159 0.0434226 0.0306793 -0.0270936 -0.0280162 0.0143916 0.025825 -0.0272622 -0.0200097 -0.0214176 0.00857417 0.0347447 -0.0240219 -0.00720906
internal_weight=840.962 474.769 366.193 240.191 439.802 153.562 136.451 414.863 129.935 411.626 129.065 19.344 8.14929 5.66594 4.18943 11.1947 3.35518 86.6284 33.4403 109.721 108.304 1.91914 1.41781 410.311 72.1641 71.2791 5.51179 3.25059 65.7673 13.3486
internal_count=38406 28274 10132 9339 27993 8508 8409 27840 8370 27820 8366 1063 455 313 227 608 172 831 520 7303 7205 130 98 27806 4867 4806 362 208 4444 905
cat_boundaries=0 1
cat_threshold=448
is_linear=0
shrinkage=0.04


Tree=40
num_leaves=31
num_cat=1
split_feature=6 18 2 4 18 3 17 25 16 18 9 5 23 23 25 22 19 23 14 0 14 17 0 25 14 19 2 9 9 22
split_gain=189.227 80.3942 73.3509 126.991 54.8532 39.2365 19.0349 18.6424 5.63969 3.59489 4.39028 5.89363 3.44032 15.021 4.50695 5.37676 7.73901 7.42828 3.17138 2.90926 2.76808 2.72353 17.5023 2.71112 5.20524 6.81043 2.40001 6.22666 5.97738 5.11084
threshold=0 3.6021870837399188 0.38644018000782626 5.5000000000000009 5.2294131744341534 5.5000000000000009 6.5000000000000009 0.23594053893251976 1.0000000180025095e-35 7.4153209442174131 0.9893816578214113 0.92005676277598825 0.0091669712388749523 0.0088276629994095343 0.090540977275955309 0.022212328371136448 5.7386758245831828 0.032979959396220247 0.12051722099972122 11.451909045747362 0.0041565627189478005 2.5000000000000004 5.1328346476846276 0.48074273416018304 0.09232742847407259 5.2895431651600759 0.047064989988540307 -0.49846138994909289 -0.91170235625292373 0.019252190649319972
decision_type=1 2 2 2 2 2 2 2 2 2 2 2 2 2 2 2 2 2 2 2 2 2 2 2 2 2 2 2 2 2
left_child=2 -2 3 4 -1 9 12 8 -4 -3 19 -12 13 26 15 16 18 -18 -14 23 -16 22 -5 -11 -25 -26 27 28 -6 -30
right_child=1 5 7 21 6 -7 -8 -9 -10 10 11 -13 14 -15 20 -17 17 -19 -20 -21 -22 -23 -24 24 25 -27 -28 -29 29 -31
leaf_value=0.039394283860879765 0.045107738148354865 -0.029656102338864149 -0.029579708967554418 0.046365123433758482 -0.018941242069636943 0.046021008707074887 0.039497101488084913 0.046697260809813096 0.022048725144096882 -0.023828969283174347 0.0675113793879005 -0.0247098772393608 -0.031775369810649358 0.089540991424322841 7.7053884186989639e-05 -0.024266768428034279 -0.0071067851076195912 0.10633372733726437 0.035486020629341093 0.034782476763394597 -0.034263207875210172 0.049884025191148922 -0.017720237164084777 -0.027957537905387273 -0.020022003498876412 0.096463116112800867 -0.027046318791278976 -0.033802950936204036 -0.018608213149236469 0.073981042574686393
leaf_weight=26.247566428035498 27.245874024927616 272.57034265808761 6.2193517349660379 33.123254783451557 2.7168176518753171 11.187260046601294 6.7556343749165526 128.24547866173089 5.4146404694765806 81.728193994611502 1.2208861643448465 1.4452652707695959 3.5745460940524962 1.1555747920647252 3.9212341364473096 16.152908188290894 1.3995620869100096 1.1796229146420953 0.58449015486985434 0.5986951319500794 85.626197645440698 55.886418536305428 7.9509064769372335 2.1568230204284187 0.96227414160966851 0.75474620051681995 22.207272977568209 4.9525442123413068 0.84415802638977799 2.4930506078526378
leaf_count=330 176 19303 436 212 184 70 36 969 58 5734 59 72 240 78 247 1118 88 73 39 37 5906 379 361 141 64 50 1492 339 57 163
internal_value=-0.0002432 -0.0196231 0.0183882 0.00684166 -0.0130568 -0.0249894 -0.0222188 0.0423291 -0.00570775 -0.0273082 -0.019857 0.024416 -0.0253068 -0.0136324 -0.0287237 -0.0121661 0.016229 0.0599897 -0.0172766 -0.0214906 -0.0327752 0.0434995 0.0338335 -0.0222813 0.00856052 0.047839 -0.0197342 -0.00395714 0.0217892 0.0516699
internal_weight=816.522 399.87 416.651 276.772 179.811 372.624 153.564 139.879 11.634 361.437 88.8669 2.66615 146.808 34.3694 112.439 22.8911 6.73822 2.57919 4.15904 86.2007 89.5474 96.9606 41.0742 85.602 3.87384 1.71702 33.2138 11.0066 6.05403 3.33721
internal_count=38511 25706 12805 11342 10390 25530 10060 1463 494 25460 6157 131 10024 2313 7711 1558 440 161 279 6026 6153 952 573 5989 255 114 2235 743 404 220
cat_boundaries=0 1
cat_threshold=464
is_linear=0
shrinkage=0.04


Tree=41
num_leaves=31
num_cat=2
split_feature=6 18 2 4 17 3 18 6 11 26 2 17 3 20 23 18 26 23 18 26 5 25 14 18 1 19 19 23 23 0
split_gain=163.354 77.2917 70.4584 112.261 47.9586 41.2915 24.2714 17.172 17.1973 11.2172 5.93228 4.90169 26.8532 4.39225 4.17764 2.72371 5.23649 7.63488 6.57283 6.98576 5.59985 3.57306 5.05168 9.1672 3.55969 5.11075 3.06051 5.24149 3.39602 2.99189
threshold=0 3.6021870837399188 0.40903857802802651 5.5000000000000009 5.5000000000000009 5.5000000000000009 3.6021870837399188 1 1.0157599881286086 0.19445101185387828 0.045917595755695491 2.5000000000000004 4.5000000000000009 1.5000000000000002 0.016676442354742912 7.3441873263908226 0.013234965048668569 0.010245699200408033 7.6470957120475971 0.0040725401069022478 1.0504953549239666 0.34123250540112093 0.016749065851108986 7.5319669120737922 -0.86162335686146896 5.855238387294821 4.6823494224259212 0.024159336221652151 0.10469718821354142 11.451909045747362
decision_type=1 2 2 2 2 2 2 1 2 2 2 2 2 2 2 2 2 2 2 2 2 2 2 2 2 2 2 2 2 2
left_child=2 -2 3 4 6 15 -1 -4 -9 -8 -11 12 -5 -10 -12 -3 17 18 19 -17 -21 29 23 -23 25 -24 27 -19 -28 -18
right_child=1 5 7 11 -6 -7 9 8 13 10 14 -13 -14 -15 -16 16 21 26 -20 20 -22 22 24 -25 -26 -27 28 -29 -30 -31
leaf_value=0.044104034164023274 0.0453946905326034 -0.028523698609358786 0.045710579375701103 -0.03077269282361814 0.04726999486491857 0.045972200233951648 -0.025463961019147538 0.050112242757954839 -0.038765199861185984 -0.025882868360932544 0.078089776780176326 0.049553261450604826 0.046055383647166749 0.030698992938039776 0.0016752422829861221 -0.017125936756542077 -0.028740949376556118 0.06581214869173431 -0.013118058268827209 0.13780268260393194 0.0048018107611240944 0.10822919117934593 -0.022771004030988796 -0.022507718246501371 -0.025611794392086894 0.069439170459424257 -0.032636026021443297 -0.024191271729428979 0.032859572547803792 0.028252433999947556
leaf_weight=8.1654710248112661 27.068750604987144 248.21881641913205 113.60663999151438 8.5726314000785333 18.311460833996534 12.284073546528814 144.82640313450247 4.8592026382684734 11.722006372176107 1.6360165504738677 2.2374238101765513 54.010487975552678 32.05589684844017 0.90005369577556926 1.8401121422648428 0.72962059546262326 69.773590865544975 0.88485011179000084 1.9330105474218724 1.0212414981797335 0.77549978904426087 0.61654443666338821 1.2806981839239591 1.2461840678006408 9.5610630745068175 0.82306421268731345 9.1167826689779723 1.4749609706923363 0.63518518116325218 0.74971916805952687
leaf_count=53 178 18054 744 381 111 79 9992 25 617 75 50 374 206 28 80 51 4994 61 136 71 56 43 96 91 637 59 656 106 38 47
internal_value=3.57733e-05 -0.0182197 0.0176474 0.00640692 -0.0123971 -0.0236033 -0.0195344 0.0420524 -0.00495847 -0.0232544 0.0282026 0.0413406 0.0294948 -0.0319219 0.0507269 -0.0261777 -0.0201669 0.000381012 0.0401074 0.0730035 0.10264 -0.0241749 -0.00491677 0.0434553 -0.0154625 0.0240541 -0.016189 0.0191004 -0.0257107 -0.0277485
internal_weight=790.937 388.194 402.744 271.656 177.017 361.125 158.705 131.088 17.4813 150.54 5.71355 94.639 40.6285 12.6221 4.07754 348.841 100.622 16.5712 4.45937 2.52636 1.79674 84.0509 13.5276 1.86273 11.6648 2.10376 12.1118 2.35981 9.75197 70.5233
internal_count=38189 25453 12736 11322 10361 25275 10250 1414 670 10197 205 961 587 645 130 25196 7142 1175 314 178 127 5967 926 134 792 155 861 167 694 5041
cat_boundaries=0 1 2
cat_threshold=464 384
is_linear=0
shrinkage=0.04


Tree=42
num_leaves=31
num_cat=1
split_feature=6 18 2 4 18 3 17 25 16 26 18 17 22 26 19 22 0 17 4 23 15 18 19 0 26 9 0 2 19 4
split_gain=165.294 69.6002 63.1416 111.081 42.3433 38.9581 20.9174 16.3404 8.7537 4.08119 9.16462 6.31264 3.70193 3.61765 3.49199 3.00775 3.37822 2.9014 15.3532 2.66421 3.42262 4.5897 3.34263 8.26642 4.93508 3.19267 5.92948 4.16816 2.44421 5.67667
threshold=0 3.6021870837399188 0.38644018000782626 5.5000000000000009 5.390228737737174 5.5000000000000009 6.5000000000000009 0.26149452908526033 1.0000000180025095e-35 0.14934136906163956 3.6021870837399188 6.5000000000000009 0.095645100639391037 0.19445101185387828 6.0367678376129703 0.093603907828147301 8.2513243251734476 2.5000000000000004 9.5000000000000018 0.029822660704731347 0.11028276366817734 6.7377500439665514 3.7795867239221206 7.9570646180619518 0.046368955365951342 0.9822935704606458 7.0721640888162822 0.091628413141586068 7.3594723674648685 3.5000000000000004
decision_type=1 2 2 2 2 2 2 2 2 2 2 2 2 2 2 2 2 2 2 2 2 2 2 2 2 2 2 2 2 2
left_child=2 -2 3 4 9 12 13 8 -4 10 -1 -12 15 28 -15 19 -17 18 -5 20 21 -3 23 -21 -25 -22 27 -27 -6 -30
right_child=1 5 7 17 6 -7 -8 -9 -10 -11 11 -13 -14 14 -16 16 -18 -19 -20 22 25 -23 -24 24 -26 26 -28 -29 29 -31
leaf_value=0.046457419080192477 0.04424869245501372 0.063181391131819573 -0.030354349375095901 -0.018071524131126827 -0.025960475448689683 0.045433499105381067 0.040429982544686674 0.046114752712893017 0.029715682119094238 0.05768531213582638 -0.027611537257586818 0.040001232962146228 -0.035086305587908408 -0.013038974174466856 0.049941194600941707 -0.013973236962163002 0.058670466436073217 0.048298736251471901 0.043560068084442315 -0.030665626440217024 -0.022403807209445951 -0.022860484633230569 -0.030723426353312724 0.099507533405450932 -0.014872866567059393 0.074065971365450164 -0.028698977517787654 -0.017105503340752806 -0.022454310982054283 0.058421799543303267
leaf_weight=9.8595693111419731 25.155458778142929 0.92865980882197563 6.7529993746429664 7.4308878555893889 130.03775922674686 11.79162487387657 7.7217223048210135 116.00106029212475 6.7729895431548357 7.7067386582493773 6.3970671994611603 2.1765948534011841 62.690302088856697 3.1703435052186242 1.1774804359301922 2.0319606019183989 0.61829437687993039 55.292367033660412 32.316209644079208 3.0986951971426597 160.56897601764649 1.2642377270385621 104.7405905816704 0.71748194005340316 0.57963914331048727 1.4429377513006323 2.3799576684832573 0.72536871302872885 3.4327893815934649 1.025225820019841
leaf_count=63 169 63 479 386 9422 78 43 891 67 60 282 11 4635 150 55 157 49 394 213 234 11966 89 7796 54 45 83 145 46 237 69
internal_value=0.00025304 -0.0183864 0.0180331 0.0073352 -0.0117812 -0.0234733 -0.0201676 0.0413027 -0.000299984 0.0342514 0.0219897 -0.00806135 -0.0259762 -0.0238027 0.0101666 -0.023812 0.0144044 0.0418343 0.0318771 -0.0242289 -0.0207667 0.021953 -0.0293 0.00402526 0.064171 -0.0214628 0.00980918 0.0477938 -0.0249677 0.0034412
internal_weight=776.006 378.734 397.272 267.745 172.705 353.579 146.565 129.527 13.526 26.14 18.4332 8.57366 341.787 138.844 4.34782 279.097 2.65025 95.0395 39.7471 276.447 167.31 2.1929 109.136 4.39582 1.29712 165.117 4.54826 2.16831 134.496 4.45802
internal_count=38431 25609 12822 11385 10392 25440 9976 1437 546 416 356 293 25362 9933 205 20727 206 993 599 20521 12392 152 8129 333 99 12240 274 129 9728 306
cat_boundaries=0 1
cat_threshold=464
is_linear=0
shrinkage=0.04


Tree=43
num_leaves=31
num_cat=1
split_feature=1 4 6 22 2 17 17 22 22 11 3 17 26 20 15 26 25 19 0 19 24 0 8 4 0 0 22 2 24 24
split_gain=161.59 127.818 48.9837 59.4302 23.6777 33.3249 23.3667 13.3913 13.2452 9.75394 9.32475 20.6525 5.49222 3.84201 3.07616 2.81579 2.72392 7.04908 7.97604 5.86265 2.49347 2.96612 3.36646 2.69278 3.71863 5.32204 4.3884 2.55099 3.40772 2.36054
threshold=2.0001107658256259 6.5000000000000009 0 0.26751059843181363 0.38644018000782626 3.5000000000000004 7.5000000000000009 0.26751059843181363 0.46597771892742823 0.37409605505537735 5.5000000000000009 3.5000000000000004 0.4676905408112913 1.5000000000000002 1.0527597857183006 0.20316285815169824 0.024330401086530781 5.6599958596183759 7.6189396864126744 6.0587818384353627 0.070509757979724572 9.9725748440040523 0.18326139348037856 5.5000000000000009 6.8590635053043369 7.463424806787935 0.027230259871540551 0.26751056753623864 0.11843572739606358 0.20406521918373799
decision_type=2 2 1 2 2 2 2 2 2 2 2 2 2 2 2 2 2 2 2 2 2 2 2 2 2 2 2 2 2 2
left_child=1 6 4 9 5 7 8 13 12 -4 11 14 16 -2 -3 29 17 -1 -19 -20 21 23 -23 -18 -25 26 -26 -22 -29 -11
right_child=2 10 3 -5 -6 -7 -8 -9 -10 15 -12 -13 -14 -15 -16 -17 20 18 19 -21 27 22 -24 24 25 -27 -28 28 -30 -31
leaf_value=-0.03317636544985289 -0.027361456502427318 0.014411213065822388 0.039278706860560557 0.046509348407291727 0.04864933158782004 0.042221839610769377 0.044466537438781428 0.041244395943371315 0.038362118621661181 -0.030001659322566949 0.046667215884077122 0.043017149671510664 0.044790331449246573 0.028747868855401589 -0.032991448565472627 0.01383813523447483 -0.024995663616179681 -0.015948828085990505 0.12550258708978265 0.00067386489710964453 -0.034799865218692022 -0.017378750936831468 0.0460893670027459 -0.031646430908364817 -0.015548050126759243 -0.010759663253681953 0.084872734557951079 -0.025523904182203377 0.044696763098343653 0.020641574748766371
leaf_weight=4.4889882588759047 25.011911741457887 2.1567950593307641 2.8866520132869473 26.962024444714189 110.13353092223406 41.143126996234059 7.2494645714759818 5.3088072305545202 4.5328015536069861 56.220611360855401 42.543726921081543 17.497728777118027 0.93593341112136741 1.3122119512408961 9.4065249999985081 2.0143504394218317 316.85247555095702 2.2691505495458846 0.68837847188115098 0.9524266766384244 61.587489667348564 2.3961786534637208 1.2581014838069675 3.4677119795232993 0.62142041698098172 4.3566637216135859 1.2365651689469812 1.6979793235659593 0.88191029801964749 0.85083515197038551
leaf_count=330 1531 74 24 187 749 308 43 37 27 3658 292 116 4 72 354 47 24550 158 41 65 4747 136 62 250 46 316 91 130 59 12
internal_value=-0.00040152 -0.0141829 0.0242528 -0.00183758 0.0350724 0.0188992 -0.0226961 -0.0117994 -0.0239945 -0.023568 0.0348455 0.0165625 -0.0247878 -0.0236148 -0.0237066 -0.027241 -0.02506 -0.00223773 0.0328053 0.0807373 -0.0255392 -0.023957 0.00967993 -0.0243618 -0.00322116 0.0148278 0.0575977 -0.0331881 0.00426056 -0.0289042
internal_weight=758.922 487.078 271.844 88.9345 182.91 72.7761 415.474 31.6329 408.224 61.9724 71.6048 29.061 403.691 26.3241 11.5633 59.0858 402.755 8.39894 3.90996 1.64081 394.356 330.189 3.65428 326.535 9.68236 6.21465 1.85799 64.1674 2.57989 57.0714
internal_count=38516 31891 6625 3928 2697 1948 31055 1640 31012 3741 836 544 30985 1603 428 3717 30981 594 264 106 30387 25451 198 25253 703 453 137 4936 189 3670
cat_boundaries=0 1
cat_threshold=384
is_linear=0
shrinkage=0.04


Tree=44
num_leaves=31
num_cat=1
split_feature=6 18 2 4 18 4 26 25 16 17 26 18 17 23 0 5 19 23 15 4 8 8 18 26 5 9 14 0 26 19
split_gain=147.634 66.2864 60.1366 99.5957 36.5373 34.6049 19.2847 12.9384 5.20914 5.17234 4.38217 9.71529 5.21033 3.61358 3.42738 4.88684 3.86429 3.36314 3.24278 5.46863 3.02397 6.16444 11.2839 13.4324 2.9962 3.86315 3.40448 3.11762 3.67054 3.17945
threshold=0 3.6021870837399188 0.40903857802802651 5.5000000000000009 5.2294131744341534 11.500000000000002 0.19445101185387828 0.2265231447173944 1.0000000180025095e-35 7.5000000000000009 0.14934136906163956 3.6021870837399188 10.500000000000002 0.027355663017313635 9.0756307197004649 0.54499885602688358 6.0587818384353627 0.011766013663828659 1.895620922209271 2.5000000000000004 -0.88237654393143439 -0.80403978245636376 7.4601746356365437 0.019024607441199156 0.36667132757924481 -0.33850247812335116 0.055283604369779006 11.05627130426266 0.02638202124907869 7.9138893876412704
decision_type=1 2 2 2 2 2 2 2 2 2 2 2 2 2 2 2 2 2 2 2 2 2 2 2 2 2 2 2 2 2
left_child=2 -2 3 4 10 13 9 8 -4 14 11 -1 -13 20 -6 16 -16 18 -17 -20 -3 22 -22 -24 25 -15 -27 29 -29 -26
right_child=1 5 7 -5 6 -7 -8 -9 -10 -11 -12 12 -14 24 15 17 -18 -19 19 -21 21 -23 23 -25 27 26 -28 28 -30 -31
leaf_value=0.046077381043794219 0.044095046253399918 -0.031274157988692021 -0.027727524955623885 0.040894647268339454 -0.026496843725478964 0.041733523513515378 0.034163893932959842 0.044906398577961484 0.025741763720794824 0.037569065996201204 0.059128499779723231 -0.031906897402117905 0.034402957309776355 -0.02435089010685363 -0.0034531064596176626 -0.018754589946066949 0.080657604307200328 -0.026795637072295125 0.068964069477407935 -0.021920436882411347 -0.014390318679325727 -0.020425001351960598 0.15328025168487522 -0.0004517988417648572 -0.032188462291416371 0.072559019681313314 -0.016009383317320346 0.056014444119857412 -0.022941459658004714 0.026243788737857158
leaf_weight=9.1026569008827263 24.990242071449757 37.516935331746936 5.2143571581691486 90.13215880189091 110.84234762936831 12.127520248293875 9.3482584767043573 114.899788338691 4.500678226351738 1.3796146661043156 7.0571451168507329 5.400083737447857 1.767486125230789 2.3484413158148532 1.6891549611464172 2.6711092572659281 0.65333475358784188 11.988194704055784 1.558820001780987 1.1678375340998171 8.1927574863657338 139.3176342016086 0.65369727276265566 2.0074277240782976 130.83616627380252 0.76742506586015113 0.65245478320866823 0.66179529577493568 1.297865475527942 0.80525329429656167
leaf_count=60 177 2923 406 991 8524 85 232 960 49 6 53 208 10 165 92 178 41 805 99 77 649 10712 48 157 10350 44 50 46 95 65
internal_value=0.000884546 -0.0171299 0.0180578 0.00733246 -0.0111787 -0.022291 -0.0188645 0.0411889 -0.00286621 -0.0228501 0.0342377 0.0206429 -0.0133451 -0.0248003 -0.0237692 -0.00790519 0.0371185 -0.0156603 0.00939336 0.0346012 -0.0209379 -0.0181658 0.0101092 0.0688642 -0.0298882 0.00424685 0.0420632 -0.0308754 0.0136395 -0.0316359
internal_weight=741.549 362.176 379.373 254.758 164.626 337.185 141.299 124.615 9.71504 131.95 23.3274 16.2702 7.16757 325.058 130.571 19.7285 2.34249 17.386 5.39777 2.72666 187.688 150.172 10.8539 2.66112 137.369 3.76832 1.41988 133.601 1.95966 131.641
internal_count=38357 25566 12791 11376 10385 25389 10054 1415 455 9822 331 278 218 25304 9816 1292 133 1159 354 176 14489 11566 854 205 10815 259 94 10556 141 10415
cat_boundaries=0 1
cat_threshold=464
is_linear=0
shrinkage=0.04


Tree=45
num_leaves=31
num_cat=1
split_feature=6 18 2 17 3 3 18 25 16 1 15 22 11 26 22 1 24 22 18 15 15 1 11 15 9 25 14 14 24 11
split_gain=146.395 67.8702 58.6057 72.0303 74.4366 35.0279 20.22 12.754 6.0035 4.74331 2.82296 5.90375 6.31501 2.9673 6.22567 3.02025 3.84388 2.43122 3.04716 5.62305 8.37433 4.88486 4.9542 3.4869 3.98906 3.34842 3.02487 3.33013 5.60447 9.53267
threshold=0 3.6021870837399188 0.38644018000782626 3.5000000000000004 4.5000000000000009 5.5000000000000009 3.6021870837399188 0.23594053893251976 1.0000000180025095e-35 0.14355168696805767 0.31251298149041679 0.042266255756143727 5.6737638172576235 0.0020501932247135881 0.068541594429285202 -2.0628564972115631 0.039471388199468042 0.10016841892292645 7.4218096235967392 1.0980292780520677 1.0527597857183006 -0.67809020930730701 5.2770422039681399 0.11028276366817734 0.42593256788965334 0.015071531120727731 0.0016492622999330117 0.13726824314924937 0.027286165245382868 5.7908571974708858
decision_type=1 2 2 2 2 2 2 2 2 2 2 2 2 2 2 2 2 2 2 2 2 2 2 2 2 2 2 2 2 2
left_child=2 -2 3 4 6 17 -1 8 -4 -5 11 12 -8 14 -12 16 -15 18 23 20 21 22 -20 24 -3 -21 -27 -28 29 -29
right_child=1 5 7 9 -6 -7 10 -9 -10 -11 13 -13 -14 15 -16 -17 -18 -19 19 25 -22 -23 -24 -25 -26 26 27 28 -30 -31
leaf_value=0.04121055265676038 0.043261196966665881 -0.014680072184925421 -0.028030102345495286 4.1077238130027016e-05 0.045711865699471485 0.044168782454233703 -0.020960062541225368 0.044538991574918349 0.026300811945161314 0.04364639820038628 -0.026521005606197891 -0.030213060353053715 0.082034367406229589 -0.02137331950712433 0.068269672113466656 -0.025945680302204822 0.063584587376407944 -0.034151046744294332 0.076509792711616786 0.040421592603109804 0.085367055398162806 -0.01964878707045279 -0.010635564109426092 -0.02718311440784844 0.065677237836626962 0.034235882067286595 -0.028482025875446758 0.073494424284784601 -0.032117014722882246 -0.027631895294778056
leaf_weight=7.3827181831002227 25.492765955626965 2.0945451054722066 5.4164047548547369 4.2515197331085792 33.689550161361694 10.979114204645155 1.0700461948290461 111.01416538096964 5.6029832344502211 64.707817010581493 1.8862897157669061 2.7365797040984035 1.287024308927357 1.1159729594364751 0.84044059645384539 126.01376738864928 0.54148470237851132 52.816531162708998 1.0550468396395438 0.48731378559023042 0.91049933806061822 8.5711248889565432 1.6950187422335146 197.96170509885997 0.51138463802635659 0.6118590347468843 44.153967051766813 2.1588134123012415 3.6676920969039202 2.0690813697874546
leaf_count=53 186 159 439 154 244 79 82 951 55 614 138 195 92 88 53 9494 38 4208 83 31 72 671 138 15964 39 47 3459 155 270 146
internal_value=4.54559e-05 -0.0179856 0.0174871 0.00664063 -0.00693304 -0.0233809 -0.0195781 0.0404996 -0.00051489 0.040997 -0.023168 0.00514187 0.0429619 -0.0243046 0.0131748 -0.0252012 0.0198646 -0.0258383 -0.0240657 -0.0161152 0.00782975 -0.0048285 0.0342842 -0.0265646 0.0149297 -0.0216687 -0.0229859 -0.0242912 -0.000287974 0.0281855
internal_weight=722.793 355.236 367.557 245.523 176.564 329.744 142.874 122.034 11.0194 68.9593 135.492 5.09365 2.35707 130.398 2.72673 127.671 1.65746 318.765 265.948 65.3804 12.2317 11.3212 2.75007 200.568 2.60593 53.1487 52.6614 52.0496 7.89559 4.22789
internal_count=38397 25707 12690 11245 10477 25521 10233 1445 494 768 10180 369 174 9811 191 9620 126 25442 21234 5072 964 892 221 16162 198 4108 4077 4030 571 301
cat_boundaries=0 1
cat_threshold=464
is_linear=0
shrinkage=0.04


Tree=46
num_leaves=31
num_cat=1
split_feature=6 22 2 4 3 18 13 24 4 26 18 23 25 5 18 24 2 24 18 26 18 8 9 25 9 5 9 15 22 0
split_gain=129.752 66.3206 65.5109 78.6418 59.6276 29.7446 7.39217 6.53294 5.35442 5.15465 6.21792 4.62567 5.67329 5.37484 4.93703 3.99559 3.77472 6.75827 5.26111 5.37689 4.52801 3.64488 8.7938 3.43758 3.3433 5.45584 3.33182 5.45696 5.8677 3.05035
threshold=0 0.26751059843181363 0.28100228106754938 5.5000000000000009 5.5000000000000009 5.2294131744341534 1.0000000180025095e-35 0.20406521918373799 2.5000000000000004 0.14934136906163956 3.6021870837399188 0.083945771504502775 0.37181108725889772 1.0347632034317111 7.0217204939589619 0.041270782854558367 0.067055413466911504 0.029512514133296298 6.641480726709573 0.078129191416379626 7.3729053496090948 -0.97761904580248971 -0.12331816132072869 0.15949061174661552 -0.9985731413822142 0.96336099610022641 0.9822935704606458 1.4809413857141582 0.043570733960130802 9.8007481623513417
decision_type=1 2 2 2 2 2 2 2 2 2 2 2 2 2 2 2 2 2 2 2 2 2 2 2 2 2 2 2 2 2
left_child=2 4 3 5 7 9 21 11 -8 10 -1 26 16 14 -14 -16 17 -13 -19 20 -20 22 23 -7 25 -23 -2 28 -28 -26
right_child=1 -3 -4 -5 -6 6 8 -9 -10 -11 -12 12 13 -15 15 -17 -18 18 19 -21 -22 24 -24 -25 29 -27 27 -29 -30 -31
leaf_value=0.042365562934719707 -0.025893582702258614 0.042878666323715377 0.045434002067307848 0.040204263310792236 0.043788517967596918 0.079742649186751877 -0.027591849673698935 0.023816673269247694 0.038174997348673759 0.059199546490660226 -0.011457329884748816 -0.026426883445975626 -0.00092665764383845575 -0.023724705074801917 0.11934447710001818 -0.00064950288937721189 -0.028974978797485826 -0.022065999447861157 0.11205163658783013 -0.017347172294451686 0.0024750301363808719 0.051561311582758784 -0.022019197527130597 -0.0026172252847285514 -0.028632130376536797 -0.027578578187962333 0.077232664908014295 -0.019917204428661715 -0.020984414751686598 0.00064630758492660394
leaf_weight=5.7472245171666163 312.97964687366039 28.677867610938847 106.40407543908805 70.841037981212139 21.645865634083748 1.4334568809717896 2.1049685031175605 3.8976951399818054 4.9895887300372124 6.747333660721778 6.319517869502306 4.679447423666721 1.4963615434244268 1.4022377990186212 0.85360974632203557 0.56968592572957277 12.713960074819623 1.198707898147404 1.3631998375058181 0.74671714194118965 0.87214996013790358 1.5693423794582479 7.4201008453965169 1.123571411706507 83.218937368132174 2.109589752741158 1.378282831050454 6.656190830282867 1.0685253720730541 6.0594328194856635
leaf_count=40 25253 278 982 810 162 97 159 118 164 52 179 379 65 111 53 29 1015 104 115 60 71 98 546 89 6457 155 78 443 77 322
internal_value=0.000362803 -0.0144177 0.0195994 0.00665188 -0.0193044 -0.0119636 -0.0199409 -0.0232987 0.0176638 0.0333413 0.0154582 -0.0238932 -0.00728516 0.0302323 0.0555878 0.0908674 -0.0158072 0.00411012 0.0367931 0.0600526 0.0832782 -0.0226777 0.000281364 0.0529915 -0.0251187 0.00998531 -0.0252018 -0.00120911 0.0406969 -0.0266598
internal_weight=708.288 402.2 306.088 199.684 373.522 128.843 110.029 351.876 7.09456 18.8141 12.0667 347.979 25.8961 4.3219 2.91966 1.4233 21.5742 8.86022 4.18077 2.98207 2.23535 102.934 9.97713 2.55703 92.9573 3.67893 322.083 9.103 2.44681 89.2784
internal_count=38561 28411 10150 9168 28133 8358 8087 27971 323 271 219 27853 2002 258 147 82 1744 729 350 246 186 7764 732 186 7032 253 25851 598 155 6779
cat_boundaries=0 1
cat_threshold=448
is_linear=0
shrinkage=0.04


Tree=47
num_leaves=31
num_cat=1
split_feature=1 4 6 22 17 1 17 11 0 13 11 0 0 4 4 18 5 5 9 1 11 11 17 15 23 18 11 18 24 1
split_gain=126.789 104.676 52.9205 52.5127 23.5479 19.9265 16.0146 13.4345 7.64724 7.50564 7.23909 7.10068 6.68519 6.50989 3.86194 3.80907 3.94336 19.6754 4.3835 7.87782 3.80071 5.84943 3.63087 4.62092 3.83936 3.62528 7.1893 6.02492 5.1376 5.14125
threshold=1.4470097933267125 9.5000000000000018 0 0.26751059843181363 7.5000000000000009 4.1205382527117882 5.5000000000000009 2.6742108261822781 5.3178346671127334 1.5000000000000002 0.67905743515249017 7.9570646180619518 8.9818139475851435 8.5000000000000018 2.5000000000000004 5.2294131744341534 0.69000462968851073 0.68563439900719847 -0.9985731413822142 0.28209815576998354 5.2296100872294806 5.7746016582322026 4.5000000000000009 0.67154296492291587 0.091786958362344642 7.4218096235967392 4.6136381812773886 7.4377147390099845 0.017369878906435311 0.49455752559507143
decision_type=2 2 1 2 2 2 2 2 2 2 2 2 2 2 2 2 2 2 2 2 2 2 2 2 2 2 2 2 2 2
left_child=1 4 5 8 9 6 7 -2 -4 15 11 -10 13 -9 20 22 17 18 19 -17 -14 -22 23 -1 -25 -20 28 -28 -27 -30
right_child=2 -3 3 -5 -6 -7 -8 12 10 -11 -12 -13 14 -15 -16 16 -18 -19 25 -21 21 -23 -24 24 -26 26 27 -29 29 -31
leaf_value=0.047672193791588713 0.044639479507706623 0.041065163851941151 0.034730612449017366 0.045129430219998337 0.044342927605889385 0.046337527592285474 0.045731993659723205 -0.020703909131902617 -0.027546043321125157 0.045162248371671279 -0.027870547314729783 0.03775594550967213 -0.014842773309147402 0.03981261737600221 -0.0015505953854764263 -0.02549216893436439 -0.026364920992315879 0.1010855706871657 -0.02572244012006962 0.081816044504911534 0.085313742805490908 0.011227909764245128 0.047601237510724051 -0.030130279811406948 0.029357032647959216 -0.019433812727438656 0.060461601623905042 -0.021973452686312712 0.10085707289456851 -0.014326637095694905
leaf_weight=0.97528508678078552 11.198165236040948 48.178836680948734 2.972622098401188 25.181020557880402 7.6883064210414878 101.88662143051624 24.525745175778866 25.568224065937105 3.8188303094357234 1.7033650279045094 63.718521348200738 5.0601687133312225 1.5118271242827193 2.2556537538766852 9.3751651328057033 1.6998714059591287 259.38328073266894 1.2635859046131361 57.998928357847035 0.96599139552563418 2.4735605400055647 4.0554530415683985 1.1308782901614893 7.8508685687556845 1.3138105552643535 0.92212170455605091 0.58771233260631817 16.204414194449782 1.2665950832888482 0.54688761476427306
leaf_count=55 123 362 80 196 47 808 174 1661 228 10 4714 91 80 13 330 144 22048 104 4827 76 93 174 6 504 29 76 42 1291 100 44
internal_value=0.000460232 -0.01376 0.0209784 -0.00347349 -0.0211599 0.0328019 0.0194128 0.00737846 -0.0205002 -0.0227042 -0.0232029 0.00972444 -0.00261064 -0.0145869 0.0162758 -0.0231595 -0.0239139 -0.0158838 -0.0189492 0.025103 0.0349328 0.0468992 -0.000257025 -0.00938839 -0.0195533 -0.0207643 -0.00550272 -0.0158522 0.0452634 0.0733754
internal_weight=693.282 409.681 283.602 100.751 361.502 182.85 80.9638 56.438 75.5701 353.814 72.5975 8.879 45.2399 27.8239 17.416 352.11 340.839 81.4561 80.1925 2.66586 8.04084 6.52901 11.2708 10.14 9.16468 77.5267 19.5277 16.7921 2.7356 1.81348
internal_count=38530 29765 8765 5309 29403 3456 2648 2474 5113 29356 5033 319 2351 1674 677 29346 28752 6704 6600 220 347 267 594 588 533 6380 1553 1333 220 144
cat_boundaries=0 1
cat_threshold=384
is_linear=0
shrinkage=0.04


Tree=48
num_leaves=31
num_cat=1
split_feature=6 18 2 4 13 3 26 16 15 11 22 22 26 9 9 8 18 24 24 24 5 4 0 19 15 24 11 9 2 8
split_gain=117.087 54.527 52.6934 86.4976 31.8392 25.4141 15.6548 9.64569 12.968 5.45846 5.28784 3.30133 3.26639 3.86205 3.72476 7.09615 6.26874 5.19291 4.09063 8.73272 3.35601 3.24605 4.47307 3.20949 5.03984 6.00732 4.61906 4.33356 3.49518 3.1948
threshold=0 3.6021870837399188 0.40903857802802651 5.5000000000000009 1.0000000180025095e-35 5.5000000000000009 0.2286563348599199 1.0000000180025095e-35 4.248357331456182 1.0157599881286086 0.46597771892742823 0.10016841892292645 0.021994033204724855 0.99145093642244408 -0.81957271806672938 -0.48726585771470449 7.869528682492005 0.11021459891887998 0.0017957339026487247 0.0014531639661579984 1.9466092413548914 6.5000000000000009 7.3197826200991054 4.79852719310417 7.0444248674144632 0.004561103343524186 0.95540453479307386 -0.49846138994909289 0.72259269125178083 -0.97946176472741764
decision_type=1 2 2 2 2 2 2 2 2 2 2 2 2 2 2 2 2 2 2 2 2 2 2 2 2 2 2 2 2 2
left_child=2 -2 3 4 6 11 10 8 9 -4 29 12 23 14 15 16 17 20 19 -16 -14 22 -5 24 25 27 -27 -3 -28 -1
right_child=1 5 7 21 -6 -7 -8 -9 -10 -11 -12 -13 13 -15 18 -17 -18 -19 -20 -21 -22 -23 -24 -25 -26 26 28 -29 -30 -31
leaf_value=-0.0034613868539681274 0.041232241057962402 0.081515823503716098 0.032844045581150907 -0.025305347039748582 0.03411808814061152 0.042266810469147771 0.035517908576608463 0.044583102501818725 0.048008250155473137 -0.029895904819541026 0.031536819247542543 -0.033541330639972361 -0.02649323106291596 0.020630923835340757 -0.024868978273414111 -0.021416379731680386 0.094833243260552286 0.069505923128687142 -0.031299767626091234 0.071064639557602768 0.042899142902997664 0.041139934355919401 0.029069929043864511 -0.018634295250753639 0.062284104857150205 0.045138847526573642 -0.02826333037913531 -0.016522940600816844 0.038590295599564894 -0.02620682348508965
leaf_weight=11.210828228853641 22.794456422328949 0.96915836073458195 1.9882481321692491 2.4401486357673994 19.438378507271409 8.7449702173471433 6.8985415436327449 91.60884415730834 7.9073037821799508 8.6414799522608501 1.9687813371419896 49.013926717452705 4.6928264722228041 2.2729637008160344 4.154985590837895 55.170825462788343 0.48001133929938067 0.45868558529764403 109.03461185004562 1.1549202604219315 0.44507356453686941 73.058770722709596 8.0655049290508014 53.571561035700142 0.94883903767913658 0.87392721045762201 12.082618266344067 0.68980176281184025 0.51819555554539043 109.72953257709742
leaf_count=871 180 79 14 132 508 69 119 743 53 573 15 4234 402 147 365 4759 33 37 9373 95 40 649 213 4547 71 71 1034 60 32 8784
internal_value=6.132e-05 -0.0167389 0.0161515 0.00577648 -0.0124639 -0.0217345 -0.0196469 0.0392846 0.0121579 -0.0163456 -0.0230048 -0.0237577 -0.0216932 -0.0246088 -0.025308 -0.0168692 0.0216082 0.00190376 -0.0296427 0.00395242 -0.0144722 0.0381159 0.0153385 -0.014005 0.00160368 -0.00582549 -0.0156537 0.049868 -0.0228788 -0.0241441
internal_weight=671.029 328.072 342.956 232.81 149.246 305.278 129.808 110.146 18.537 10.6297 122.909 296.533 247.519 177.865 175.592 61.2474 6.0766 5.59659 114.345 5.30991 5.1379 83.5644 10.5057 69.6541 16.0825 15.1337 13.4747 1.65896 12.6008 120.94
internal_count=38302 25628 12674 11291 10297 25448 9789 1383 640 587 9670 25379 21145 15251 15104 5271 512 479 9833 460 442 994 345 5894 1347 1276 1137 139 1066 9655
cat_boundaries=0 1
cat_threshold=464
is_linear=0
shrinkage=0.04


Tree=49
num_leaves=31
num_cat=1
split_feature=1 4 6 22 2 26 18 18 13 14 1 4 26 3 18 11 11 26 24 2 1 22 1 8 8 19 9 25 19 25
split_gain=107.575 90.2647 37.7064 39.7725 22.0156 23.8022 18.9458 18.3989 13.1468 9.39109 7.25009 5.86188 5.08455 3.61138 3.49168 3.47252 3.35037 3.13956 4.14927 5.44193 11.2513 4.43658 3.7797 3.65394 8.46077 2.98388 2.8612 4.83257 9.90103 5.62821
threshold=1.8951034886086171 9.5000000000000018 0 0.23495650421036066 0.38644018000782626 0.21452652395942454 4.8492138126836855 5.8352079565182349 1.5000000000000002 0.40938867474622515 -1.0000000180025095e-35 7.5000000000000009 0.4676905408112913 5.5000000000000009 8.0304782403973416 5.3864718679545387 0.28923565758574049 0.0060386018415424696 0.033402835768969207 0.044582419589793275 0.31794721909343587 0.058608560593911792 0.84434787610153628 -0.72736097528359089 -0.86864049844560265 7.5651038178752481 -0.32844506732311113 0.024330401086530781 5.7188346409098028 0.015071531120727731
decision_type=2 2 1 2 2 2 2 2 2 2 2 2 2 2 2 2 2 2 2 2 2 2 2 2 2 2 2 2 2 2
left_child=1 6 4 9 5 7 10 -2 12 14 -1 -9 17 -3 16 -16 -4 18 19 20 -8 22 -22 24 -21 -18 27 28 -19 -30
right_child=2 13 3 -5 -6 -7 8 11 -10 -11 -12 -13 -14 -15 15 -17 25 26 -20 23 21 -23 -24 -25 -26 -27 -28 -29 29 -31
leaf_value=-0.029838335918888594 0.03374403110173186 0.015447034931941134 0.026013950557740022 0.04224795614702323 0.046193836474966991 0.045114798893336978 -0.013024747944864697 -0.028111947701926522 0.053147197978730382 0.028229801183043191 0.036732343675953461 0.02491475433921117 0.037326478528546168 0.043489672621683802 0.053394646003483683 -0.021973339039685711 -0.031781969807930951 -0.029284996792367235 -0.026397823085937983 -0.027188796540776661 0.14943539988886664 0.0039927744652298886 0.01039708179518282 -0.029237927476539166 0.079846244541123795 0.019862370198348713 -0.028367604425470542 -0.021144899629159858 -0.015345533486378564 0.10112089983407473
leaf_weight=2.4704931052401671 13.374538990668951 10.862547032535074 1.0353216417133797 20.930465064942837 90.358974728733301 25.653970297425985 3.3531524576246765 24.816719848662618 2.8520460352301589 4.7962805796414605 12.061642436310645 3.0445538423955432 1.4410514459013928 38.539179928600788 0.93054493516683523 1.1663233889266846 46.890594465658069 2.6138886744156471 10.340285747312008 2.047633927315474 0.68715403508394979 0.80724199675023545 0.58093440718948841 6.1530782161280504 0.9978060107678165 1.2212375188246358 121.98947344347835 198.78197079710662 0.60876653622835863 1.2616340620443223
leaf_count=130 187 75 13 188 731 210 279 1675 16 101 173 22 9 316 43 74 3525 223 887 181 55 64 45 530 82 59 10733 17546 46 92
internal_value=-0.000381859 -0.0125236 0.0212712 -0.00317568 0.0313986 0.0156512 -0.0193375 -0.00331317 -0.0211862 -0.0211409 0.0242227 -0.0216549 -0.021938 0.0377524 -0.0262138 0.0179147 -0.0284162 -0.0222875 -0.00819375 0.00554102 0.0340788 0.0896728 0.118407 -0.0129906 0.0189487 -0.0300933 -0.0233409 -0.0202001 0.0179017 0.0710741
internal_weight=652.67 418.45 234.22 76.9708 157.249 66.8898 369.048 41.2358 354.516 56.0403 14.5321 27.8613 351.664 49.4017 51.244 2.09687 49.1472 350.223 24.9673 14.627 5.42848 2.07533 1.26809 9.19852 3.04544 48.1118 325.256 203.266 4.48429 1.8704
internal_count=38310 31482 6828 4003 2825 2094 31091 1884 30788 3815 303 1697 30772 391 3714 117 3597 30763 2123 1236 443 164 100 793 263 3584 28640 17907 361 138
cat_boundaries=0 1
cat_threshold=384
is_linear=0
shrinkage=0.04


Tree=50
num_leaves=31
num_cat=2
split_feature=6 22 1 4 26 4 0 6 12 25 13 9 20 18 22 4 8 25 19 8 1 22 14 9 22 26 8 19 25 24
split_gain=109.219 49.8261 41.3612 59.29 26.2282 22.052 15.6041 13.9636 14.3673 6.95113 5.23498 4.19004 4.03739 4.04338 4.03668 3.96896 4.25665 3.80058 4.70379 3.85781 3.52745 3.55143 3.51115 2.82879 4.01764 4.05098 8.30165 5.83772 7.64667 13.7855
threshold=0 0.46597771892742823 3.9328621583702881 6.5000000000000009 0.19445101185387828 11.500000000000002 8.9542948057105747 1 1.0000000180025095e-35 0.40748049469446973 1.0000000180025095e-35 0.9822935704606458 3.5000000000000004 5.390228737737174 0.01001867772952709 4.5000000000000009 -0.31825770669702824 0.024330401086530781 5.7188346409098028 -0.99824510329233085 0.35455808793825089 0.04179574577113148 0.0052449205416569286 -0.33850247812335116 0.20734162958880673 0.024638772382746161 0.90064522178592432 4.6965765606807208 0.17585196931418356 0.031851753621718243
decision_type=1 2 2 2 2 2 2 1 2 2 2 2 2 2 2 2 2 2 2 2 2 2 2 2 2 2 2 2 2 2
left_child=2 5 3 4 6 11 12 8 -4 10 15 23 13 -1 -13 22 -17 18 -15 20 21 -19 -8 24 25 26 27 28 -2 -30
right_child=1 -3 7 -5 -6 -7 9 -9 -10 -11 -12 14 -14 17 -16 16 -18 19 -20 -21 -22 -23 -24 -25 -26 -27 -28 -29 29 -31
leaf_value=0.0072052235386682196 -0.021231158860740375 0.044320907736321837 -0.028824535640624496 0.039669424002871691 0.040294437970461748 0.038113798787248916 0.029368263706207258 0.040027704615461158 0.043425384353661618 0.039136491017288055 0.037244797430058714 0.052493704592959378 0.036839635722654446 -0.022901599489584003 -0.0087587505509233755 0.060984075339499282 -0.015679305188299308 0.084207041395163482 0.063919978579695808 -0.025622802337508681 -0.021601285767522928 -0.014129528898200889 -0.021818907794223259 -0.029477971357395334 0.016775628319081567 -0.02556530591682514 0.074610360863211822 -0.021137837578394495 0.086015667604753446 -0.027990832441225352
leaf_weight=7.1591338133439413 5.2617512941360456 18.998011276125908 13.061477010138335 59.711903032846749 15.8738571787253 8.896453455090521 1.5680439537391162 94.71846136637032 5.4279479505494228 8.966103811748324 3.8490274902433148 1.1476148953661303 1.0938550233840931 1.3004888175055378 7.7573593044653535 1.50640354026109 1.5514947874471534 0.60787393897771769 0.91895291581749905 93.231199984438717 1.1427583564072845 0.53680547140538692 16.36874326877296 99.308036649599671 3.8070198539644471 120.79637795221061 0.74210918322205444 42.319619609974325 3.1056363275274634 2.2394506325945258
leaf_count=268 479 159 796 569 289 73 65 870 45 128 72 56 6 108 562 69 62 53 64 8034 97 49 1116 9033 217 10878 68 3785 250 197
internal_value=0.000133486 -0.0164319 0.0159973 0.00613296 -0.00690165 -0.0210302 -0.0125087 0.0359475 -0.0042788 0.0109146 -0.000390885 -0.022993 -0.0200126 -0.0209478 0.00363784 -0.00867041 0.0278087 -0.023062 0.021735 -0.0243173 0.0205004 0.0530056 -0.0160295 -0.0238573 -0.0205793 -0.0214854 -0.0120028 -0.0145782 0.0111598 0.0413665
internal_weight=642.974 314.379 328.595 215.387 155.675 295.381 139.801 113.208 18.4894 33.8098 24.8437 286.485 105.991 104.897 8.90497 20.9947 3.0579 97.7381 2.21944 95.5186 2.28744 1.14468 17.9368 277.58 178.272 174.465 53.6686 52.9265 10.6068 5.34509
internal_count=38517 25757 12760 11049 10480 25598 10191 1711 841 1512 1384 25525 8679 8673 618 1312 131 8405 172 8233 199 102 1181 24907 15874 15657 4779 4711 926 447
cat_boundaries=0 1 2
cat_threshold=464 16
is_linear=0
shrinkage=0.04


Tree=51
num_leaves=31
num_cat=1
split_feature=6 1 18 3 4 2 18 14 17 3 17 2 1 26 1 23 23 5 14 23 23 17 9 18 5 23 26 26 2 18
split_gain=98.6889 58.5669 45.7552 48.1222 44.1374 26.1354 16.1275 10.2358 7.33037 15.6764 4.99978 4.67002 6.73534 4.0578 3.59529 5.84694 13.43 4.59043 5.12873 4.59869 6.22629 6.45622 3.42767 3.20564 3.59229 3.13936 3.72714 3.63377 3.58749 2.89695
threshold=0 4.1205382527117882 3.6021870837399188 5.5000000000000009 4.5000000000000009 0.40903857802802651 5.390228737737174 0.53217592904703948 2.5000000000000004 4.5000000000000009 6.5000000000000009 0.098270361657004715 -0.16096588023154301 0.14934136906163956 0.25874905163344958 0.0091669712388749523 0.0088276629994095343 0.54499885602688358 0.0029737071515205681 0.030470188715266383 0.055028867601018522 1.5000000000000002 0.99145093642244408 6.8374320554192725 1.218180970478582 0.10469718821354142 0.18546620394262328 0.011467411055713479 0.084530389747036083 3.6021870837399188
decision_type=1 2 2 2 2 2 2 2 2 2 2 2 2 2 2 2 2 2 2 2 2 2 2 2 2 2 2 2 2 2
left_child=1 4 -2 7 5 6 13 22 9 11 14 -6 -13 29 -8 16 -16 19 -19 -17 21 -21 25 -24 -25 -4 27 28 -27 -1
right_child=2 -3 3 -5 8 -7 10 -9 -10 -11 -12 12 -14 -15 15 17 -18 18 -20 20 -22 -23 23 24 -26 26 -28 -29 -30 -31
leaf_value=0.035886509728251526 0.040519982328164991 0.0451209946534704 -0.023723510103864066 0.043862315559070886 -0.029690078275488866 0.040873022523681198 -0.034592239771944415 0.036471390729554132 0.042774950285564252 0.041757978430957125 0.026550834347715716 0.07334982352198427 -0.011036578478481987 0.057545067844429164 -0.0074046395038011685 -0.026865728018272819 0.11775504782239653 0.034325759579364817 -0.032628126500876979 0.11921692076394511 -0.02114408739300027 -0.014676970936717158 -0.025266866474301194 0.055968393882547013 -0.019513781367979089 0.064573788802473067 0.054945998688329903 -0.019776384618311355 -0.018884157851676121 -0.010182752876012209
leaf_weight=2.5420701429247838 22.069408617913723 88.084464667364955 292.25895083229989 18.18422232568264 9.2846798617392796 13.347034356556831 33.160900194197893 3.938220612704753 36.568753433413804 16.418118469417095 2.4314042702317229 1.1057623298838732 4.6739383675158015 3.4747278550639749 13.310165024362501 1.9718102263286699 0.51892686542123634 1.1434111855924118 34.235442047938704 0.75608561560511611 1.0872065778821705 0.56512502115219831 1.6470905113965262 1.8903329279273751 0.92650280520319928 0.90472268126904676 0.60586060117930252 9.640870542265473 0.83192852605134249 4.8818169049918652
leaf_count=18 190 788 26547 157 603 112 3078 28 386 140 14 78 231 37 1029 171 36 84 2907 62 88 45 119 104 68 68 17 867 61 200
internal_value=6.87388e-05 0.0178932 -0.0136777 -0.0178166 0.0054833 -0.00979017 -0.0168844 -0.0215325 0.0307139 0.0158186 -0.0225257 -0.0132913 0.0135458 0.0272904 -0.0241881 -0.0172341 0.00491599 -0.02487 -0.0295802 0.0116002 0.0417354 0.080296 -0.0223878 0.0104852 0.0325332 -0.0229029 -0.00260345 -0.00985958 0.0323025 0.00797962
internal_weight=622.46 269.562 352.898 330.829 181.477 113.426 100.079 312.644 68.0513 31.4825 89.1805 15.0644 5.7797 10.8986 86.7491 53.5882 13.8291 39.7591 35.3789 4.38023 2.40842 1.32121 308.706 4.46393 2.81684 304.242 11.9834 11.3775 1.73665 7.42389
internal_count=38333 10107 28226 28036 9319 7881 7769 27879 1438 1052 7514 912 309 255 7500 4422 1065 3357 2991 366 195 107 27851 291 172 27560 1013 996 129 218
cat_boundaries=0 1
cat_threshold=448
is_linear=0
shrinkage=0.04


Tree=52
num_leaves=31
num_cat=0
split_feature=1 4 25 18 17 17 2 16 23 26 24 0 25 0 23 20 26 5 14 24 26 24 2 17 23 1 5 2 4 1
split_gain=85.2038 72.6063 29.1427 34.2257 24.2047 16.3396 14.5211 11.8941 6.75297 6.30368 5.06423 3.98742 3.97227 4.1281 5.33761 3.80434 3.53454 3.45805 3.29502 7.2515 2.96541 8.03754 5.53475 8.07547 5.53974 2.94988 5.09288 3.09251 2.91744 2.88043
threshold=1.8951034886086171 9.5000000000000018 0.45541249411774914 5.448804361820085 7.5000000000000009 5.5000000000000009 0.60458259190409225 1.0000000180025095e-35 0.2072074871879285 0.4676905408112913 0.27358072157480967 6.8590635053043369 0.024330401086530781 7.6189396864126744 0.025542870342630596 1.5000000000000002 0.20316285815169824 0.84757616725112261 0.0034117751530696899 0.0049232544532864094 0.0060386018415424696 0.033402835768969207 0.083545670632959201 1.5000000000000002 0.02102607961592512 2.0632641511959977 0.71236333354811976 0.063428640448604065 4.5000000000000009 0.05789263851344912
decision_type=2 2 2 2 2 2 2 2 2 2 2 2 2 2 2 2 2 2 2 2 2 2 2 2 2 2 2 2 2 2
left_child=1 4 3 -2 8 6 10 15 9 12 16 -3 13 28 -15 -8 25 -16 19 -14 21 22 23 24 -20 26 27 -5 -1 -21
right_child=2 11 -4 5 -6 -7 7 -9 -10 -11 -12 -13 18 14 17 -17 -18 -19 20 29 -22 -23 -24 -25 -26 -27 -28 -29 -30 -31
leaf_value=-0.031257499548799292 0.039104628910403678 0.041889478952479069 0.041894271079578507 -0.0091351745402475735 0.041764412668103844 0.035887143417078091 -0.022413756580608468 0.035926289935518774 0.031886199009148415 0.045045632116937809 0.034334666568845471 0.01092042299874765 0.067409256381149571 -0.0089279303096739746 0.11176360536238603 0.043296721589557989 0.015670594516136976 0.0041726611071738516 0.091315453215566916 -0.032820791684567314 -0.021611708009086024 -0.0326878409310025 -0.015424410496392031 -0.018341889994580154 0.0081182426633927812 -0.027044107701872409 -0.020369238754106442 0.083343970039466364 0.032701581298184033 0.0088083447483492967
leaf_weight=3.3907548552379003 46.124539110809565 37.968609847128391 71.864880547858775 0.62327026762068161 10.239929035305975 14.472444869577883 10.888018355704844 16.340889685787261 3.4051834167912594 1.5517911911010731 1.8121243491768826 9.0603750944137555 1.2281731916591514 1.8675669860094788 0.57814957760274388 0.66585721261799413 3.1267997920513144 0.80150366760790348 2.6443931870162505 4.2985264817252737 291.10246987361461 9.3233264908194524 5.4037205716595054 2.6180014722049236 2.3030812731012702 50.326386315748096 3.4835960157215595 0.61893557757139206 0.64571531396359194 4.6757756099104881
leaf_count=299 527 335 751 43 69 125 967 166 49 7 11 66 96 132 38 38 76 66 225 395 27456 868 490 226 210 3852 303 53 52 395
internal_value=0.00129169 -0.00986425 0.0211489 0.0108951 -0.0162206 -0.00207196 -0.00865623 0.0148354 -0.0181073 -0.0187135 -0.0196435 0.0362747 -0.0191474 0.0090381 0.0372703 -0.0154796 -0.0218766 0.0772788 -0.0198077 0.00234697 -0.0205341 -0.00613833 0.0139213 0.0342355 0.0604634 -0.0242507 0.00502501 0.0535632 -0.0165645 -0.0124227
internal_weight=613.455 393.107 220.348 148.483 346.078 102.358 87.8859 27.8948 335.838 332.433 59.9911 47.029 330.881 7.28369 3.24722 11.5539 58.179 1.37965 323.597 10.2025 313.395 22.2925 12.9692 7.56548 4.94747 55.0522 4.7258 1.24221 4.03647 8.9743
internal_count=38386 31474 6912 6161 31073 5634 5509 1171 31004 30955 4338 401 30948 587 236 1005 4327 104 30361 886 29475 2019 1151 661 435 4251 399 96 351 790
is_linear=0
shrinkage=0.04


Tree=53
num_leaves=31
num_cat=1
split_feature=6 2 4 22 3 17 18 14 0 1 1 1 22 15 24 22 9 19 23 24 24 5 22 24 22 5 14 5 18 24
split_gain=95.7381 52.8092 54.9046 50.5553 42.8211 20.6982 12.0509 5.27141 4.19678 5.96594 5.02104 3.87342 3.64942 4.72184 4.98387 4.18661 5.47293 5.8486 8.48773 8.8474 15.9893 4.38271 4.60195 4.75888 3.9796 3.42617 3.32 5.88504 3.20404 2.9891
threshold=0 0.40903857802802651 5.5000000000000009 0.26751059843181363 5.5000000000000009 5.5000000000000009 3.6021870837399188 0.45940432964303174 9.8007481623513417 1.5704809274945193 0.57395252082223458 -2.0628564972115631 0.055975299302159547 0.11028276366817734 0.029201808119917457 0.039437647928166654 -0.76431711517319922 5.1263286501089711 0.01142628201427289 0.03017898298496785 0.009491412976912186 0.79030334276010139 0.051888157761878599 0.03529920115552615 0.049967401105297397 1.3012108047832858 0.0045730003559401522 0.70345889032862863 7.9859473004734527 0.036404582103901947
decision_type=1 2 2 2 2 2 2 2 2 2 2 2 2 2 2 2 2 2 2 2 2 2 2 2 2 2 2 2 2 2
left_child=1 2 5 4 7 6 -1 12 11 10 -10 29 13 14 25 -15 17 18 -17 20 -20 22 28 -24 -22 -2 27 -14 -18 -8
right_child=3 -3 -4 -5 -6 -7 8 -9 9 -11 -12 -13 26 15 -16 16 21 -19 19 -21 24 -23 23 -25 -26 -27 -28 -29 -30 -31
leaf_value=0.03961954241230755 0.090467394379582247 0.045256971978915261 0.036722314806233669 0.04011319285747976 0.041142201560746543 0.037323459745373218 -0.016316888208930326 0.019589213832908074 -0.019601029443318572 -0.019785635739547888 0.070056214506696537 -0.02224716420547062 0.055869594306441228 -0.022815054260787664 -0.022252359181720655 -0.026379544781615551 -0.022872520602906385 -0.0085532956231814602 -0.019442036924282455 -0.0014174759928980388 0.18409772796096682 -0.031164594078724121 0.082798566632484805 -0.017496385389932104 0.014643045681069203 -0.012303791865782645 -0.029474493400745573 -0.022948896336923465 0.04398217455792984 0.067812290406637735
leaf_weight=5.0647295936942092 0.83637938648462229 81.903977719135582 61.673874671570957 24.834024417214096 17.495894029736519 12.36784917488694 0.67655036505311617 4.149518351070582 0.93725544400513117 4.3498831512406468 2.1448364546522498 89.873278214596212 1.2657698141410936 136.52605651132762 1.1959923114627597 1.8186484258621956 5.8527264147996929 11.496027162298558 0.92590501252561841 2.0715870121493936 0.96148101612925507 16.668255058117211 0.95048914849758126 0.7614858727902174 0.45954432152211666 0.42522054444998503 110.09760295879096 3.5949054500088096 0.42520345840603102 0.4816457275301218
leaf_count=42 75 755 824 286 161 97 64 96 77 210 101 7948 96 12683 98 165 561 1077 89 193 91 1555 86 70 42 33 10520 338 33 38
internal_value=0.000286579 0.0181928 0.00654468 -0.0134189 -0.0181331 -0.00969106 -0.0156109 -0.0217094 -0.0188216 0.00907169 0.044669 -0.0211727 -0.0223517 -0.0186017 0.028844 -0.0194101 -0.0081712 0.00851121 0.0367995 0.0628731 0.103089 -0.0200327 0.00407374 0.0481856 0.157981 0.0657043 -0.0280567 0.00360703 -0.0129234 0.0338791
internal_weight=602.287 259.474 177.57 342.813 317.979 115.896 103.528 300.483 98.4634 7.43198 3.08209 91.0315 296.333 181.375 2.45759 178.917 42.3914 17.7332 6.23717 4.41852 2.34693 24.6582 7.9899 1.71198 1.42103 1.2616 114.958 4.86068 6.27793 1.1582
internal_count=38504 10156 9401 28348 28062 8577 8480 27901 8438 388 178 8050 27805 16851 206 16645 3962 1657 580 415 222 2305 750 156 133 108 10954 434 594 102
cat_boundaries=0 1
cat_threshold=448
is_linear=0
shrinkage=0.04


Tree=54
num_leaves=31
num_cat=1
split_feature=6 1 22 26 14 24 24 2 13 14 26 19 2 11 5 9 11 2 23 2 23 9 8 5 25 9 25 19 23 25
split_gain=91.3048 46.5942 46.5043 27.8637 20.4391 13.8473 13.2808 10.9789 11.3291 3.96468 3.4758 5.01026 8.12379 5.91941 5.33663 4.59039 3.43994 11 3.18733 3.80834 3.04188 2.77298 8.31922 4.58113 6.61528 2.70449 5.22641 4.48887 5.09679 8.93287
threshold=0 4.1205382527117882 0.26751059843181363 0.29493109437780574 0.45940432964303174 0.16591924438552141 0.20406521918373799 0.54585081679801717 1.0000000180025095e-35 0.33078063625802051 0.012053902790750484 4.2092025819768422 0.026270557579929438 4.7395180843150007 0.4855305652690316 -0.43877063783806963 3.4040903519450265 0.21534725436248517 0.091786958362344642 0.084530389747036083 0.013811536503259931 -0.84457956949210311 -0.47858602230848996 1.8829413749389892 0.073286864931100218 -0.94032010294751989 0.20280124413273715 4.6823494224259212 0.039875543616374749 0.25437989659701121
decision_type=1 2 2 2 2 2 2 2 2 2 2 2 2 2 2 2 2 2 2 2 2 2 2 2 2 2 2 2 2 2
left_child=1 3 4 5 6 7 10 8 9 16 11 12 -2 -14 15 -13 17 -1 -16 -20 -10 22 23 24 -12 26 -24 -28 29 -29
right_child=2 -3 -4 -5 -6 -7 -8 -9 20 -11 21 14 13 -15 18 -17 -18 -19 19 -21 -22 -23 25 -25 -26 -27 27 28 -30 -31
leaf_value=-0.01784350186042127 0.097759033711155449 0.043834894743224745 0.039424544374018093 0.043999351918436132 0.03428529771819238 0.03763704523003545 0.030347288745723042 0.043428070383409886 -0.0067133297293620539 0.023160566745574478 0.073091251105261684 -0.011001947717273823 0.060813838506871838 -0.03051303134061965 -0.022443114318234893 0.067000004887813117 -0.014080204721074368 0.08347465773243723 0.054870606809051738 -0.022396214971357572 0.036845823858759091 -0.025776162317691198 -0.024372454508915911 0.087967880262839429 -0.016994949475050151 -0.030456437769084497 -0.031178894689325529 0.070824288837290847 -0.020403016957433264 0.00041960933434538719
leaf_weight=4.6705334978178135 0.73914056830108066 81.021358771249652 23.856810069642961 26.602237563580275 10.868635799735783 13.25493485573679 7.487552171573042 6.4419301822781554 2.9692006157711139 4.3867097543552509 0.76525998860597511 2.0270125167444353 0.5839947480708364 3.0539981247857213 34.495844260789454 1.3169630765914906 102.21858925186098 1.4970726603642104 1.1024937955662601 1.1902596382424233 10.19747502170503 165.42333510890603 30.515029525384307 0.56111771054565895 4.0772730484604836 25.300545775331557 4.2717875530943301 3.3954786704853204 4.9874306833371511 8.4169273544102889
leaf_count=418 64 790 287 228 157 192 148 48 124 88 73 171 49 281 3242 104 7886 56 96 98 268 15932 2886 57 373 2379 401 327 483 742
internal_value=0.000616326 0.0182933 -0.0129441 0.00715081 -0.0174958 0.000165828 -0.0194813 -0.00384009 -0.00658097 -0.0107347 -0.0208572 -0.010234 0.0265282 -0.00590147 -0.014791 0.0280696 -0.0123057 0.0149646 -0.0193266 0.0201386 0.0272424 -0.0227172 -0.0163322 0.0281192 0.00731482 -0.0197772 -0.01406 0.00130158 0.0108482 0.0246057
internal_weight=587.697 253.26 334.437 172.239 310.58 145.636 299.711 132.382 125.94 112.773 292.224 44.5097 4.37713 3.63799 40.1326 3.34398 108.386 6.16761 36.7886 2.29275 13.1667 247.714 82.2909 5.40365 4.84253 76.8872 51.5867 21.0716 16.7998 11.8124
internal_count=38448 10098 28350 9308 28063 9080 27906 8888 8840 8448 27758 4105 394 330 3711 275 8360 474 3436 194 392 23653 7721 503 446 7218 4839 1953 1552 1069
cat_boundaries=0 1
cat_threshold=448
is_linear=0
shrinkage=0.04


Tree=55
num_leaves=31
num_cat=1
split_feature=6 2 17 23 3 3 23 14 2 13 9 26 17 14 15 23 23 14 23 2 24 9 26 23 14 26 26 0 23 23
split_gain=80.388 47.3845 47.025 34.9424 37.7072 31.1616 9.27294 5.89246 5.19066 5.14087 4.24547 4.07331 7.83701 3.8139 4.69303 3.63594 4.12399 3.66295 3.36033 6.03364 5.95207 5.0632 4.80619 3.47006 3.45037 7.1554 8.565 3.16512 4.32587 5.47445
threshold=0 0.38644018000782626 3.5000000000000004 0.2072074871879285 5.5000000000000009 4.5000000000000009 0.2072074871879285 0.40938867474622515 0.22657416221635499 1.5000000000000002 0.9822935704606458 0.083731643384940116 7.5000000000000009 0.033021963802105141 1.7636035144251019 0.055883604402807339 0.049510763817535129 0.033021963802105141 0.10146005057873873 0.083545670632959201 0.023452208146267906 -0.93339358378154913 0.078129191416379626 0.02952972848019253 0.0045730003559401522 0.063210243139389569 0.082107192231013856 8.9542948057105747 0.020093244052895528 0.01601063420915071
decision_type=1 2 2 2 2 2 2 2 2 2 2 2 2 2 2 2 2 2 2 2 2 2 2 2 2 2 2 2 2 2
left_child=1 2 5 4 7 6 15 9 -9 10 18 12 -4 -12 -15 16 27 -18 23 20 -20 -22 -23 -2 25 -25 -27 -1 29 -29
right_child=3 -3 11 -5 -6 -7 -8 8 -10 -11 13 -13 -14 14 -16 -17 17 -19 19 -21 21 22 -24 24 -26 26 -28 28 -30 -31
leaf_value=-0.021194092630364175 -0.018694421470611029 0.04342900761577654 -0.01064643045648247 0.041053269848828108 0.040668035116650347 0.040946608132011848 0.036335744430149149 -0.020623230437046322 0.042260285809718148 0.031794152126037381 -0.028637291450495376 0.043670799386664357 0.041469617282073261 0.058538924113466652 -0.006146520987388179 -0.035572106469266521 0.055118640232624055 -0.0090074187560019274 -0.016817594122424697 -0.027669755963502626 -0.017366162645221773 0.099829998193389571 -0.013287035617616745 -0.029834935836810916 -0.030112112797645491 0.11856243484950961 -0.019435322196509768 0.00058080764583006296 -0.026976872256929799 0.073433043714811963
leaf_weight=62.400818990543485 166.47933355811983 78.011413198895752 7.7623549699783352 17.27591981459409 16.854348801076412 16.697280220687389 4.1631467435508958 2.9089446738362303 3.8118005739524961 2.1657452657818785 2.4044998474419099 37.736331612803042 9.3064409345388395 2.2302741883322597 3.6597332851961255 17.293583556078374 1.5066890837624658 2.766757421195507 2.3897644923999888 5.2728095967322588 0.75316793005913529 1.8513122620061042 0.49044524691998947 2.7579848840832701 94.281239152885973 0.51187878381460883 0.92170050088316202 7.6782931722700578 4.9238364258781067 1.1078689238056538
leaf_count=5680 16309 778 244 191 162 159 41 169 30 20 196 393 67 156 286 1558 115 236 233 523 74 162 53 258 9448 46 86 490 402 74
internal_value=0.000475485 0.017073 0.00601002 -0.0124362 -0.0159423 -0.00818111 -0.0165557 -0.0193272 0.0158965 -0.020207 -0.0207137 0.0363007 0.0184913 0.00677389 0.0232882 -0.0191553 -0.0152298 0.0197663 -0.0215621 0.000325095 0.0273551 0.0572409 0.0792526 -0.0224486 -0.0285438 0.00573698 0.0583105 -0.0174256 1.43245e-06 0.016332
internal_weight=578.376 251.355 173.343 327.021 309.745 118.538 101.841 292.891 6.72075 286.17 284.004 54.8051 17.0688 8.29451 5.89001 97.6778 80.3843 4.27345 275.71 10.7575 5.48469 3.09493 2.34176 264.952 98.4728 4.19156 1.43358 76.1108 13.71 8.78616
internal_count=38639 10237 9459 28402 28211 8755 8596 28049 199 27850 27830 704 311 638 442 8555 6997 351 27192 1045 522 289 215 26147 9838 390 132 6646 966 564
cat_boundaries=0 1
cat_threshold=448
is_linear=0
shrinkage=0.04


Tree=56
num_leaves=31
num_cat=0
split_feature=16 3 0 26 26 22 18 2 24 3 13 1 9 25 1 8 1 15 2 25 18 13 19 13 25 2 23 5 5 23
split_gain=76.6143 58.6616 29.9968 24.8019 19.5501 13.5048 12.8888 12.0312 8.39032 7.18385 5.20198 4.64482 3.95918 3.66849 3.35579 2.93963 2.88232 5.27127 3.10168 2.76619 3.78962 3.60813 2.6552 2.37952 2.27916 2.27012 2.09302 1.7572 5.39499 6.09073
threshold=1.0000000180025095e-35 5.5000000000000009 8.9542948057105747 0.29493109437780574 0.19445101185387828 0.46597771892742823 5.390228737737174 0.40903857802802651 0.14091990189930997 4.5000000000000009 1.5000000000000002 0.57395252082223458 -0.85603030165724092 0.63750947092527643 2.0632641511959977 -0.94120566935589933 -0.69340275328047651 1.994624166128002 0.31020694739373639 0.15226032011560281 5.8352079565182349 1.0000000180025095e-35 6.1168142798563077 1.5000000000000002 0.45541249411774914 0.037626329674082568 0.065421288462893037 0.54499885602688358 0.53860034506976462 0.014375977788758064
decision_type=2 2 2 2 2 2 2 2 2 2 2 2 2 2 2 2 2 2 2 2 2 2 2 2 2 2 2 2 2 2
left_child=1 3 4 5 6 8 -2 9 10 23 13 -4 -10 27 -15 -14 17 -17 26 20 -13 22 -22 -8 -9 -21 -18 28 -1 -30
right_child=2 -3 11 -5 -6 -7 7 24 12 -11 -12 19 15 14 -16 16 18 -19 -20 25 21 -23 -24 -25 -26 -27 -28 -29 29 -31
leaf_value=-0.016095109213328535 0.027641985619961389 0.041404910808483887 -0.0080188049676394799 0.036849716548012709 0.041868932145085073 0.036531528527821593 -0.028508084782378453 -0.0007287889104191027 -0.022724733852514115 0.032970264276830488 0.033085932289598954 0.036355740075386715 -0.021042692053149122 -0.016851141263902008 0.0415696263579554 0.11641955356198408 -0.02292573495481625 -0.013076211253884132 0.043221859527797481 0.011837697167878011 -0.02704430977487314 0.040002205757658456 0.017350972671225116 0.022192658564647617 0.040941517472669262 0.040399637674513419 0.031014885475648239 -0.022619381275820773 0.10048483483530062 -0.018465309408656334
leaf_weight=35.091937572695315 12.773963666521011 30.177173435688019 3.7494682362303129 12.778561813756822 14.938948424533008 6.2033882290124884 44.348317222669721 3.1405843924730998 2.6925525274127713 2.5894561037421218 2.0240518227219573 9.5305946944281477 1.0859535792842496 2.4091359367594114 2.0637419279664755 0.53254003822803386 2.6936772838234906 0.47784073930233717 2.9123835656791925 5.7910063397139302 5.0082048662006837 1.8646171148866413 2.5201913835480809 0.8321702778339376 5.1357142478227615 78.753783375956118 0.70314523484557856 268.65543744247407 0.42244722507893928 0.84054475836455822
leaf_count=3347 195 298 228 132 201 60 3951 49 238 24 15 113 109 229 20 47 235 46 62 170 326 27 112 6 51 1129 29 26893 44 85
internal_value=-0.000617802 -0.0111897 0.019913 -0.0159434 0.00191704 -0.0181006 -0.00723086 -0.0155242 -0.0192608 -0.0232477 -0.0204841 0.033824 0.0139303 -0.0209399 0.012774 0.0268397 0.0356191 0.0791358 0.0187767 0.0354025 0.0198774 0.00126835 -0.0118907 -0.0271139 0.0267551 0.0386045 -0.00724555 -0.0214744 -0.0126344 0.0481434
internal_weight=562.742 371.765 190.977 341.587 83.7592 328.809 68.8202 56.0462 322.605 47.7699 311.507 107.218 11.0981 309.483 4.47288 8.40554 7.31959 1.01038 6.30921 103.468 18.9236 9.39301 7.5284 45.1805 8.2763 84.5448 3.39682 305.01 36.3549 1.26299
internal_count=38471 31889 6582 31591 4477 31459 4276 4081 31399 3981 30633 2105 766 30618 249 528 419 93 326 1877 578 465 438 3957 100 1299 264 30369 3476 129
is_linear=0
shrinkage=0.04


Tree=57
num_leaves=31
num_cat=0
split_feature=16 4 0 26 26 4 1 13 18 25 1 23 1 20 11 25 19 15 2 11 11 1 15 11 23 26 18 5 5 19
split_gain=67.7004 57.7837 32.6572 20.9513 16.2587 12.851 12.9039 12.2748 9.45508 6.46457 3.96741 3.88961 3.70202 3.50778 2.81731 7.59661 6.93544 6.58919 4.54507 3.38356 3.62639 5.39223 3.76914 7.8383 3.49813 4.63109 6.53365 3.58076 14.1846 6.34952
threshold=1.0000000180025095e-35 10.500000000000002 8.9818139475851435 0.19445101185387828 0.4676905408112913 5.5000000000000009 6.0897173809473912 1.5000000000000002 3.6021870837399188 0.63750947092527643 0.57395252082223458 0.2072074871879285 2.0632641511959977 3.5000000000000004 5.5941356765428996 0.021256930781233866 5.6599958596183759 7.5455056751750815 0.11742429293296473 6.0401571850757083 6.0565419126802729 0.48145126139822358 0.24684380244811069 6.3065614896120152 0.0164492459883827 0.18546620394262328 7.4153209442174131 1.0175330317809592 0.91016752140927448 6.2729468150550014
decision_type=2 2 2 2 2 2 2 2 2 2 2 2 2 2 2 2 2 2 2 2 2 2 2 2 2 2 2 2 2 2
left_child=1 4 3 5 7 6 8 9 -2 11 -4 14 -11 -10 15 16 -1 -17 -19 -16 21 -21 23 -22 27 -26 -27 28 -24 -30
right_child=2 -3 10 -5 -6 -7 -8 -9 13 12 -12 -13 -14 -15 19 17 -18 18 -20 20 22 -23 24 -25 25 26 -28 -29 29 -31
leaf_value=-0.020576303212830958 0.031308442360901537 0.03977657531078059 -0.00433239361976332 0.040292067407297461 0.043549355981802707 0.026275250288289597 0.032352595725941721 0.040465477133356256 -0.031302764556343295 -0.015454904259639475 0.035621643945560368 0.024502265197369769 0.042048461139796024 0.028016864864964127 -0.0293579283656435 -0.017544746511438673 0.090215858895928203 -0.0075549296072764905 0.05248185785930292 -0.023276744337324091 0.077898922185891575 0.068029174535280026 -0.014942150531518268 -0.026298361972897508 -0.028099035666616062 -0.021812441245254402 0.08116109263531622 -0.022250456938543713 0.083814312871174787 -0.018672868475244821
leaf_weight=1.0372129315510386 3.6750451996922484 32.95232816785574 3.9232328403741112 16.187812186777592 6.476947881281375 12.438361786305903 6.4687035204842678 5.0571371614933005 44.353191514033824 2.218876293860375 102.15491669997573 2.5605925517156711 3.7121045757085085 0.9150455966591825 65.483666889369488 124.17021738737822 1.1438554530031977 3.8660741858184329 2.7791301878169179 1.3592544114217155 1.0316101387143128 1.0279574417509136 17.785803864710036 1.8631799607537685 60.020171293523163 1.6973619181662791 0.64586897566914547 20.219307745341212 2.9898099647834893 0.85996174672618497
leaf_count=106 36 331 229 210 54 245 84 41 3922 212 1824 48 38 7 6697 12509 89 399 192 146 100 87 1792 192 6204 127 49 2034 288 92
internal_value=0.000209791 -0.00995971 0.0194689 0.000794966 -0.0150621 -0.00907664 -0.0173372 -0.0163741 -0.0244209 -0.017407 0.0341173 -0.0182147 0.0214096 -0.0295241 -0.018648 -0.0140527 0.0476228 -0.0154345 0.0211339 -0.0220409 -0.0174391 0.0245171 -0.0185923 0.0213011 -0.0198923 -0.0258803 0.022357 -0.0105745 0.000838152 0.061791
internal_weight=551.075 360.958 190.116 84.0382 328.006 67.8503 55.412 321.529 48.9433 316.472 106.078 310.541 5.93098 45.2682 307.98 132.996 2.18107 130.815 6.6452 174.984 109.5 2.38721 107.113 2.89479 104.218 62.3634 2.34323 41.8549 21.6356 3.84977
internal_count=38384 31827 6557 4504 31496 4294 4049 31442 3965 31401 2053 31151 250 3929 31103 13295 195 13100 591 17808 11111 233 10878 292 10586 6380 176 4206 2172 380
is_linear=0
shrinkage=0.04


Tree=58
num_leaves=31
num_cat=1
split_feature=6 2 4 22 3 26 18 24 22 9 26 9 9 5 18 14 25 0 26 18 0 14 0 19 0 26 5 14 9 5
split_gain=76.1941 44.2659 38.615 35.8291 34.3865 14.3806 10.0726 4.73749 4.12 4.6204 4.07863 3.9904 3.97554 10.3597 3.77911 3.89922 3.77638 3.45196 5.03739 5.46619 3.99002 3.23961 3.04844 4.61698 4.40419 5.90358 4.70646 4.39571 4.70081 4.19493
threshold=0 0.28100228106754938 5.5000000000000009 0.26751059843181363 5.5000000000000009 0.29493109437780574 3.6021870837399188 0.20406521918373799 0.10016841892292645 0.99145093642244408 0.2286563348599199 -0.85185120511733159 -0.9985731413822142 0.63457778620982286 6.8374320554192725 0.12218512173036687 0.13327148997223456 9.0756307197004649 0.0087298765414455682 7.2239022454870252 9.331777481674882 0.14327574666513274 8.3891919919097671 3.9320216746603083 8.2513243251734476 0.0081169015374059177 1.1386739216651633 0.043781573276805381 -0.51374193364939524 0.55050083348785661
decision_type=1 2 2 2 2 2 2 2 2 2 2 2 2 2 2 2 2 2 2 2 2 2 2 2 2 2 2 2 2 2
left_child=1 2 5 4 7 6 -1 8 9 10 22 -12 13 -8 -11 -16 -3 -14 19 -19 21 -20 24 -24 29 -26 -27 -28 -29 -2
right_child=3 16 -4 -5 -6 -7 12 -9 -10 14 11 -13 17 -15 15 -17 -18 18 20 -21 -22 -23 23 -25 25 26 27 28 -30 -31
leaf_value=0.038300752968790673 -0.00062546827761547532 -0.0033050865869227019 0.032565684747729515 0.037115243330161515 0.039712573047565064 0.04102225691907066 0.1023707543765691 0.024290522031459538 -0.03232722609668303 -0.019750296894661807 0.056248901020095651 -0.010451658006168919 -0.019874353366525859 -0.017550454204238106 0.073093574524766336 -0.01677580915255051 0.044115839898852933 -0.0092674427922292673 -0.00059875714312029578 0.092146847664991732 -0.021798275449406376 0.069772703622362556 0.01761246860395789 -0.03137972514747496 0.080699436604359673 -0.031162349827385794 -0.020598140775959898 0.098508629869929254 -0.014459530578044477 -0.020673365200798016
leaf_weight=5.1273601204156867 19.092345092911273 2.6450961455702773 57.282670623622835 20.592953393235803 15.538860268890856 7.9916467331349841 0.68191662710159962 3.0373186543583861 40.572842460125685 1.4753816518932574 1.3332239259034393 3.0895748268812886 77.730566926300526 2.9606423545628786 1.4645454045385125 0.6663891440257429 75.851444319821894 1.2962135970592492 3.1746638091281052 0.80800020787864912 10.121073405258356 0.54934031143784512 2.6662111682817331 47.684521512594074 0.65454711252823372 3.3720977809280157 1.0232547498308124 0.73023456707596779 0.55272241495549657 135.88784976908937
leaf_count=47 1966 96 867 274 164 74 51 103 4356 103 66 151 7646 244 92 39 919 80 249 42 652 34 249 4574 66 361 104 73 55 14608
internal_value=0.00114961 0.0172083 0.00621137 -0.0122341 -0.0164354 -0.00762739 -0.0117822 -0.0198867 -0.0204932 -0.0181712 -0.0189489 0.0163197 -0.0147835 0.0221145 0.0224253 0.0486077 0.0424964 -0.0164366 0.000501692 0.0468143 -0.0092164 0.0223544 -0.0197591 -0.028493 -0.0168742 0.0141271 -0.00448148 0.0321565 0.0648244 -0.0182235
internal_weight=545.656 246.221 167.724 299.435 278.842 110.441 102.45 263.303 260.266 219.693 216.087 4.4228 97.3224 3.64256 3.60632 2.13093 78.4965 93.6799 15.9493 2.10421 13.8451 3.724 211.664 50.3507 161.313 6.33286 5.67831 2.30621 1.28296 154.98
internal_count=38405 11001 9986 27404 27130 9119 9045 26966 26863 22507 22273 217 8998 295 234 131 1015 8703 1057 122 935 283 22056 4823 17233 659 593 232 128 16574
cat_boundaries=0 1
cat_threshold=960
is_linear=0
shrinkage=0.04


Tree=59
num_leaves=31
num_cat=0
split_feature=1 3 25 18 13 4 18 2 16 2 1 5 14 24 11 9 19 2 2 19 25 24 23 25 8 15 4 8 15 15
split_gain=62.0593 51.3524 20.6861 32.9469 16.6144 12.3268 8.57902 6.07697 6.28483 5.25541 4.79259 3.3471 4.50159 11.0203 5.449 4.53253 4.34065 5.29914 4.10835 3.97883 3.37326 9.401 8.20863 4.01306 7.89661 8.58455 9.05579 3.96967 4.8329 12.1699
threshold=1.6378239059543747 4.5000000000000009 0.32089057981860808 4.8492138126836855 1.5000000000000002 5.5000000000000009 4.8492138126836855 0.51632540663913362 1.0000000180025095e-35 0.34766408263476484 0.22397513271234062 1.0887834180460001 0.0045730003559401522 0.014344686684771003 6.2384615197064539 0.9822935704606458 5.4627370292774264 0.048938995193869593 0.084530389747036083 6.0704467002455464 0.078610831299109687 0.11021459891887998 0.025542870342630596 0.058563749189969025 -0.051541369287949106 2.0342604713789414 2.5000000000000004 -0.98895783289370998 2.2462589355617388 1.6904255340801111
decision_type=2 2 2 2 2 2 2 2 2 2 2 2 2 2 2 2 2 2 2 2 2 2 2 2 2 2 2 2 2 2
left_child=1 4 3 -2 6 7 10 -5 -9 -4 -1 12 13 14 18 20 -17 -18 -8 -19 21 23 -23 -14 -25 -26 -27 28 29 -22
right_child=2 -3 9 5 -6 -7 11 8 -10 -11 -12 -13 15 -15 -16 16 17 19 -20 -21 27 22 -24 24 25 26 -28 -29 -30 -31
leaf_value=-0.024248916014606065 0.04004787379993157 0.039486060536796874 0.011195715004694072 -0.020911429245019583 0.04143432652649047 0.028595718274893128 0.1325673480073061 -0.0162664180676401 0.025688248106935985 0.038366673451864688 0.030897379574601109 -0.022838163095154997 -0.023147910377883153 -0.0190710745195928 -0.014644580783009653 -0.016714554578924894 -0.019124983230567796 0.10965873443642643 0.0070785162260245203 0.0026514373836279514 -0.020143598026558709 -0.017616594626511918 0.12042715169102605 -0.01644668640559032 -0.0091252277521178069 0.15562681667366982 -0.013730295671502279 -0.02095489459454707 -0.029819196981639953 0.08421560959430463
leaf_weight=2.6012924984097472 33.572236775420606 29.657351225614548 14.920776939950882 47.96125410636887 7.2394677102565756 12.505011541303245 0.85162753146141701 10.590136291924864 10.311833914369345 67.049569187685847 8.4733160752803069 121.24419705709442 13.708482384681707 4.6316801179200411 0.56768241617828596 2.3688383046537629 0.89280922710895572 0.86492171045392729 0.69242703262716532 0.86446307227015495 3.4255973855033499 0.77222910523414501 0.7427739929407835 5.7260287781246006 1.5719613851979359 0.63452345225959994 0.51479444000869989 118.59799851244316 2.8096410967409611 2.1662061964161694
leaf_count=155 365 317 640 4237 62 298 73 1153 140 924 142 13079 1369 465 54 183 74 57 65 71 349 76 68 587 174 69 54 12592 309 212
internal_value=0.000647586 -0.00990648 0.0183821 0.00732213 -0.0148719 -0.00650267 -0.0163904 -0.0131943 0.00465945 0.0336154 0.0170087 -0.0177496 -0.0138342 0.016412 0.0753557 -0.0152409 0.0195192 0.0478297 0.101195 0.0767383 -0.0165134 -0.00252637 0.0710364 -0.0104071 0.0105307 0.0564611 0.108675 -0.0190803 0.00679641 0.0269269
internal_weight=528.531 331.62 196.911 114.94 301.963 81.3682 294.723 68.8632 20.902 81.9703 11.0746 283.649 162.405 6.74342 2.11174 155.661 4.99103 2.62219 1.54405 1.72938 150.67 23.6708 1.515 22.1558 8.44731 2.72128 1.14932 126.999 8.40144 5.5918
internal_count=38413 30656 7757 6193 30339 5828 30277 5530 1293 1564 297 29980 16901 657 192 16244 385 202 138 128 15859 2397 144 2253 884 297 123 13462 870 561
is_linear=0
shrinkage=0.04


Tree=60
num_leaves=31
num_cat=0
split_feature=16 4 1 26 13 13 26 2 25 22 4 22 1 23 9 14 15 8 15 5 14 9 17 1 5 21 14 17 19 1
split_gain=63.6946 50.629 20.4943 17.5665 14.0054 13.1695 8.91706 8.47477 7.66961 5.67435 5.12614 4.93136 4.63537 4.36271 4.07905 7.23085 8.82298 6.24826 5.39123 3.93945 4.81843 4.30745 3.68428 3.34203 4.71278 5.70972 4.79132 6.02403 5.55916 5.41606
threshold=1.0000000180025095e-35 10.500000000000002 4.1205382527117882 0.25099253674125416 1.5000000000000002 1.0000000180025095e-35 0.4676905408112913 0.43224372028274155 0.63750947092527643 0.46597771892742823 12.500000000000002 0.26751059843181363 2.0632641511959977 0.021515508954101845 -0.78932223172138338 0.051444903456731826 2.1677462397555431 0.19493893634445345 0.71290590425345102 0.50482284382949671 0.037242172904492457 -0.48095420692483554 1.5000000000000002 -0.38258213130664659 0.55554498947375308 1.0000000180025095e-35 0.12218512173036687 1.5000000000000002 6.0704467002455464 1.4161546534424094
decision_type=2 2 2 2 2 2 2 2 2 2 2 2 2 2 2 2 2 2 2 2 2 2 2 2 2 2 2 2 2 2
left_child=1 4 3 5 6 7 8 10 9 23 11 13 -10 14 15 16 18 22 -2 20 21 -15 -18 -1 26 -26 -25 28 29 -28
right_child=2 -3 -4 -5 -6 -7 -8 -9 12 -11 -12 -13 -14 19 -16 -17 17 -19 -20 -21 -22 -23 -24 24 25 -27 27 -29 -30 -31
leaf_value=-0.024341880344438818 0.055441190300402177 0.038637431474478012 0.035491241266777052 0.042802490725670418 0.04109228471097482 0.034715591467509181 0.039422060108149151 0.031369714132942622 -0.01693108773578323 0.029954102332259067 0.033435811098036068 0.031145027983026732 0.04447046726241121 -0.01452869255899363 -0.018072506895974505 -0.017275546945940041 0.14387551036053245 -0.014097293935551078 -0.029722802132947094 -0.032432472142855065 -0.025507808683537303 0.095312251163212902 0.015378084688180478 -0.007525702688033307 -0.018532429655783698 0.020925897393031231 0.10847453793641101 -0.024036154649157888 -0.018062816156654692 -0.0032913965634379723
leaf_weight=91.167221230454743 0.7545967409387252 30.980972662568092 76.982600987888873 18.036318115890026 6.2279956936836234 13.673901161644606 3.744494102895259 7.2591723892837754 2.4237761106342068 3.1512783765792838 2.8670534566044799 2.6984763368964186 4.3949712188914418 0.55933786788955331 16.499960093293339 6.1618190407752991 0.95331115741282724 0.53334429999813426 2.7003724966198206 26.156511079985648 1.5472105983644722 0.47475307900458863 0.76308678276836872 21.028087404556576 168.98312212666497 5.2808240549638858 1.6868517119437454 1.4586180853657422 0.80868292273953546 0.85775348311290134
leaf_count=10102 56 340 1063 196 54 292 33 75 246 31 29 34 44 52 1381 500 73 49 233 2338 119 33 51 2117 18006 430 166 146 86 57
internal_value=0.000753171 -0.00934887 0.0200505 0.0081236 -0.0142343 0.000224556 -0.0154947 -0.00691417 -0.0163055 -0.0172978 -0.0117717 -0.0144533 0.0232708 -0.017107 -0.00565851 0.0116657 0.0408402 0.0881702 -0.00285266 -0.0278373 0.0147804 0.0579654 0.113439 -0.0179097 -0.0148728 -0.0172241 0.00103569 0.0333066 0.0580413 0.0804999
internal_weight=520.816 342.195 178.622 101.639 311.214 83.6029 304.986 69.929 301.241 294.422 62.6698 59.8028 6.81875 57.1043 28.3665 11.8665 5.70471 2.24974 3.45497 28.7378 2.5813 1.03409 1.7164 291.271 200.104 174.264 25.84 4.81191 3.35329 2.54461
internal_count=38432 31858 6574 5511 31518 5315 31464 5023 31431 31141 4948 4919 290 4885 2343 962 462 173 289 2542 204 85 124 31110 21008 18436 2572 455 309 223
is_linear=0
shrinkage=0.04


Tree=61
num_leaves=31
num_cat=1
split_feature=16 4 1 18 17 12 17 25 1 6 25 18 18 0 5 18 8 23 1 3 5 9 0 23 14 11 23 14 18 14
split_gain=58.6616 53.781 22.4463 19.9666 12.3499 11.3725 10.2925 10.1708 7.92376 5.82787 5.65602 4.8662 3.65462 4.95837 3.55703 3.13819 3.06429 3.01329 3.04633 2.97833 2.91376 2.80103 3.63872 5.32091 6.55818 2.81209 2.80953 2.79031 3.04048 2.67416
threshold=1.0000000180025095e-35 9.5000000000000018 4.1205382527117882 4.6571820097870811 7.5000000000000009 1.0000000180025095e-35 5.5000000000000009 0.47136594140960003 0.13146246906915623 0 0.41264826209786482 6.0758304699801373 7.1208587332588902 9.6259583151784884 1.7089906295390365 7.5760759515901581 -0.58084367332971976 0.2072074871879285 -2.3284617050831939 1.0000000180025095e-35 0.76444792298571662 0.9822935704606458 7.0721640888162822 0.027355663017313635 0.045307591829999376 2.6742108261822781 0.013621858118424439 0.0025419795798415899 7.146491228976001 0.14982850896642519
decision_type=2 2 2 2 2 2 2 2 2 1 2 2 2 2 2 2 2 2 2 2 2 2 2 2 2 2 2 2 2 2
left_child=1 4 3 -2 5 17 7 9 15 19 11 -10 -11 27 20 -7 -17 18 -1 -5 -15 25 23 24 -23 -20 -26 -14 -29 -30
right_child=2 -3 -4 6 -6 8 -8 -9 10 12 -12 -13 13 14 -16 16 -18 -19 21 -21 -22 22 -24 -25 26 -27 -28 28 29 -31
leaf_value=0.020321697446158759 0.040097223874794904 0.037965321839155956 0.035095671822100834 -0.0058784164607965719 0.041205638141445788 -0.031157367955077519 0.030592956916216871 0.029550708454769588 0.032662695466196441 -0.029050245632560378 0.043964946593497402 -0.020647158004253381 0.038170470235107112 0.037173489624322251 0.075750777110639475 0.056306292795941827 -0.019830988518484128 0.021368614696858624 0.034796614352589898 0.054854330914511307 -0.023393735150365781 -0.018582805109853957 -0.019099410541635921 -0.023455224793973179 0.0083297204479420954 -0.020808593545285966 0.12066640327006554 0.032627124845566728 -0.028717410362622396 0.012161475866078407
leaf_weight=2.3006570301949969 20.832589565776289 32.722564458847046 74.149640472605824 1.5685011101886628 5.138292931020259 7.6393515439704078 11.425493288785217 8.6152877341955882 3.5406589382328111 31.209728869609535 8.8098208815790695 5.9077290114946663 0.53066838346422329 1.2188065862283108 0.68907675519585598 0.65856287814676762 0.96536220749840118 2.1566401449963442 0.60111512849107285 3.4502081950195134 1.9855668116360901 0.84615062549710174 4.5943668708205223 1.3769945125095544 0.64808767847716786 254.03993480140343 0.73756721243262291 0.83379492117092269 16.505195809062574 2.4260881198570123
leaf_count=256 224 358 1046 142 42 849 108 203 109 2738 288 585 42 56 28 70 107 47 68 70 123 72 382 123 56 28231 45 71 1567 207
internal_value=-0.00013086 -0.0099941 0.0185232 0.00616689 -0.0153347 -0.0164561 -0.00300287 -0.00892068 0.00779084 -0.0147984 0.0226902 0.000544121 -0.0171372 -0.008027 0.0287294 -0.0209258 0.020737 -0.0189723 -0.0193795 0.0142967 0.00300573 -0.0198027 0.00287786 0.0289304 0.0585083 -0.0205417 0.0936406 -0.0160962 -0.0193212 -0.0231314
internal_weight=508.125 332.684 175.441 101.291 299.961 294.823 80.4584 69.0329 27.5215 60.4176 18.2582 9.44839 55.3989 24.1892 3.89345 9.26328 1.62393 267.302 265.145 5.01871 3.20437 262.844 8.20317 3.6088 2.23181 254.641 1.38565 20.2957 19.7651 18.9313
internal_count=38313 31688 6625 5579 31330 31288 5355 5247 2008 5044 982 694 4832 2094 207 1026 177 29280 29233 212 179 28977 678 296 173 28299 101 1887 1845 1774
cat_boundaries=0 1
cat_threshold=208
is_linear=0
shrinkage=0.04


Tree=62
num_leaves=31
num_cat=1
split_feature=6 1 22 4 4 2 18 17 0 19 24 11 22 15 9 9 8 15 14 14 26 19 26 5 18 14 9 24 19 8
split_gain=59.6034 34.8156 31.8303 24.9472 23.7175 14.3579 10.551 5.92571 11.2451 4.76674 4.33298 7.09618 4.39102 5.72614 4.5695 4.2072 8.20952 11.9785 10.8232 14.7186 9.08468 8.3666 6.67353 6.36871 7.29224 7.9006 8.94491 5.49311 7.30364 4.15812
threshold=0 4.1205382527117882 0.26751059843181363 13.500000000000002 4.5000000000000009 0.48470069411158639 5.390228737737174 2.5000000000000004 5.0152503880811024 6.9619271038975867 0.14091990189930997 4.7140014000479722 0.055975299302159547 0.11028276366817734 -0.1832137588444874 -0.9718374344594034 0.052629963597029296 2.0020450602273985 0.029811497874085779 0.11491940237205914 0.16445236475629979 5.4733896233425536 0.031691218654746924 0.50482284382949671 7.0076675798607573 0.039114376930888234 -0.7791168472849207 0.0038173755690292899 4.7098034438578589 -0.84918144311875465
decision_type=1 2 2 2 2 2 2 2 2 2 2 2 2 2 2 2 2 2 2 2 2 2 2 2 2 2 2 2 2 2
left_child=1 4 3 10 5 6 -1 8 -6 -10 12 -12 13 14 -2 16 20 -18 -19 21 -15 -20 23 24 -17 -26 -27 28 -25 -8
right_child=2 -3 -4 -5 7 -7 29 -9 9 -11 11 -13 -14 15 -16 22 17 18 19 -21 -22 -23 -24 27 25 26 -28 -29 -30 -31
leaf_value=0.026009394624451107 -0.006809996617350737 0.041088708312426114 0.036703443468785964 0.038004310537641188 0.038030663412812318 0.041044834462062772 0.00039671437538149823 0.038708307861998324 -0.020455176819887937 0.050044687345283084 0.054917340049598744 -0.014927229952596413 -0.025956867011340493 -0.026714800658325679 0.088782389251555502 -0.016697573913360277 -0.01571015466760534 -0.020380767024306159 0.21262174963057823 -0.014198942674967909 0.068732965450489444 0.024391021275257919 -0.025806799845203232 0.092224147820584523 -0.018898614655381493 -0.015099555333460402 0.13822172152810508 -0.016533808628009704 -0.0051913658248698138 -0.021332057647522613
leaf_weight=9.910832620225845 1.3852424528449772 64.343199682421982 19.265420846641064 12.417713887989519 12.356562313623728 8.3782922588288766 18.458885225001723 29.425473101437092 12.568556138314303 0.77175513794645745 2.4927173121832293 6.1105752349831164 93.791823985986412 13.333576995879412 0.55066358577459951 2.39115892862901 3.8529757270589462 1.0185308679938319 0.74055657489225291 0.8926821551285683 0.83285876736044961 0.85792805813252926 76.905410407111049 0.81252302415668864 0.87969595333561335 0.5884930007159711 1.238529540598392 41.037425644695759 3.5394480470567942 58.064481977839023
leaf_count=272 140 788 272 147 146 80 1829 386 825 62 119 536 10648 1434 51 255 424 114 81 78 70 96 8543 85 96 54 104 4477 386 5781
internal_value=0.000487829 0.015972 -0.0113339 -0.015367 0.00605072 -0.00609036 -0.0110765 0.0266703 0.0119519 -0.0131713 -0.0181231 0.00892085 -0.0191066 -0.0147047 0.0413597 -0.0157045 0.000630377 0.032423 0.0770304 0.111287 -0.0169414 0.159861 -0.0184485 -0.0069564 0.0316963 0.0674193 0.100964 -0.0118873 0.0268298 -0.0161532
internal_weight=499.214 214.278 284.936 265.671 149.935 94.8125 86.4342 55.1223 25.6969 13.3403 253.253 8.60329 244.65 150.858 1.93591 148.922 21.5291 7.36267 3.5097 2.49117 14.1664 1.59848 127.393 50.4873 5.09788 2.70672 1.82702 45.3894 4.35197 76.5234
internal_count=38379 10169 28210 27938 9381 7962 7882 1419 1033 887 27791 655 27136 16488 191 16297 2297 793 369 255 1504 177 14000 5457 509 254 158 4948 471 7610
cat_boundaries=0 1
cat_threshold=448
is_linear=0
shrinkage=0.04


Tree=63
num_leaves=31
num_cat=2
split_feature=6 2 17 3 22 3 18 4 23 1 5 0 23 5 25 0 22 7 9 18 22 18 2 18 1 2 26 23 24 22
split_gain=51.678 37.6644 30.9947 25.5797 28.6417 18.8623 7.55576 7.32065 5.33829 6.9302 6.77718 9.42347 4.23972 4.52116 6.2691 4.74709 4.16782 4.87457 7.9382 9.98389 6.9531 5.77799 4.76105 4.14834 5.82326 6.84285 7.74204 8.81889 6.48497 6.27991
threshold=0 0.38644018000782626 3.5000000000000004 4.5000000000000009 0.46597771892742823 4.5000000000000009 3.6021870837399188 2.5000000000000004 0.10146005057873873 0.08073008299568081 0.79854466806558533 7.1289286628388426 0.024720302357081499 0.55554498947375308 0.075897668826592074 9.1047104073484437 0.10016841892292645 1 -0.85603030165724092 7.1793189330384104 0.056452841804201702 6.4481108791122539 0.14201013402719873 7.3441873263908226 -0.43475395756367036 0.053439396101265822 0.086393810622351394 0.029188322476889055 0.0026058575403264941 0.015816598689521039
decision_type=1 2 2 2 2 2 2 2 2 2 2 2 2 2 2 2 2 1 2 2 2 2 2 2 2 2 2 2 2 2
left_child=1 2 5 4 8 6 -1 -4 16 -10 11 -11 -8 14 -14 -16 17 18 19 20 21 -2 -20 -19 25 -25 27 29 -26 -27
right_child=3 -3 7 -5 -6 -7 12 -9 9 10 -12 -13 13 -15 15 -17 -18 23 22 -21 -22 -23 -24 24 28 26 -28 -29 -30 -31
leaf_value=0.034385429373485175 0.0073231390783253525 0.04317879820811573 -0.021553220378431985 0.041241919817752277 0.040123652090704065 0.038265100116682577 -0.0060209856617945909 0.036933374774083698 -0.026087276493062573 0.13726581108167071 -0.0020084935075849039 0.010055650206721023 0.074670406072243276 -0.028330560470543338 -0.031997586218654471 0.043185871767896344 -0.029339176353352814 -0.020441727547299997 -0.032729743154629988 -0.022795069138446717 -0.014131238201692344 0.15294186542387628 0.025722790355763549 -0.018364454619858854 0.036454228532394321 -0.0027421252124093425 -0.026963613516308948 -0.0071166731610487659 -0.020208735655186341 0.10001925907204101
leaf_weight=4.4647545292973509 0.67971347970888096 61.870923210866749 3.0630221418105057 14.006465299054979 14.617061525583265 12.849639341235159 48.468800134491175 44.988192154560238 4.6192232705652696 0.8027917570434514 4.5447415150702 2.2920732484199107 0.74098467081785102 36.938461544923484 3.7860117931850255 0.91306598484516133 37.952763002365828 129.83034659503028 4.2820852142758667 1.2746747867204247 0.53926263889297832 1.1374399741180239 2.918721622787416 5.9667328177019945 2.6397132286801925 1.1362096942029873 1.995279944501817 2.6210181252099574 34.74175172066316 3.5612192689441144
leaf_count=49 70 775 178 169 175 155 4799 560 530 81 389 136 70 3852 401 58 4326 14777 511 137 67 99 202 677 277 132 226 311 3775 408
internal_value=0.00224163 0.0162835 0.00646004 -0.0092849 -0.0125331 -0.00545362 -0.0116837 0.0328418 -0.0158448 0.00926468 0.0311853 0.0685164 -0.0142976 -0.0234065 0.00923541 -0.0123745 -0.0172099 -0.0146899 0.00886414 0.0573519 0.094581 0.120407 -0.00878948 -0.0157533 -0.0069646 0.01326 0.033336 0.0510411 -0.0153619 0.0790448
internal_weight=490.243 218.084 156.213 272.159 258.153 108.162 95.3121 48.0512 243.536 12.2588 7.63961 3.09487 90.8473 42.3785 5.44006 4.69908 231.277 193.324 10.8319 3.63109 2.35642 1.81715 7.20081 182.492 52.6619 15.2805 9.31373 7.31845 37.3815 4.69743
internal_count=38372 10897 10122 27475 27306 9384 9229 738 27131 1136 606 217 9180 4381 529 459 25995 21669 1086 373 236 169 713 20583 5806 1754 1077 851 4052 540
cat_boundaries=0 1 2
cat_threshold=960 4
is_linear=0
shrinkage=0.04


Tree=64
num_leaves=31
num_cat=1
split_feature=6 1 22 3 26 3 0 22 1 11 25 5 23 25 13 19 8 8 24 4 25 11 22 14 11 5 22 4 15 22
split_gain=46.1698 33.2789 29.2042 27.0955 19.2496 17.8983 9.42928 5.3223 5.17785 4.29973 5.24953 4.53945 4.76457 4.14643 5.01402 3.91318 3.69402 8.11192 9.38707 6.84086 4.46211 7.47748 3.87438 6.02714 4.94616 5.77349 7.16431 6.16071 4.31374 8.17125
threshold=0 4.1205382527117882 0.20734162958880673 2.5000000000000004 0.29493109437780574 3.5000000000000004 8.9818139475851435 0.10016841892292645 0.15477939537752969 0.8244682908732629 0.26149452908526033 0.32119001183255896 0.023874726601559555 0.40748049469446973 1.0000000180025095e-35 6.0704467002455464 -0.86864049844560265 -0.83850603419877856 0.03151628301441993 3.5000000000000004 0.024330401086530781 5.2657959766506561 0.025928890746389575 0.0091477498263475825 5.5847681187936535 0.83916624041774512 0.009371752227721802 1.5000000000000002 2.8049995961171947 0.075421358798877347
decision_type=1 2 2 2 2 2 2 2 2 2 2 2 2 2 2 2 2 2 2 2 2 2 2 2 2 2 2 2 2 2
left_child=1 4 3 7 5 6 -1 9 -4 10 -2 12 -11 14 15 -8 -13 18 19 -18 21 -19 23 24 -22 -26 -27 -28 -24 -30
right_child=2 -3 8 -5 -6 -7 13 -9 -10 11 -12 16 -14 -15 -16 -17 17 20 -20 -21 22 -23 28 -25 25 26 27 -29 29 -31
leaf_value=-0.012616266454703314 -0.025296782363370993 0.039792852829992099 -0.024523524922983566 0.036968111495054613 0.040365982975063018 0.040798477147934442 -0.017698125179518142 -0.032131824605186016 0.039998830987762295 -0.021415643323790659 0.024524188794691218 -0.028225002404411212 0.065800866620602361 0.03870441178227612 0.039180107954965425 0.017661101519225911 0.015071624619897053 0.084868251604829692 -0.026208750465741379 0.13764106034035814 -0.026918609180630708 -0.016396403902382489 -0.015060020787495789 -0.02976319369223842 -0.02074329582538792 -0.016567383266815491 -0.010803668835953311 0.14423651709457022 -0.0093248819164883576 0.059795301617457587
leaf_weight=86.355729562696069 4.3046986674889913 61.540176765993237 1.5443232399411524 14.703784445766358 20.227818991988897 13.776255555450915 12.372345418669292 33.474737067706883 19.235189034137875 1.1284246505238109 8.493114239536224 38.089854604098946 1.2605428784154353 6.6201137127354732 4.2720530163496724 7.047693272586911 1.8933848435990506 0.9168613282963628 1.8494911012239752 0.57472175592556585 1.936982575803994 2.3373778681270778 73.979441529139876 47.545821300242096 1.0565100084058943 0.69315790850669134 0.36582189006730892 0.73552510794252157 9.1427305089309794 2.7855981648899606
leaf_count=8357 447 820 172 270 221 175 850 4106 402 124 586 4573 118 127 83 351 228 83 220 61 201 245 8511 5512 123 76 45 89 1005 293
internal_value=0.0010569 0.0145746 -0.00983556 -0.0140637 0.00504104 -0.000702177 -0.00590769 -0.0174346 0.0342977 -0.0148152 0.00714745 -0.0163541 0.0304412 0.0129968 0.00453689 -0.00462949 -0.0171234 -0.0140509 0.0349167 0.075071 -0.0157796 0.025377 -0.0169237 -0.0254825 0.0148239 0.0428096 0.0742597 0.112104 -0.0114767 0.0101932
internal_weight=480.26 212.212 268.048 247.269 150.672 130.444 116.668 232.565 20.7795 199.09 12.7978 186.292 2.38897 30.3122 23.6921 19.42 183.903 145.813 4.3176 2.46811 141.496 3.25424 138.242 52.3338 4.788 2.85101 1.7945 1.10135 85.9078 11.9283
internal_count=38474 10984 27490 26916 10164 9943 9768 26646 574 22540 1033 21507 242 1411 1284 1201 21265 16692 509 289 16183 328 15855 6046 534 333 210 134 9809 1298
cat_boundaries=0 1
cat_threshold=960
is_linear=0
shrinkage=0.04


Tree=65
num_leaves=31
num_cat=2
split_feature=6 2 17 22 3 3 18 4 22 14 7 5 15 15 18 18 11 5 23 22 0 0 4 5 1 10 22 18 15 5
split_gain=46.1469 35.2201 35.068 25.0397 21.7282 21.0714 8.6514 6.68817 5.70062 8.70325 7.60478 6.07359 5.26181 6.60932 4.91106 8.31309 8.2715 8.48456 4.35834 3.92057 9.53709 13.4497 6.67407 4.90648 4.98264 4.53067 8.30947 4.43986 3.91445 3.77121
threshold=0 0.38644018000782626 3.5000000000000004 0.46597771892742823 5.5000000000000009 4.5000000000000009 3.6021870837399188 2.5000000000000004 0.055975299302159547 0.30544883234180348 1 1.0023078027308774 0.88855942440499913 0.81497540616551534 7.1793189330384104 6.4481108791122539 5.0097145009056616 0.91016752140927448 0.019849021568004947 0.035789823953322079 6.9729087297645753 6.6922724506475051 2.5000000000000004 0.92005676277598825 0.57395252082223458 1.0000000180025095e-35 0.026508580103878156 8.0043630590564323 1.9600109331190614 0.79854466806558533
decision_type=1 2 2 2 2 2 2 2 2 2 1 2 2 2 2 2 2 2 2 2 2 2 2 2 2 2 2 2 2 2
left_child=1 2 5 4 8 6 -1 -4 10 -10 14 12 13 18 15 -2 -17 -18 -12 25 21 -21 -23 27 -25 28 -27 -22 -14 -15
right_child=3 -3 7 -5 -6 -7 -8 -9 9 -11 11 -13 19 29 -16 16 17 -19 -20 20 23 22 -24 24 -26 26 -28 -29 -30 -31
leaf_value=0.035121456663313483 -0.01171870560173306 0.040753265075138628 -0.019309075684370819 0.039578302092642181 0.037237987646742063 0.040314830874521132 -0.017579716649588125 0.037600192682060982 -0.026786193794596944 0.031968556521629665 -0.024395756871038756 -0.02290968200432238 -0.035204667899083761 0.10270981247836916 -0.0068107464376775282 0.0015750772775329775 0.0045002010287632475 0.16358211847298307 0.027379801475435915 -0.00099135470750452205 -0.032918388789931717 0.0058654395326385765 0.15692165216938406 -0.019903560416501747 0.079427819050899545 -0.016657130165285781 0.083002932892431269 0.046458707043750672 -0.0090790353093636814 -0.011061382472266268
leaf_weight=4.3647344037890425 1.8043290749192236 59.031035406515002 2.9792949035763732 13.923067905008791 11.736629746854303 11.638700716197489 88.523811082355678 42.177093108650297 88.829438459128141 3.4092783587984732 3.9533146657049638 66.123944311868399 16.826267359778285 0.95746221207082161 2.8863253672607243 1.3460778756998482 0.79114150023087848 1.1577939321286974 4.4929936076514423 4.06641557812691 9.6782091520726645 0.73759729927405693 0.82629410875961185 0.95748337078839429 0.67073986027389765 3.1710793813690534 1.0391258620657025 0.38444134313613254 20.896950415335596 0.37778489384800196
leaf_count=50 215 780 185 179 152 151 9231 546 10634 203 421 7762 1986 97 320 86 92 127 487 464 1102 86 91 109 75 336 93 37 2373 47
internal_value=0.000576959 0.0141876 0.00445152 -0.0104602 -0.0138491 -0.00829984 -0.0147556 0.0335085 -0.0165431 -0.024295 -0.0114142 -0.0133464 -0.00589584 0.0199756 0.0160858 0.0544106 0.0849199 0.12243 0.00312897 -0.0104272 0.00536573 0.0440031 0.115753 -0.0152431 0.0356676 -0.0169238 0.01915 -0.0259603 -0.0213405 0.0795678
internal_weight=469.759 208.715 149.684 261.044 247.121 104.527 92.8885 45.1564 235.384 92.2387 143.146 135.16 69.0362 9.78156 7.98567 5.09934 3.29501 1.94894 8.44631 59.2546 17.3212 5.63031 1.56389 11.6909 1.62822 41.9334 4.21021 10.0627 37.7232 1.33525
internal_count=38517 10943 10163 27574 27395 9432 9281 731 27243 10837 16406 15566 7804 1052 840 520 305 219 908 6752 1964 641 177 1323 184 4788 429 1139 4359 144
cat_boundaries=0 1 2
cat_threshold=960 4
is_linear=0
shrinkage=0.04


Tree=66
num_leaves=31
num_cat=0
split_feature=16 3 0 17 17 22 22 2 25 3 26 15 5 22 15 15 9 8 0 26 19 5 0 19 14 1 0 22 8 19
split_gain=40.8792 37.5741 20.7456 21.8499 12.5337 7.21883 7.04104 6.60977 6.15236 4.45286 4.22574 4.58748 3.71724 4.70745 5.92706 5.21805 5.02813 4.80088 6.63295 7.01098 5.80321 4.58825 4.35267 5.05176 4.33955 5.37822 4.55213 4.02004 6.40779 4.34487
threshold=1.0000000180025095e-35 5.5000000000000009 8.9818139475851435 4.5000000000000009 7.5000000000000009 0.17743232856482224 0.46597771892742823 0.40903857802802651 0.63750947092527643 4.5000000000000009 0.13379952559280558 1.2080281398298427 1.5757751663603441 0.05807226902027833 0.14559209471007004 2.8049995961171947 0.9822935704606458 -0.99263145739809933 6.8471070375921075 0.054707764595811309 6.0704467002455464 0.83451555783129938 6.94798833365543 5.9256034922730807 0.0045730003559401522 0.069874944853210844 7.2010764895782176 0.055458173736705564 -0.51360168250142457 5.2988392911547768
decision_type=2 2 2 2 2 2 2 2 2 2 2 2 2 2 2 2 2 2 2 2 2 2 2 2 2 2 2 2 2 2
left_child=1 4 3 5 6 7 8 9 12 10 -2 -12 13 14 22 24 17 18 19 20 -16 -17 -1 -24 25 26 -15 -19 29 -29
right_child=2 -3 -4 -5 -6 -7 -8 -9 -10 -11 11 -13 -14 15 16 21 -18 27 -20 -21 -22 -23 23 -25 -26 -27 -28 28 -30 -31
leaf_value=-0.017696553905149532 -0.029676850886534267 0.041874168510160868 0.031154986739691925 0.039281122201902247 0.034807816311000939 0.025781665345596637 0.032369927838032532 0.019094074411086594 0.02366699639894615 0.028417965752699229 0.058686288532896695 -0.014662507230085827 -0.024813002269129115 -0.015345210120152681 0.13508429865267807 -0.022683263312029169 0.029677185460286633 -0.013634084343725747 -0.0067344842859183521 -0.017452792366353335 -0.011173553912673361 0.02514400439095741 0.10430537067642677 -0.01391299215258047 -0.026104766215260748 -0.025384031562260951 0.090753303455984716 0.10823229919403655 -0.017017877999112998 0.00034439056057970611
leaf_weight=0.78020680323243086 34.919985102489591 22.079928301274776 84.702540679834783 17.771015976555645 8.2252781242132169 6.6654964457266024 4.5135044008493415 6.5251057315617791 6.0442053661681703 1.8405187502503384 1.0128855411894608 3.3876220704987645 46.58082359470427 0.61373763578012519 0.82602369692176469 4.6163225006312114 4.2796555133536449 117.54978861566633 5.0379524044692516 0.76223581377416838 0.3824292253702879 6.5465857400558889 0.93702303711324908 0.52425696467980742 66.281090973876417 1.6780830570496617 0.83291788818314672 0.61689003044739343 2.4420993309468022 0.95722830528393388
leaf_count=87 3666 296 2046 221 85 193 57 94 277 23 77 243 5706 74 99 516 344 13834 575 94 45 693 94 54 8179 183 94 67 298 102
internal_value=0.00133549 -0.00723978 0.0178504 0.00201286 -0.0112334 -0.010662 -0.0127436 -0.016181 -0.01362 -0.0220933 -0.0251038 0.00996115 -0.014566 -0.0122485 -0.0075932 -0.0198655 -0.00883598 -0.010337 0.0199537 0.0674808 0.104698 0.00512664 0.0460688 0.0734719 -0.0239008 0.0178435 0.0578668 -0.012232 0.0233436 0.0682462
internal_weight=459.933 303.108 156.825 72.1226 281.028 54.3516 272.803 47.6861 268.29 41.161 39.3205 4.40051 262.245 215.665 135.096 80.5687 132.854 128.575 7.00864 1.97069 1.20845 11.1629 2.24149 1.46128 69.4058 3.12474 1.44666 121.566 4.01622 1.57412
internal_count=38416 31853 6563 4517 31557 4296 31472 4103 31415 4009 3986 320 31138 25432 15693 9739 15458 15114 813 238 144 1209 235 148 8530 351 168 14301 467 169
is_linear=0
shrinkage=0.04


Tree=67
num_leaves=31
num_cat=2
split_feature=6 22 26 2 4 3 17 18 6 11 18 22 22 26 26 23 5 5 4 1 5 1 2 23 1 1 0 24 24 23
split_gain=44.9797 24.5938 20.0378 24.596 25.6401 11.1199 9.5694 10.0243 7.65834 9.65517 5.10178 4.6549 5.54327 4.56175 5.4635 4.27922 4.52712 5.95886 6.11405 7.44558 7.69223 6.72635 4.05827 3.86091 8.99427 8.20526 9.39674 7.91687 10.7885 3.79674
threshold=0 0.20734162958880673 0.19445101185387828 0.40903857802802651 7.5000000000000009 5.5000000000000009 7.5000000000000009 3.6021870837399188 1 1.0157599881286086 5.9097195075549269 0.019582241611913055 0.017996365708584632 0.031327155628275087 0.077364451408187582 0.027355663017313635 0.93460372322031071 0.92501269064344183 1.0000000180025095e-35 0.54575822331615964 0.71776045855466231 1.9442303477643728 0.018969098957122569 0.083945771504502775 0.16637955634257981 0.82841592977931222 6.8178765528220397 0.012582655317800964 0.040415634027550856 0.0089956105154855841
decision_type=1 2 2 2 2 2 2 2 1 2 2 2 2 2 2 2 2 2 2 2 2 2 2 2 2 2 2 2 2 2
left_child=2 5 3 4 6 15 7 -1 -5 -10 -3 12 29 -14 -15 16 17 18 19 -2 21 -21 -20 -17 -25 26 -26 -28 -29 -9
right_child=1 10 -4 8 -6 -7 -8 11 9 -11 -12 -13 13 14 -16 23 -18 -19 22 20 -22 -23 -24 24 25 -27 27 28 -30 -31
leaf_value=0.03759090696980627 -0.0086489344053560721 0.043024913885712647 0.038011688228083401 0.033473595492202392 0.031043715068253316 0.036658215244712793 0.042055808843202591 -0.03405364486277878 0.040948806277387652 -0.034985459575453848 -0.0095456168996696303 -0.021025262909996029 -0.017383777102562163 0.11113944816021286 -0.013797007308976173 -0.02896517719770289 -0.020263966442544898 0.062306564436257435 0.017858206831037705 0.157952784075478 -0.015810455222970463 -0.010407946526288061 -0.015533408620238259 -0.035663280876948547 -0.021308548827080637 -0.012382821550586565 -0.014602764554579952 0.18349306097899251 0.0036893794782707702 0.0025784532543649892
leaf_weight=4.9300630018115035 2.7970855040475717 13.346928587183358 40.539186283946037 42.698888022452593 28.915370239876211 5.1869437992572776 4.2814959138631812 5.24142818106339 2.8577120378613463 8.0849232012405974 3.3160506165586403 75.217043320182711 0.75175981642678325 0.84777185553684808 0.51854908792302012 70.101731311529875 62.233825314324349 1.073852693196385 5.8749807872809461 0.61516230786219217 0.64375132834538817 0.34387955535203218 42.325770040042698 7.4571527228690666 1.120019293855876 4.6725397165864706 0.56715479167178307 0.78816751716658451 0.82094496628269553 16.034965720493346
leaf_count=56 349 200 673 587 378 70 30 545 22 600 334 7901 79 76 60 9002 7814 108 724 70 79 35 5086 920 141 507 69 86 96 1730
internal_value=0.000200844 -0.0123001 0.0122899 0.00728496 -0.00176732 -0.0166543 -0.0107708 -0.0133366 0.0299703 -0.00728588 0.0326149 -0.0162345 -0.000601071 0.0493755 0.0779306 -0.0182014 -0.0130023 -0.00436592 -0.00686408 0.0337606 0.0826589 0.123087 -0.0111832 -0.0250157 -0.00639698 0.0219129 0.0620944 0.0982127 0.128333 -0.00756943
internal_weight=454.205 223.286 230.919 190.38 136.738 206.623 107.823 103.542 53.6415 10.9426 16.663 98.6115 23.3945 2.11808 1.36632 201.436 115.908 53.6745 52.6006 4.39988 1.60279 0.959042 48.2008 85.5277 15.426 7.96883 3.29629 2.17627 1.60911 21.2764
internal_count=38427 25690 12737 12064 10855 25156 10477 10447 1209 622 534 10391 2490 215 136 25086 14265 6451 6343 533 184 105 5810 10821 1819 899 392 251 182 2275
cat_boundaries=0 1 2
cat_threshold=464 384
is_linear=0
shrinkage=0.04


Tree=68
num_leaves=31
num_cat=1
split_feature=6 1 17 22 3 3 2 23 23 15 22 1 2 24 13 1 5 5 24 11 2 5 2 23 24 19 23 22 22 25
split_gain=41.6504 32.6263 23.4204 22.4336 21.9047 14.6402 13.5193 4.11541 6.708 5.73593 8.30979 4.87002 5.09197 4.90769 3.81183 3.79127 3.68379 7.82724 5.97695 12.711 8.83488 5.59654 5.33547 4.07067 5.86294 7.57504 8.66667 9.91957 8.1106 8.94522
threshold=0 4.1205382527117882 5.5000000000000009 0.46597771892742823 5.5000000000000009 3.5000000000000004 0.40903857802802651 0.029822660704731347 0.10146005057873873 0.14559209471007004 0.036193343684114164 0.08073008299568081 0.083545670632959201 0.023452208146267906 1.5000000000000002 -2.0628564972115631 0.54499885602688358 0.53860034506976462 0.02318282494509551 5.6908758178986725 0.14364113687376359 0.51029642817398224 0.032952803553942193 0.0075063271097244614 0.0054381021700475474 5.2292107338512901 0.020793094755831635 0.017353624323507965 0.094512206762835518 0.2981434211458252
decision_type=1 2 2 2 2 2 2 2 2 2 2 2 2 2 2 2 2 2 2 2 2 2 2 2 2 2 2 2 2 2
left_child=1 2 5 4 7 6 14 9 -9 10 -2 -10 13 -13 15 -1 17 18 19 20 21 22 -11 -18 25 26 27 -25 29 -29
right_child=3 -3 -4 -5 -6 -7 -8 8 11 16 -12 12 -14 -15 -16 -17 23 -19 -20 -21 -22 -23 -24 24 -26 -27 -28 28 -30 -31
leaf_value=0.040419503412800845 0.089666124413793583 0.040053392470581289 0.038706494385254114 0.038907428539684347 0.039705295722672888 0.036644749160533563 0.032773693533817531 -0.027131026869447711 -0.025175347234427953 0.0078559805083173503 -0.023488575953278228 -0.0042553479813648354 -0.0039124263674211925 0.090421610966414115 0.033498419479352788 -0.016575896071067013 -0.025635919333714296 0.0907607193317993 -0.024404872106308161 -0.024482421878298532 -0.020029678942231927 -0.011866222280703964 0.14920999978386706 -0.018612471193082816 -0.014221020394802771 -0.011650494059483247 -0.022579622598617084 0.17726610700577417 -0.012598085328189049 -0.010831033483702986
leaf_weight=0.98417927976697583 1.1546141663566225 54.854982568882406 23.955338072031736 12.743884224444626 10.775941200554369 11.55010149348527 10.040192813612519 79.15173841221258 4.2920016562566143 0.66633847495541676 1.3780086417682467 1.2094858079217377 4.4510701280087233 1.5251861526630817 1.7042308002710331 86.931958734057844 41.496679783333093 0.52796177612617512 9.0184809323400241 4.058211759198457 0.95368472160771478 0.41624673036858428 1.3214457500725982 0.83612085180356954 68.987831118050963 5.9667246085591614 1.2726409491151569 1.2058376451022925 0.45419106492772687 0.36091018747538317
leaf_count=101 112 814 273 178 154 165 112 10002 544 77 160 119 344 128 16 8712 4945 60 1061 481 96 49 135 89 8396 746 167 138 60 33
internal_value=-0.000116927 0.0136208 0.00367855 -0.0105199 -0.0137119 -0.00414435 -0.00918866 -0.0163675 -0.02303 -0.0119242 0.0388776 0.00515914 0.0241398 0.0586207 -0.0141995 -0.0154905 -0.0131335 0.00411295 -0.00371682 0.0213523 0.0696549 0.100665 0.120314 -0.0155735 -0.0100394 0.0172402 0.0531162 0.0839462 0.118493 0.146598
internal_weight=444.246 190.021 135.166 254.225 241.481 111.211 99.6606 230.705 90.6295 140.076 2.53262 11.4777 7.18574 2.73467 89.6204 87.9161 137.543 16.9624 16.4344 7.41593 3.35772 2.40403 1.98778 120.581 79.0843 10.0964 4.1297 2.85706 2.02094 1.56675
internal_count=38467 10193 9379 28274 28096 9106 8941 27942 11137 16805 272 1135 591 247 8829 8813 16533 1959 1899 838 357 261 212 14574 9629 1233 487 320 231 171
cat_boundaries=0 1
cat_threshold=448
is_linear=0
shrinkage=0.04


Tree=69
num_leaves=31
num_cat=1
split_feature=6 1 22 17 3 3 0 9 19 14 15 11 26 5 24 26 11 17 19 24 9 24 11 18 1 9 19 17 0 5
split_gain=38.9667 29.0776 21.5586 18.0123 17.1118 12.7699 11.238 4.48415 4.61836 7.4735 6.37423 4.16256 4.21303 5.84987 4.36179 3.97835 5.16215 5.07671 5.39488 9.19395 7.73415 6.348 4.54114 4.32688 4.9095 5.54 6.09376 6.96773 6.61201 5.93949
threshold=0 4.1205382527117882 0.46597771892742823 4.5000000000000009 5.5000000000000009 3.5000000000000004 8.8994888908651575 0.32829378822629596 5.7481564426924665 0.061244555705785152 1.6237196907535945 3.4040903519450265 0.13379952559280558 0.58244385859777814 0.12570508525713822 0.021994033204724855 4.7140014000479722 1.0000000180025095e-35 4.6965765606807208 0.082486924931146718 -0.58454947163109827 0.032241012591655328 3.5987793290857204 6.5289130698983664 0.82841592977931222 -0.90914536618309583 4.3579171510181931 1.5000000000000002 6.7627696538917901 0.4855305652690316
decision_type=1 2 2 2 2 2 2 2 2 2 2 2 2 2 2 2 2 2 2 2 2 2 2 2 2 2 2 2 2 2
left_child=1 3 4 5 15 6 11 8 -8 10 -10 -1 14 -14 -13 16 17 -2 20 -20 21 -19 -21 -18 25 -25 27 28 -27 -28
right_child=2 -3 -4 -5 -6 -7 7 -9 9 -11 -12 12 13 -15 -16 -17 23 18 19 22 -22 -23 -24 24 -26 26 29 -29 -30 -31
leaf_value=0.015241136779974976 -0.020149651715185329 0.039674693313865819 0.039957373824551404 0.033940377786723042 0.035809722662057356 0.036401618640046651 -0.012005729777776959 0.042045919006344648 -0.0084291566449649861 -0.018079094828504158 0.072737365661915979 -0.025223191954291777 0.074618960214655583 -0.008407240747403337 0.025979034259982631 -0.018257437288306134 -0.029892086910643888 0.1554135737816606 -0.014973512531344721 0.00048022327476431476 -0.015968306481555457 -0.010042933030737363 0.12001708129470791 -0.023737919904136179 -0.024881271764753094 -0.01300529867524268 0.059504621270885023 -0.018151138250066513 0.12862356866394811 -0.003665590619850946
leaf_weight=5.3628340819850555 3.4216940300539127 53.087078203447163 12.231034256517885 25.897346976678818 10.226843599230049 10.86812819726765 11.718527060933416 5.7975994423031798 1.9677162733860294 3.7039506966248155 3.9926002989523113 52.85644063167274 0.74023775896057387 5.4772847881540656 2.0188863337971261 161.6430500401184 14.038647045847027 0.63586533814668655 5.2619493119418621 0.78211635677143909 0.6548423720523695 0.33147828234359622 0.49759058700874448 6.7689319555647627 11.67916198261082 0.47582177259028968 1.7988645075820411 0.81850702129304398 1.1305267205461857 15.345098252873866
leaf_count=458 392 810 181 331 152 158 767 198 113 223 174 6062 67 446 230 20167 1673 60 610 52 79 41 55 854 1348 60 174 105 122 1990
internal_value=0.000744655 0.0142393 -0.00945934 0.00474502 -0.0125838 -0.00274305 -0.00762312 0.0137048 0.00448536 0.0237325 0.0485802 -0.0164201 -0.0194001 0.0104466 -0.0229082 -0.0149292 -0.00632401 0.0168584 0.0328757 0.0115132 0.0817786 0.122431 0.0792173 -0.011704 -0.00439365 0.00526917 0.0159691 0.0647719 0.0977776 0.00587694
internal_weight=431.231 183.489 247.742 130.402 235.511 104.504 93.6361 27.1804 21.3828 9.66427 5.96032 66.4557 61.0928 6.21752 54.8753 225.284 63.6411 11.5855 8.16384 6.54166 1.62219 0.967344 1.27971 52.0556 38.0169 26.3378 19.5688 2.42486 1.60635 17.144
internal_count=38152 10037 28115 9227 27934 8896 8738 1475 1277 510 287 7263 6805 513 6292 27782 7615 1289 897 717 180 101 107 6326 4653 3305 2451 287 182 2164
cat_boundaries=0 1
cat_threshold=448
is_linear=0
shrinkage=0.04


Tree=70
num_leaves=31
num_cat=1
split_feature=6 2 4 18 3 18 26 5 14 25 15 18 26 1 18 9 18 19 15 14 24 26 15 19 4 0 0 15 25 26
split_gain=36.7096 27.7286 24.287 18.7118 18.2786 9.41256 4.73519 4.48983 4.76156 7.83179 7.56447 5.98706 5.13854 6.14397 6.93242 5.671 5.88176 5.51001 6.58497 5.45504 5.42396 4.44166 3.93858 4.44228 5.10118 3.84331 8.05584 4.12393 3.80502 3.64585
threshold=0 0.28100228106754938 5.5000000000000009 3.6021870837399188 5.5000000000000009 5.390228737737174 0.14934136906163956 1.4429082029974019 0.0037858060866932173 0.28493236216812051 1.8522492300870292 6.2304254436132371 0.012378590006865064 0.81335831147694959 6.8374320554192725 -0.81108308482038105 7.0281023875779889 5.8349316160915228 1.1937649331687796 0.40938867474622515 0.0098509389574549956 0.0060386018415424696 2.6324821639963289 7.3594723674648685 2.5000000000000004 6.7627696538917901 7.0242458361410218 1.3897898257208194 0.10931905923599762 0.062050471091806024
decision_type=1 2 2 2 2 2 2 2 2 2 2 2 2 2 2 2 2 2 2 2 2 2 2 2 2 2 2 2 2 2
left_child=1 2 5 -2 7 6 -1 8 9 11 -11 -5 13 14 20 16 -16 25 -19 -14 21 -10 23 -7 -25 -17 -27 -28 -3 -26
right_child=3 28 -4 4 -6 22 -8 -9 12 10 -12 -13 19 -15 15 17 -18 18 -20 -21 -22 -23 -24 24 29 26 27 -29 -30 -31
leaf_value=0.0072233730802203971 0.035210494785507897 -0.012957977649806334 0.0300386317843809 0.058533546413560573 0.036281921398410362 -0.0090901204277151516 0.057813462508997 -0.025164267184389591 0.075156780447589583 0.12842627808353999 -0.0098110548704084116 -0.031421978019557845 -0.016979168464593058 -0.022717047300762946 0.0606608763640877 -0.024110828442432612 -0.030339229242880572 -0.014312738078192548 0.11387632783379795 0.025388227096594607 -0.033680694083785365 -0.019048633487045854 -0.029791780334265168 -0.020015357667451696 0.10453088266096179 0.11313122369964061 0.048658642137215859 -0.0274278828658704 0.0411643215989001 -0.0047631464070877049
leaf_weight=9.3364106062799674 13.553618535399435 1.7273379005491722 42.774403481278569 0.62132038036361237 11.142022319138048 63.549956300295889 3.5877522053197017 46.93416626797989 0.73429660499096516 0.6604868392460046 0.81145386956632137 3.5070044295862317 132.15655488800257 8.5177010339684767 0.58754225447774233 1.4556604996323539 3.0391680616885424 0.54977814620360765 2.1127467965707183 4.1900566765107206 5.0501828100532293 0.89536083582788706 14.021790777333079 0.98196684895083253 0.65807116823270895 0.56385238235816393 0.79554685251787338 2.1209185081534088 52.155346572399139 0.57391845155507326
leaf_count=294 190 72 860 70 170 7033 54 6260 85 67 77 424 16922 896 76 168 396 68 252 120 664 117 1494 115 67 50 81 256 909 44
internal_value=0.00177897 0.0144707 0.00547082 -0.00850136 -0.0116348 -0.00606385 0.0244106 -0.0142707 -0.0111034 0.0225386 0.0790787 -0.00910967 -0.0123915 0.00363844 0.0167146 0.0348071 -0.00567218 0.0525403 0.0907261 -0.0155018 -0.0142626 0.0358374 -0.0112413 -0.00689914 0.0392516 0.0201283 0.0398832 0.000451602 0.0392248 0.0742937
internal_weight=429.366 189.367 135.484 239.999 226.446 92.7099 12.9242 215.304 168.37 5.60027 1.47194 4.12832 162.769 26.4228 17.9051 11.2252 3.62671 7.5985 2.66252 136.347 6.67984 1.62966 79.7857 65.7639 2.21396 4.93598 3.48032 2.91647 53.8827 1.23199
internal_count=38351 10942 9961 27409 27219 9101 348 27049 20789 638 144 494 20151 3109 2213 1347 472 875 320 17042 866 202 8753 7259 226 555 387 337 981 111
cat_boundaries=0 1
cat_threshold=960
is_linear=0
shrinkage=0.04


Tree=71
num_leaves=31
num_cat=1
split_feature=6 22 2 17 3 3 18 25 26 22 26 15 15 22 25 17 8 8 18 26 22 18 18 15 22 9 8 25 25 19
split_gain=29.9807 16.9782 16.0442 18.9155 17.3211 9.24869 7.98623 7.14765 6.83242 5.58676 4.42911 7.28602 8.94761 5.59169 8.35136 6.82949 4.41699 7.2284 9.86961 9.87126 6.29616 6.08333 7.65906 5.9857 5.69065 3.88703 11.2472 17.0334 7.70239 5.97876
threshold=0 0.46597771892742823 0.40903857802802651 5.5000000000000009 4.5000000000000009 2.5000000000000004 3.6021870837399188 0.23594053893251976 0.19445101185387828 0.10016841892292645 0.019648046301361671 1.0980292780520677 1.0527597857183006 0.027603600417202116 0.20122369950628571 1.5000000000000002 -0.84918144311875465 -0.88703702359900938 7.6091750707130101 0.050096293149986267 0.07912048834589111 6.4594392228233408 7.4837420178463541 2.0174606324188482 0.08235229708866619 -0.81957271806672938 -0.48726585771470449 0.13448759780936564 0.20280124413273715 6.3720358728564088
decision_type=1 2 2 2 2 2 2 2 2 2 2 2 2 2 2 2 2 2 2 2 2 2 2 2 2 2 2 2 2 2
left_child=2 5 3 4 6 9 -1 -4 16 10 11 12 13 14 15 -2 17 18 -8 20 23 -19 24 -20 -23 26 27 29 -28 -12
right_child=1 -3 7 -5 -6 -7 8 -9 -10 -11 25 -13 -14 -15 -16 -17 -18 21 19 -21 -22 22 -24 -25 -26 -27 28 -29 -30 -31
leaf_value=0.036465684620070209 0.11917907644115504 0.039257556824814306 -0.0060342699722139405 0.035160341593714999 0.038237324570690553 0.034580440786096067 -0.018115202785700717 0.035734664712361433 0.028116743587607084 -0.028446565834138845 0.14394883418407178 -0.0066268495572019441 0.12622639889255452 -0.016200404669750409 -0.02264821222947503 -0.014583686624284574 -0.015284961257628231 -0.02046999092255896 0.15418786583013006 -0.024003079719068399 -0.013860104873667393 0.13324898162423021 -0.017187598749721301 0.0067491412143559221 -0.010833605514980811 -0.019069360182103395 -0.026311740694411057 -0.017529389760256031 0.0098054018100508806 -0.010121401137071226
leaf_weight=5.8865496255457392 1.2550531974993639 10.334758706390856 7.1534892106428734 29.260745024308562 15.629470270127056 5.8890638388693324 17.572829870507128 53.312647161073983 6.8685021745041004 29.846230770926923 1.3864182215183962 33.217870643828064 0.44257751293480385 3.9847541670314968 1.2718412680551408 0.56611890345811833 77.697218092624098 0.96070658136159126 0.85084257461130597 1.4619895233772693 0.52206363948062051 1.3051792699843647 0.73341429792344559 0.70363251306116581 0.3670526836067437 73.932427865918726 21.306448571849614 2.4960704697296023 15.670242112129925 0.33488282933831204
leaf_count=72 136 162 478 370 241 165 1939 925 245 4053 147 4100 49 516 156 73 8620 91 85 162 59 142 80 71 46 10014 2847 316 1980 42
internal_value=0.00296475 -0.00802535 0.0128136 0.00666569 6.08043e-05 -0.011183 -0.00541592 0.0307754 -0.00798766 -0.0128117 -0.0096555 0.00165416 0.0347167 0.0140766 0.0475108 0.0871678 -0.0106637 0.0040293 -0.00541651 0.0477433 0.0896396 0.0509404 0.0770953 0.116218 0.109404 -0.0136373 -0.00366724 0.0515063 -0.0111506 0.12127
internal_weight=422.221 201.935 220.286 159.82 130.559 191.6 114.93 60.4661 109.043 185.711 155.865 40.7382 7.52035 7.07777 3.09301 1.82117 102.175 24.4777 21.1114 3.53853 2.07654 3.36635 2.40565 1.55448 1.67223 115.126 41.1941 4.21737 36.9767 1.7213
internal_count=38382 24756 13626 12223 11853 24594 11612 1403 11540 24429 20376 5030 930 881 365 209 11295 2675 2316 377 215 359 268 156 188 15346 5332 505 4827 189
cat_boundaries=0 1
cat_threshold=976
is_linear=0
shrinkage=0.04


Tree=72
num_leaves=31
num_cat=1
split_feature=2 18 4 6 12 17 13 23 18 26 23 24 18 9 8 2 17 5 26 24 5 19 19 23 0 0 1 0 8 23
split_gain=32.8158 36.4414 32.9674 17.6626 11.3562 10.595 4.97839 4.51228 4.06902 6.40895 11.5178 6.76622 6.7146 7.06276 8.1194 5.26286 7.47 3.56075 3.34708 4.60894 4.26615 5.29024 15.5155 13.3943 16.7262 12.037 5.59097 3.75058 3.57355 3.64772
threshold=0.40903857802802651 4.6571820097870811 10.500000000000002 0 1.0000000180025095e-35 9.5000000000000018 1.5000000000000002 0.063487103232498274 7.3441873263908226 0.013234965048668569 0.024159336221652151 0.033759971772372284 7.9245132638187679 -0.96132896751181041 0.63207780380838419 0.12635022124435805 1.5000000000000002 0.99672823113340492 0.02774448359608871 0.14091990189930997 0.77325765389582235 5.2185175919106266 4.9754374705325031 0.019111446518192642 7.8280913128588807 6.9609416765108065 -1.0997984133922538 5.6668837378803181 -0.99462126422084729 0.083945771504502775
decision_type=2 2 2 1 2 2 2 2 2 2 2 2 2 2 2 2 2 2 2 2 2 2 2 2 2 2 2 2 2 2
left_child=1 -1 5 4 7 6 8 -2 -3 10 11 12 13 -10 15 16 -15 -9 19 -11 -20 22 26 -24 25 -25 -22 -28 -23 -30
right_child=3 2 -4 -5 -6 -7 -8 17 9 18 -12 -13 -14 14 -16 -17 -18 -19 20 -21 21 28 23 24 -26 -27 27 -29 29 -31
leaf_value=0.033344612864381264 -0.031492175946711838 -0.018666700582539698 0.033374771736542803 0.034191742366809205 0.041895605355986049 0.028368912713363243 0.040765700478198483 -0.022868380653440143 -0.015356754271990566 -0.035001373720516392 -0.020615634752708497 -0.0011474856649223528 -0.017710460809752537 0.18210809671375069 -0.014073752941993777 0.008886439792884707 0.0094112329347739755 0.047300300836417154 -0.02443833889487387 0.044798077715806579 0.052278168194677524 0.040170830845730345 -0.0085490927507497361 0.011454421377539692 -0.01157528698640002 0.25279511431786328 0.04644282703479443 -0.025452621523163438 -0.021511604651139774 0.02978148787300889
leaf_weight=34.031961178407073 16.50839043408633 191.9680358543992 25.115209773182869 48.059187408536673 4.3742897212505332 8.4185040183365327 1.6130704320967186 1.2819746462628239 0.61358905443921719 13.67111821658909 6.9771558102220297 3.0835450016893446 0.78180608991533507 1.5157587630674236 0.5344422599300741 0.62926513655111183 0.61212057108059514 1.5739935426972804 16.470922888256609 0.41341075301170427 1.163532347884028 0.99089797772466681 1.5141559485346072 0.55156279681250431 0.7663564346730708 0.50223450502380729 0.386818025726824 9.2235370492562634 19.675950719974946 1.6094254609197367
leaf_count=573 1612 24633 387 808 36 92 13 136 71 1712 816 352 92 141 62 70 65 136 1976 51 162 125 187 79 83 71 54 1162 2527 176
internal_value=-0.000184272 -0.0053493 -0.00970748 0.0242134 -0.0073881 -0.0136254 -0.0150078 -0.0236596 -0.0154838 -0.00786852 0.015286 0.0461971 0.0720697 0.0899898 0.10863 0.12983 0.15132 0.018041 -0.0131197 -0.0298446 -0.00819151 -0.000379753 0.0180622 0.0820407 0.13371 0.193558 -0.00702424 -0.0184544 -0.0123338 -0.0164709
internal_weight=414.632 342.834 308.802 71.7978 23.7386 283.687 275.269 19.3644 273.656 81.6876 14.7477 7.77053 4.68698 3.90518 3.29159 2.75714 2.12788 2.85597 66.9399 14.0845 52.8554 36.3845 14.1082 3.33431 1.82015 1.0538 10.7739 9.61036 22.2763 21.2854
internal_count=38460 35732 35159 2728 1920 34772 34680 1884 34667 10034 1669 853 501 409 338 276 206 272 8365 1763 6602 4626 1798 420 233 150 1378 1216 2828 2703
cat_boundaries=0 1
cat_threshold=56
is_linear=0
shrinkage=0.04


Tree=73
num_leaves=31
num_cat=1
split_feature=1 3 6 22 1 26 26 26 24 0 22 8 26 23 1 23 14 23 19 24 22 22 14 24 26 19 23 26 15 24
split_gain=28.606 26.1739 12.6814 16.7551 14.1057 7.11197 6.12589 4.98105 4.86605 4.7073 4.52728 7.83387 8.85433 5.81243 8.22719 5.06374 5.42824 6.69827 8.2879 11.9953 7.6692 8.78297 7.21501 6.69898 7.1148 5.49693 8.59321 4.99686 10.3877 4.91085
threshold=1.4470097933267125 5.5000000000000009 0 0.23495650421036066 4.1205382527117882 0.18546620394262328 0.29493109437780574 0.14629603597236426 0.019339577819198796 5.7853176581227155 0.014565198425195621 -0.97946176472741764 0.04823053118071647 0.077835273403143279 -0.026276933855323748 0.030849945828159819 0.073065099349839083 0.0075063271097244614 5.4834692677425894 0.004561103343524186 0.041411500488350468 0.064446826520855718 0.012454464392393521 0.00096519210738783476 0.053152078429231919 5.1062984830210008 0.023295135337038066 0.024953799532097521 2.0991524949202254 0.03017898298496785
decision_type=2 2 1 2 2 2 2 2 2 2 2 2 2 2 2 2 2 2 2 2 2 2 2 2 2 2 2 2 2 2
left_child=1 5 4 7 6 10 -2 9 -7 -4 11 12 29 15 -15 16 17 -12 19 23 -21 22 -22 -19 -25 -23 -27 28 -16 -1
right_child=2 -3 3 -5 -6 8 -8 -9 -10 -11 13 -13 -14 14 27 -17 -18 18 -20 20 21 25 -24 24 -26 26 -28 -29 -30 -31
leaf_value=0.11833545821066085 0.0023215110066844291 0.03835083552584042 0.031378719452672552 0.036716901579724515 0.040009297742945663 0.043935519844789911 0.03463817878167353 0.023016622153318195 -0.0040762433248299626 -0.020352779663732532 -0.023001076162820652 -0.0064090735372351127 -0.022872459358840132 -0.022196974055421276 -0.0044161582841186816 -0.028144495523929378 -0.02428213044174354 -0.015463436153241965 -0.013570513363843793 -0.023804565195612009 -0.019989382188039535 -0.023306995430773598 0.082510007962191864 0.14283234906594214 0.0048863918127972821 -0.012990706138839181 0.10614580814187553 0.0073193291432464662 0.12425303679067122 0.0028133360569344845
leaf_weight=1.2700840989127753 41.524864230304956 17.633407149463892 2.139416593592613 13.055254728533326 46.447375033050776 5.1032723784446699 11.18881234154105 4.6884211893193415 7.2204499123618007 41.150058434344828 23.066183374263346 36.912252252921462 1.3120056139305232 7.8056483282707658 1.7338014496490344 50.753761189058423 40.020116020925343 0.62167795421555938 23.543890170287341 7.4164758506231037 0.98352591507136722 5.6287377597764117 3.8834603182040155 1.4032964310608806 0.89379696082323778 1.9128560749813917 0.64088429603725661 6.2968403715640306 1.1869128919206557 0.86217019706964482
leaf_count=153 2532 296 166 222 784 279 160 303 484 4605 3064 4679 184 1050 191 7016 5243 80 3077 949 132 765 503 167 109 258 91 695 127 115
internal_value=0.00118424 -0.0073149 0.0143112 -0.00155993 0.0219611 -0.0109594 0.00969809 -0.0128309 0.0176108 -0.0171454 -0.0126464 -0.000531798 0.0497246 -0.0153779 0.00652531 -0.0177231 -0.0127051 -0.00583711 0.00290315 0.0193653 0.00674423 0.0245648 0.0619202 0.0835582 0.106919 -0.00197801 0.0383632 0.03064 0.0662271 0.0874355
internal_weight=408.3 248.106 160.194 61.0332 99.1611 230.472 52.7137 47.9779 12.3237 43.2895 218.148 40.3565 3.44426 177.792 17.0232 160.769 110.015 69.9948 46.9286 23.3847 20.4659 13.0495 4.86699 2.91877 2.29709 8.18248 2.55374 9.21755 2.92071 2.13225
internal_count=38479 29707 8772 5296 3476 29411 2692 5074 763 4771 28648 5131 452 23517 2063 21454 14438 9195 6131 3054 2698 1749 635 356 276 1114 349 1013 318 268
cat_boundaries=0 1
cat_threshold=384
is_linear=0
shrinkage=0.04


Tree=74
num_leaves=31
num_cat=1
split_feature=6 2 4 22 13 25 3 23 18 0 0 14 8 25 8 8 23 25 11 25 23 14 14 23 25 0 25 22 22 24
split_gain=27.959 16.6813 26.064 16.0127 7.62969 7.53451 7.48203 5.94327 5.14026 5.19053 11.7542 11.2213 8.43555 8.11906 7.34377 7.02699 9.5702 9.66893 4.98539 4.98451 4.60194 4.14301 4.54088 5.81321 8.19312 10.8866 7.80946 5.78446 4.78397 4.45059
threshold=0 0.40903857802802651 4.5000000000000009 0.20734162958880673 1.0000000180025095e-35 0.23594053893251976 5.5000000000000009 0.029822660704731347 7.3441873263908226 8.2054633030654607 6.9357747308686344 0.042406525681818526 0.73662446686756888 0.086930628886028399 0.57727572643484859 -0.86864049844560265 0.002572296986656866 0.40748049469446973 5.4824751759354546 0.2265231447173944 0.012123647912556955 0.071480805588422944 0.047758606059974597 0.012123647912556955 0.14990340452914572 6.8737163650131992 0.35811065794149705 0.094512206762835518 0.021540630904432031 0.0057817805855438298
decision_type=1 2 2 2 2 2 2 2 2 2 2 2 2 2 2 2 2 2 2 2 2 2 2 2 2 2 2 2 2 2
left_child=1 2 4 6 -1 -3 7 8 21 10 14 18 13 -13 -10 -15 -17 -18 -12 -4 -16 22 -2 29 -25 -26 27 28 -27 -24
right_child=3 5 19 -5 -6 -7 -8 -9 9 -11 11 12 -14 15 20 16 17 -19 -20 -21 -22 -23 23 24 25 26 -28 -29 -30 -31
leaf_value=-0.01188149424371205 -0.013830625157988883 -0.01035331215253904 0.034082195270620466 0.031934039371995751 0.024647876260169187 0.035514172675761721 0.034667431170225464 -0.02347238884974125 -0.032728927325149641 -0.022069129881156689 0.033112583710112428 -0.0063414239312723497 -0.021484160634488863 0.0099166003924647927 0.073457142787732063 -0.014483118846237951 0.15686625058878989 -0.012620179023672186 -0.031581795116502276 0.0081232779607477903 -0.015621160362882981 -0.025722209219010184 0.042309813075638615 -0.016315361594623445 -0.021552383290962318 0.01230598041511898 -0.014026105954763946 -0.009313111225979517 0.17435417247570667 -0.027665638540586072
leaf_weight=84.809452323708683 34.166008009109646 6.0246696155518284 38.429042346775532 12.725295801181344 9.300309654325245 49.185383222997189 4.2137383744120589 68.206371495965868 8.7709661922417599 7.7259167758747926 2.2702925233170381 1.3227290422655622 1.140988486818969 1.3901200937107177 1.110963735263794 0.56031068367883818 3.2575310473330323 0.45456997165456403 3.6028872393071651 18.012748857960105 1.1404649224132297 28.741134352516383 0.94025789014994909 2.3485772940330207 1.1504319305531683 0.52092310646548945 0.52860415913164605 0.30051842983812083 1.2373338118195532 5.2993187168613076
leaf_count=9848 4757 473 1233 492 472 928 71 9691 1116 981 285 158 156 176 144 74 394 55 491 632 139 3961 129 340 168 65 69 45 166 751
internal_value=0.00132429 0.0112666 0.00483407 -0.00936973 -0.00805032 0.0304138 -0.0129598 -0.014288 -0.00832458 0.00480226 0.0136285 0.036855 0.0646359 0.0796317 -0.0164829 0.097652 0.118903 0.137838 -0.00539483 0.0260833 0.0374078 -0.0140265 -0.00640694 0.0136643 0.0387041 0.0694215 0.104604 0.12969 0.148211 -0.0127332
internal_weight=398.888 205.762 150.552 193.126 94.1098 55.2101 180.401 176.187 107.981 32.7477 25.0218 13.9994 8.12625 6.98526 11.0224 5.66253 4.27241 3.7121 5.87318 56.4418 2.25143 75.2331 46.492 12.326 6.08639 3.73781 2.58738 2.05878 1.75826 6.23958
internal_count=38460 13586 12185 24874 10320 1401 24382 24311 14620 4169 3188 1789 1013 857 1399 699 523 449 776 1865 283 10451 6490 1733 853 513 345 276 231 880
cat_boundaries=0 1
cat_threshold=976
is_linear=0
shrinkage=0.04


Tree=75
num_leaves=31
num_cat=2
split_feature=17 14 18 3 2 6 26 18 26 23 15 8 18 0 6 1 14 15 19 19 8 0 26 9 1 1 0 26 9 2
split_gain=26.0899 27.8906 20.865 14.2326 16.162 13.7195 5.13633 4.71374 9.82852 9.26763 7.73262 9.87627 6.341 4.48104 4.42282 11.7309 9.97325 10.1624 8.58104 7.84381 10.7226 9.57029 4.33176 4.03705 4.03505 6.47544 6.57722 7.05549 4.01013 3.96271
threshold=5.5000000000000009 0.30544883234180348 3.6021870837399188 5.5000000000000009 0.48470069411158639 0 0.4676905408112913 7.4153209442174131 0.013234965048668569 0.0089956105154855841 1.2080281398298427 -0.58791918172702007 7.8401740688701489 8.6024046457091412 1 -1.4569907251580647 0.047758606059974597 1.6803483754608834 4.9427475944375932 4.7468584740357445 -0.52171592434450553 7.3671689705886223 0.18546620394262328 0.9822935704606458 -1.0523765166162617 -1.5259795351102341 6.8869055615349799 0.073596204394008519 -0.9996517932224066 0.056627129455321105
decision_type=2 2 2 2 2 1 2 2 2 2 2 2 2 2 1 2 2 2 2 2 2 2 2 2 2 2 2 2 2 2
left_child=1 2 -1 4 6 -6 7 13 9 12 11 -11 -9 14 15 16 17 -4 19 -17 -21 -22 24 -12 25 -10 -27 29 -20 -28
right_child=-2 -3 3 -5 5 -7 -8 8 22 10 23 -13 -14 -15 -16 18 -18 -19 28 20 21 -23 -24 -25 -26 26 27 -29 -30 -31
leaf_value=0.036009553642266469 0.033221639033306702 0.03007881234132332 -0.013415110461278631 0.035374153596476159 -0.013702346436542398 0.027443890473932826 0.036930411101318061 0.096908432156155938 -0.029521660696563441 0.10402593879068396 -0.029772540784931016 -0.022488411902091769 -0.01643083324017882 -0.030865351994203181 -0.018005847857819918 0.00037031725997405406 -0.0078483909265737815 0.16808464868806497 0.050134389321727549 -0.019190566553960939 0.17109125013565227 -0.0124411601640518 0.0280513044386894 0.046922717373661361 -0.020032948970934692 -0.022698424286087149 0.006749924560956265 -0.017726636472747477 -0.023443019954362179 0.12637994939759906
leaf_weight=15.950097251683472 32.508705948479474 34.429057945962995 0.4982304805889719 9.9317207187414152 15.507017733063547 20.706036349758506 2.1467220559716216 2.4929752210155125 2.7363637373782694 1.2145055504515769 6.4002478322945535 1.2550497087649981 0.68617220316082228 36.806883862707764 125.00138682546094 6.8727562278509158 1.4716271031647918 0.72857614327222109 0.3302144212648298 0.90952929481864009 0.70401553483679868 0.4466728032566607 2.9432282871566704 0.37375259399414051 46.604502542410046 1.2890917118638747 0.70641809748485718 0.7848710948601364 22.192679644096643 1.1606797822751103
leaf_count=242 497 1057 69 170 1575 349 20 234 374 112 778 154 82 4101 17057 988 210 97 47 135 88 66 220 26 6070 182 99 111 3158 141
internal_value=-0.000555946 -0.00366148 -0.00727439 -0.00958846 -0.0111739 0.0136223 -0.0145784 -0.0151337 -0.00599846 0.0249267 0.00232239 0.05178 0.0743677 -0.0182872 -0.0152038 0.000306665 0.0678801 0.121451 -0.00730847 0.0241433 0.0774124 0.127189 -0.0131474 -0.0200494 -0.015898 0.0118116 0.0406767 0.0692626 -0.0202788 0.0992588
internal_weight=395.79 363.281 328.852 312.902 302.97 36.2131 266.757 264.61 68.6479 12.4227 9.24356 2.46956 3.17915 195.963 159.156 34.1543 2.69843 1.22681 31.4559 8.93297 2.06022 1.15069 56.2252 6.774 53.2819 6.67742 3.94106 2.65197 22.5229 1.8671
internal_count=38509 38012 36955 36713 36543 1924 34619 34599 8583 1386 1070 266 316 26016 21915 4858 376 166 4482 1277 289 154 7197 804 6977 907 533 351 3205 240
cat_boundaries=0 1 2
cat_threshold=56 584
is_linear=0
shrinkage=0.04


Tree=76
num_leaves=31
num_cat=2
split_feature=6 2 17 18 3 3 18 7 22 5 18 26 9 23 1 25 8 18 9 14 25 1 9 22 1 1 26 26 5 14
split_gain=25.9971 24.7635 18.5739 15.0216 14.7892 10.2331 6.34422 4.79053 7.83134 5.21207 4.70824 8.38334 8.4952 8.93338 7.31471 8.02158 5.75431 5.71901 4.41027 4.3442 4.26346 3.94688 4.11916 4.11068 3.74867 8.23425 5.59828 7.60319 8.00409 3.52951
threshold=0 0.28100228106754938 5.5000000000000009 3.6021870837399188 5.5000000000000009 4.5000000000000009 3.6021870837399188 1 0.016463564135077043 1.2944045175127252 7.3441873263908226 0.013234965048668569 -0.87786832340675269 0.024448324867877798 1.0770152507728148 0.29337885572885186 -0.86864049844560265 7.7583946504846262 2.9621597756810043e-05 0.45940432964303174 0.1183053977042043 6.8699697304154581 -0.86313358816492436 0.048055241624313988 -1.0297147082534768 -1.4569907251580647 0.079588938780975602 0.037456858846973182 0.77325765389582235 0.040972440473656412
decision_type=1 2 2 2 2 2 2 1 2 2 2 2 2 2 2 2 2 2 2 2 2 2 2 2 2 2 2 2 2 2
left_child=1 2 5 -2 7 6 -1 8 9 18 19 12 -12 14 15 16 -14 -18 -5 -9 -3 22 23 -10 25 -13 27 -27 -29 -8
right_child=3 20 -4 4 -6 -7 29 10 21 -11 11 24 13 -15 -16 -17 17 -19 -20 -21 -22 -23 -24 -25 -26 26 -28 28 -30 -31
leaf_value=0.034287220209520679 0.033945318081927668 -0.017850898768012255 0.033213726931063677 0.1149361094755862 0.038093554324154302 0.03445297988277584 -0.0013734415545649931 -0.020357856060198177 0.057451545247658754 -0.015758378136513495 -0.029243579191537489 -0.02999244322515647 0.0073768386214428782 -0.0045509565028998954 -0.017711472789683595 -0.0010634033708380173 0.1755714054667783 0.011129699577114009 -0.0039014452747849798 0.024617453000008609 0.040338999064413947 0.040798524820316102 -0.033890582546328811 -0.022212551449997536 -0.01716209426201196 -0.0038345842815147432 -0.019529179284495032 -0.012195361850366654 0.15435873756875604 -0.017889031566811389
leaf_weight=4.2680150046944609 11.707438241690395 1.5714244432747353 25.70735289528966 1.3174076024442922 8.4744302071630937 8.8218181468546373 35.403065979015082 127.72726767836139 1.1509028100408607 0.63949814625084389 2.6339783510193229 2.9106946554966271 0.67896592989563975 3.410588598344475 0.774717142805457 1.0360880047082899 1.4059333913028225 0.56007812591269601 0.55559910042211402 2.7224473748356095 43.683591158129275 1.5522686038166282 5.2154635493643573 1.2293596286326645 40.294943634420633 1.2001869245432315 0.93499188078567375 0.43264582986012079 0.85078661097213626 49.475987426936626
leaf_count=57 193 78 365 155 154 154 3836 18363 126 86 348 415 68 414 83 101 117 64 51 67 899 71 721 186 5348 155 128 54 113 5502
internal_value=0.000932805 0.0122808 0.00363424 -0.00801377 -0.0109141 -0.00438469 -0.00856754 -0.0131784 0.00891353 0.0667469 -0.0143058 -0.00536417 0.0254097 0.0449441 0.0767193 0.0961312 0.124051 0.148272 0.0905966 -0.0192391 0.0379762 -0.00319905 -0.0158908 0.0219074 -0.0126828 0.0142846 0.0502393 0.0745709 0.117461 -0.0110966
internal_weight=388.348 168.931 123.676 219.417 207.709 97.9689 89.1471 199.235 11.6605 2.5125 187.574 57.1246 10.5003 7.86637 4.45578 3.68107 2.64498 1.96601 1.87301 130.45 45.255 9.14799 7.59573 2.38026 46.6242 6.32931 3.41861 2.48362 1.28343 84.8791
internal_count=38472 10891 9914 27581 27388 9549 9395 27234 1396 292 25838 7408 1195 847 433 350 249 181 206 18430 977 1104 1033 312 6213 865 450 322 167 9338
cat_boundaries=0 1 2
cat_threshold=960 4
is_linear=0
shrinkage=0.04


Tree=77
num_leaves=31
num_cat=0
split_feature=1 3 25 4 22 17 17 0 5 22 22 5 8 23 4 15 1 19 26 15 1 15 15 25 19 25 15 26 8 11
split_gain=22.7477 20.5413 14.6198 11.5157 12.9215 9.55497 4.65145 5.88033 4.3539 6.67367 6.31134 7.87601 6.43307 6.44425 4.49776 8.63776 8.09054 7.22408 6.51999 10.8876 7.77982 6.26679 9.02175 10.7616 5.24915 5.24298 6.0778 5.19551 7.09007 10.2441
threshold=1.6755970958062589 5.5000000000000009 0.2808902730507426 5.5000000000000009 0.26751059843181363 5.5000000000000009 9.5000000000000018 9.1047104073484437 1.0175330317809592 0.055975299302159547 0.051888157761878599 0.79030334276010139 0.20438448389257702 0.049510763817535129 2.5000000000000004 2.3294368191031105 -0.026276933855323748 4.873843602918277 0.014411926117010894 1.9200230033942847 1.0770152507728148 2.7293397918598887 2.8586949110436213 0.13689165294538944 4.3403059370535289 0.21312207526270407 1.5228559686965808 0.051534046554054865 -0.30813608942407916 5.5393853189074918
decision_type=2 2 2 2 2 2 2 2 2 2 2 2 2 2 2 2 2 2 2 2 2 2 2 2 2 2 2 2 2 2
left_child=1 5 3 4 6 8 7 -2 9 10 14 12 13 -12 21 16 27 -18 -19 25 -21 -1 23 -23 -24 -20 -27 28 29 -16
right_child=2 -3 -4 -5 -6 -7 -8 -9 -10 -11 11 -13 -14 -15 15 -17 17 18 19 20 -22 22 24 -25 -26 26 -28 -29 -30 -31
leaf_value=-0.019061308925854184 -0.030590484752292164 0.035377965440652852 0.027863639947332323 0.031177401470829064 0.034716139475969736 0.023762817777837099 0.030934625060331667 -0.0021871240038870247 -0.01773527446093863 -0.01822408383485043 0.13497434849224177 -0.022966881471766971 -0.010830339939247263 -0.011838923862403646 0.10742521487728636 -0.021544496790408426 -0.009947160904960976 -0.0029203834766124894 -0.0050565492701117242 0.16689218990975857 0.010292166255860586 0.15672762046903241 0.05235996589707137 -0.01632095866818125 -0.030735683686138302 0.1003258088712127 -0.016513529292691936 -0.031941202887269815 -0.021082135624930141 -0.012069261186359686
leaf_weight=29.111370180267841 25.297090718057007 16.338561564683914 61.725947979371995 15.408671586308627 9.101353623904286 11.935277190059422 2.4389058612287036 21.252056675963104 101.96575051406398 45.10592747759074 1.28125210897997 1.3236631546169517 0.76795907272025932 0.41455377265810955 1.4351342683658006 9.8764911866746825 2.9578424762003133 2.1519983159378153 3.0913422545418143 1.5101578747853639 0.81031593540683378 0.42253073258325347 0.72511571459472213 0.68104852875694633 3.2125205965712667 1.2766761877574024 0.6757979355752467 4.7206563125364482 3.1602338654920459 1.8310908875428138
leaf_count=4066 2873 308 2010 374 167 165 39 2159 14758 6192 147 186 89 52 166 1245 386 229 373 190 49 56 81 100 461 160 82 612 418 236
internal_value=0.000549527 -0.00667048 0.0136782 0.00155081 -0.00670251 -0.00979169 -0.0149381 -0.0179416 -0.0117244 -0.00635924 0.00128041 0.0456715 0.0785319 0.108006 -0.00183392 0.00845555 0.0213647 0.0422314 0.0578532 0.0738384 0.131776 -0.0118795 0.0258832 0.0929433 -0.00792843 0.0297904 0.0679891 -0.0035404 0.0188137 0.0533084
internal_weight=382.007 246.783 135.224 73.4981 58.0894 230.445 48.9881 46.5491 218.509 116.544 71.4378 3.78743 2.46376 1.69581 67.6503 33.4977 23.6212 12.4741 9.51629 7.36429 2.32047 34.1526 5.04122 1.10358 3.93764 5.04382 1.95247 11.1471 6.42646 3.26623
internal_count=38429 30807 7622 5612 5238 30499 5071 5032 30334 15576 9384 474 288 199 8910 4146 2901 1469 1083 854 239 4764 698 156 542 615 242 1432 820 402
is_linear=0
shrinkage=0.04


Tree=78
num_leaves=31
num_cat=2
split_feature=6 2 4 23 3 24 14 24 24 23 4 14 14 8 5 26 5 8 26 4 24 0 8 26 15 23 15 25 7 5
split_gain=22.5863 22.0328 15.6188 12.5367 10.4751 5.58994 5.36624 7.02181 9.97947 10.0386 8.34404 5.31367 6.11212 6.36079 5.05977 5.06336 5.18309 4.62596 4.55186 4.83347 4.87789 3.9014 3.89827 6.91833 4.75489 4.88041 4.21701 6.64723 4.08877 7.23854
threshold=0 0.28100228106754938 4.5000000000000009 0.16502398343401184 5.5000000000000009 0.019836424511203422 0.061244555705785152 0.047321844951518692 0.040415634027550856 0.023874726601559555 1.5000000000000002 0.026978391812085206 0.033021963802105141 -0.24427419864845615 0.6256625511870314 0.041672889459417765 0.59760168069498476 -0.86864049844560265 0.18546620394262328 11.500000000000002 0.022582258925262302 7.7013097772001098 -0.83261026230485513 0.0044300502049298036 1.2465780951189485 0.027045803182076868 7.9189953302902163 0.22340301437479962 1 1.1504836015609468
decision_type=1 2 2 2 2 2 2 2 2 2 2 2 2 2 2 2 2 2 2 2 2 2 2 2 2 2 2 2 1 2
left_child=1 2 5 4 17 14 7 8 11 10 -10 -7 13 -13 15 -1 -17 -2 19 20 -4 -9 23 -19 25 -25 28 -28 29 -24
right_child=3 -3 18 -5 -6 6 -8 21 9 -11 -12 12 -14 -15 -16 16 -18 22 -20 -21 -22 -23 26 24 -26 -27 27 -29 -30 -31
leaf_value=-0.02437448163869561 -0.023354886059689814 0.037194057996378559 0.022510627231836923 0.035081917388001094 0.033178526825388729 -0.014257450831370594 -0.01340355760709242 -0.030940027554040978 -0.010125325288887415 0.0037309388684483935 0.18020356804432008 0.13096025529403035 0.005989819551347959 -0.0085653494367511473 -0.028471738143964771 0.0055828561104178534 0.10036409667097129 0.10061976933736216 0.039761871666764523 0.034752126295057008 -0.015176709089735512 0.011138750313676837 -0.0074451669826178634 -0.017451055345944422 -0.023034824056557889 0.088342013506325229 0.074971486728328859 -0.0043460359478333542 -0.012085196578025852 0.062101527302921629
leaf_weight=2.7911804188042906 39.452398644760251 43.470412862487137 8.7307875952683442 9.7179507119581086 7.9219586104154578 5.3820795495994407 19.783318010158837 5.2401112164370698 0.33513520611450009 1.3488258556462822 0.81424881052225828 0.67081425664946437 3.834031586535275 0.59287364687770583 23.406384574249387 2.8149654013104741 0.47514009661972512 0.41968933725729485 15.227261765394358 9.5082146078348142 11.628924112301318 7.2611862742342055 5.440000188536942 0.7570456927642224 3.6491692769341171 0.59089274983853102 1.4043422187678505 5.3619572916068137 134.15567413438112 3.0330823161639273
leaf_count=296 5773 989 486 281 153 598 2205 708 44 147 93 66 472 62 2745 262 39 40 260 174 627 686 637 98 542 72 163 689 18623 392
internal_value=0.00168345 0.0123888 0.00418325 -0.00684695 -0.00936196 -0.00702654 0.00185221 0.0137563 0.0332886 0.0920982 0.145816 0.0124679 0.038395 0.0906338 -0.0202689 0.0108655 0.0394744 -0.0112578 0.0225141 0.0127175 0.00128188 -0.00748446 -0.00804481 0.0226961 0.000464819 0.0467987 -0.00930292 0.01965 -0.0108037 0.0103997
internal_weight=375.22 163.316 119.845 211.904 202.186 74.7503 45.2626 25.4793 12.978 2.49821 1.14938 10.4798 5.09772 1.26369 29.4877 6.08129 3.29011 194.264 45.0952 29.8679 20.3597 12.5013 154.812 5.4168 4.99711 1.34794 149.395 6.7663 142.629 8.47308
internal_count=38422 10959 9970 27463 27182 8423 5081 2876 1482 284 137 1198 600 128 3342 597 301 27029 1547 1287 1113 1394 21256 752 712 170 20504 852 19652 1029
cat_boundaries=0 1 2
cat_threshold=960 4
is_linear=0
shrinkage=0.04


Tree=79
num_leaves=31
num_cat=1
split_feature=6 1 23 17 3 3 0 1 5 23 25 26 18 18 1 8 8 25 11 26 17 0 26 26 8 5 1 9 15 19
split_gain=20.9126 20.8839 13.9839 13.353 10.3128 8.43088 8.82782 7.48697 5.65308 5.1109 5.84287 4.79365 6.2557 17.1038 10.8015 6.82776 4.85789 4.56949 5.58976 5.02553 4.33888 4.24596 3.94989 10.9425 12.0025 8.56717 7.42869 5.93687 5.03824 4.60268
threshold=0 4.1205382527117882 0.10146005057873873 5.5000000000000009 2.5000000000000004 4.5000000000000009 8.9542948057105747 0.08073008299568081 1.8245359080987567 0.02952972848019253 0.024330401086530781 0.019648046301361671 7.4601746356365437 7.6578099530334027 0.4065680394641023 0.14911018647761884 0.91959262568313471 0.31523887913468723 4.8690408703607249 0.0040725401069022478 2.5000000000000004 9.0103755467438464 0.029087487463369251 0.050096293149986267 -0.85916164685847674 1.4429082029974019 1.7994195571106288 -0.9985731413822142 1.3667569701484668 5.4941856984306936
decision_type=1 2 2 2 2 2 2 2 2 2 2 2 2 2 2 2 2 2 2 2 2 2 2 2 2 2 2 2 2 2
left_child=1 3 4 5 8 6 22 -4 9 11 -11 12 15 14 -14 -2 17 18 -17 -20 21 -21 -1 24 25 26 28 -25 -24 -26
right_child=2 -3 7 -5 -6 -7 -8 -9 -10 10 -12 -13 13 -15 -16 16 -18 -19 19 20 -22 -23 23 27 29 -27 -28 -29 -30 -31
leaf_value=-0.025622438708240592 -0.017662392479247495 0.03726417559576406 -0.020519609586102518 0.033231441918404415 0.029514201394408298 0.034038450439930708 0.014204485160046765 0.039212580969332687 -0.031870254425113285 0.04281209641859577 -0.021286847629985586 -0.0094217552148622673 0.13913792205202064 -0.015981252508547168 -0.0031681622546978596 -0.01640171196283751 -0.024530401844156433 -0.011748370759663345 -0.011830924123471889 0.12525567723811068 -0.010505504294616981 -0.0089284006914320986 0.0098113166346916556 0.046032054817249118 0.025744235308380051 -0.018261018100138891 -0.013256603997967038 -0.021961172841594299 0.15746330226351427 -0.025357143892835891
leaf_weight=23.71887597348541 13.998537977691745 40.12497642962262 3.6508777444250908 20.15895751491189 9.0529193007387203 8.6292007863521558 26.048916694708169 13.848545069340615 19.971982313785702 1.4614544948562969 57.325397554319352 77.540903622284532 1.8926564832217985 3.9187344694510102 1.1486268211156128 0.84769411897286673 1.5302352383732793 1.4775533196516333 0.57781889988109503 2.1409350838512191 0.35250794561579812 0.28466252563521255 0.60161249339580569 1.275271413847803 4.4524336531758291 0.8068426172249018 0.48912110691890109 30.508026979863647 1.4278359077870844 4.8422421398572624
leaf_count=2992 1894 807 535 283 243 165 1478 727 2930 180 8457 10816 167 467 121 114 200 153 74 291 50 43 77 114 610 96 63 3544 179 622
internal_value=0.00155487 0.0118594 -0.00667183 0.0042921 -0.0101176 -0.00164833 -0.00524171 0.0263152 -0.0122112 -0.00964623 -0.0190039 -0.00431302 0.00959025 0.039832 0.0979073 -0.00168016 0.0277168 0.0433549 0.0612591 0.0801378 0.0973348 0.111499 -0.0127756 -0.00549999 0.0247796 0.0798244 0.107506 -0.0179121 0.13138 -0.000755132
internal_weight=374.106 163.084 211.022 122.959 193.523 102.8 94.1712 17.4994 184.47 164.498 58.7869 105.711 28.17 6.96002 3.04128 21.2099 7.21141 5.68117 4.20362 3.35592 2.77811 2.4256 68.1223 44.4034 12.6201 3.32541 2.51857 31.7833 2.02945 9.29468
internal_count=38492 11030 27462 10223 26200 9940 9775 1262 25957 23027 8637 14390 3574 755 288 2819 925 725 572 458 384 334 8297 5305 1647 415 319 3658 256 1232
cat_boundaries=0 1
cat_threshold=960
is_linear=0
shrinkage=0.04


Tree=80
num_leaves=31
num_cat=0
split_feature=4 2 18 25 17 5 9 15 24 19 19 2 14 18 8 2 22 18 25 5 25 1 22 4 9 18 8 15 11 4
split_gain=17.1684 20.18 21.0931 10.9913 8.48322 5.09502 6.17723 5.67349 5.49001 7.09877 10.8582 11.2112 9.47241 11.7773 8.00037 9.44669 16.0404 11.249 10.1181 7.70178 5.67714 6.74868 5.18014 4.93013 8.41738 10.0402 9.09985 7.51814 7.23098 5.01557
threshold=10.500000000000002 0.40903857802802651 4.6571820097870811 0.31263797312553043 9.5000000000000018 0.74767872478024333 0.17168739416869697 8.4939864261723557 0.040814976886219247 6.2859550341235364 6.9619271038975867 0.14045109079338544 0.058742708143368898 7.5319669120737922 0.3005966161384544 0.097301913241986018 0.014873886871532006 6.8507951924557853 0.23594053893251976 0.40082201139561563 0.071950597627145077 0.28209815576998354 0.061954327292880772 3.5000000000000004 -0.70540304139132137 6.6762615419456015 -0.86864049844560265 0.79462311872221514 4.5576934728110787 6.5000000000000009
decision_type=2 2 2 2 2 2 2 2 2 2 2 2 2 2 2 2 2 2 2 2 2 2 2 2 2 2 2 2 2 2
left_child=1 2 -1 -3 5 8 23 -8 9 14 11 12 13 19 15 -4 17 18 -17 -11 21 -10 -18 -7 -25 -26 27 -27 -28 -30
right_child=-2 3 4 -5 -6 6 7 -9 20 10 -12 -13 -14 -15 -16 16 22 -19 -20 -21 -22 -23 -24 24 25 26 28 -29 29 -31
leaf_value=0.029206883392765174 0.035097618528167694 -0.0047817417492984184 -0.0084264947113319218 0.032079634925633413 0.031040444594580385 -0.013651172259531039 -0.029933866899792633 0.043326979758432638 -0.025595690965548146 0.0040813691613338001 -0.021549298388428735 -0.02450587024928208 0.0096808959530629377 -0.016530074024370713 -0.031220629477004089 0.22198451154145096 0.032389932364860999 0.012926670500527737 -0.0089655531919607453 0.16712588302635767 -0.0224122031917043 0.062724533192750384 -0.023751433124475484 -0.012954337281983738 -0.021120145784387017 0.080686166906129564 -0.018527380778571943 -0.015057333177140364 0.10063446228335624 -0.0066714282169733239
leaf_weight=26.013330888468772 22.82180754467845 18.27140238089487 17.553789020981643 41.505116660613567 7.6887524724006644 98.96719496557489 36.947494001127779 0.91679933154955406 1.740142733324322 0.59939467720687289 3.2395406472496688 1.5393245476298032 2.2040150803513825 0.67874928610399354 9.2769309682771546 0.52602818002924268 5.1342351343482715 1.2481761020608244 0.28541965130716562 2.2747951787896454 22.710467001888901 2.0991616887040436 3.6737195635214448 22.513068780303001 5.08067036001012 0.65348703088238913 0.84499675175174793 5.4193314947187901 4.5771908690221608 0.6600955114699899
leaf_count=515 443 1742 2241 974 99 14823 5134 136 249 46 427 209 309 84 1283 66 658 148 39 275 3021 231 503 2692 660 74 110 641 598 37
internal_value=0.00225545 -1.32572e-05 -0.00446044 0.0209192 -0.00794053 -0.00925116 -0.0129395 -0.0270908 -0.000486373 0.00752094 0.034979 0.0596497 0.0824482 0.115548 -0.000858544 0.00977616 0.0374105 0.116449 0.180646 0.142954 -0.0147786 0.0256768 0.00893967 -0.00891047 0.00293834 0.0232691 0.0420183 0.00519673 0.0728578 0.0882086
internal_weight=367.665 344.843 285.066 59.7765 259.053 251.364 176.58 37.8643 74.7839 48.2341 10.5358 7.29628 5.75695 3.55294 37.6983 28.4214 10.8676 2.05962 0.811448 2.87419 26.5498 3.8393 8.80795 138.716 39.7488 17.2358 12.1551 6.07282 6.08228 5.23729
internal_count=38467 38024 35308 2716 34793 34694 24905 5270 9789 6288 1350 923 714 405 4938 3655 1414 253 105 321 3501 480 1161 19635 4812 2120 1460 715 745 635
is_linear=0
shrinkage=0.04


Tree=81
num_leaves=31
num_cat=0
split_feature=26 22 2 4 13 14 23 16 25 26 11 8 22 23 23 8 15 8 8 25 23 25 5 24 15 15 24 25 4 19
split_gain=18.7815 17.9676 16.649 19.8346 7.14688 6.99562 7.87688 6.79856 6.16563 7.80746 4.73542 4.46744 4.07951 3.75378 5.12866 13.5548 5.50124 4.81377 6.77815 6.54265 5.23605 5.60039 4.80625 5.33687 4.67302 6.6666 4.12757 12.1583 6.34971 3.96895
threshold=0.2286563348599199 0.20734162958880673 0.48470069411158639 13.500000000000002 1.5000000000000002 0.0045730003559401522 0.015575770760999736 1.0000000180025095e-35 0.17585196931418356 0.052572035305841959 5.4430785521917437 -0.86864049844560265 0.081586609567753612 0.010245699200408033 0.0075063271097244614 -0.98754269504005221 2.1986977193263404 -0.48726585771470449 -0.89474409243905284 0.30266336493498647 0.0065274039847183834 0.058563749189969025 0.53860034506976462 0.011054837790527202 2.1677462397555431 2.2700535572113112 0.11843572739606358 0.064232358127733175 2.5000000000000004 6.8504080683354891
decision_type=2 2 2 2 2 2 2 2 2 2 2 2 2 2 2 2 2 2 2 2 2 2 2 2 2 2 2 2 2 2
left_child=1 2 3 4 5 6 -1 -4 12 11 -11 -10 -8 14 17 16 -16 18 -7 20 21 -20 -23 -24 -17 -26 -15 28 -28 -25
right_child=-2 -3 7 -5 -6 13 8 -9 9 10 -12 -13 -14 26 15 24 -18 -19 19 -21 -22 22 23 29 25 -27 27 -29 -30 -31
leaf_value=-0.023166012164680314 0.031082401882281976 0.031514299774923628 -0.0042728720745305341 0.03497607936859809 0.038729771828702748 -0.021097256701746055 -0.024128427458642871 0.030523555242975873 0.066155171468235324 0.0088776933886581654 0.15127918522931524 -0.019404472470159438 0.049474918903810117 -0.01770340639003852 0.13621399973293946 -0.017316918741749267 -0.010547681434639593 -0.02177699720633559 -0.021288610417791873 -0.028596825404946111 -0.024733880131850607 -0.017442822673400513 0.0044893577977577585 0.097523175924063246 0.090983364504840375 0.0023715299965472118 -0.012896984701410453 -0.012339221888255121 0.12993388132884032 -0.011174449235197724
leaf_weight=4.140952955465762 28.643990836106241 22.620747311040759 12.997039741836486 15.077163867652414 3.6210439316928378 9.4974922053515929 2.7065569171682005 26.565232124179602 0.50257643265649732 0.63103339588269569 0.87942609935998917 1.9260722347535193 0.7851415779441594 165.96928587183356 0.8136709514074052 9.003844016697256 0.35360931698232889 28.744573430158198 1.1185427666641752 2.417971172835677 1.2867104397155333 0.76274980977177609 1.6848531342111526 4.3451170092448592 0.82544641010463138 5.53195511829108 0.4694395954720656 7.9789576483890414 0.70814225869253278 0.38375873351469625
leaf_count=513 739 857 1474 305 44 1281 333 565 55 80 103 199 109 23279 102 1209 47 3792 156 330 150 107 242 588 96 652 58 946 49 58
internal_value=0.000565294 -0.00213402 -0.0046687 -0.00820605 -0.0108642 -0.0117221 0.017596 0.0192687 0.0403649 0.0691263 0.119021 0.0124318 -0.000247936 -0.0131913 -0.00502274 0.0137553 0.107402 -0.0113482 0.00294457 0.0221323 0.0364265 0.047554 0.0595753 0.0698519 0.000509755 0.0246794 -0.0162595 0.00907798 0.09322 0.0882913
internal_weight=362.993 334.349 311.728 272.166 257.089 253.468 11.5718 39.5623 7.43081 3.93911 1.51046 2.42865 3.4917 241.896 66.7703 16.5285 1.16728 50.2418 21.4972 11.9997 9.58173 8.29502 7.17648 6.41373 15.3612 6.3574 175.126 9.15654 1.17758 4.72888
internal_count=38518 37779 36922 34883 34578 34534 1392 2039 879 437 183 254 442 33142 8810 2106 149 6704 2912 1631 1301 1151 995 888 1957 748 24332 1053 107 646
is_linear=0
shrinkage=0.04


Tree=82
num_leaves=31
num_cat=2
split_feature=6 1 22 17 3 3 2 1 7 22 19 5 5 26 11 23 11 15 26 26 23 11 26 19 19 15 15 18 8 1
split_gain=21.4261 20.9657 14.2823 12.2209 9.8757 6.55182 7.16317 3.75425 3.71681 10.8594 6.67414 4.72131 4.03419 5.23727 4.39815 8.89898 8.18468 6.51722 11.5626 14.65 5.5836 7.54283 6.46583 5.41228 5.55982 4.6472 4.48709 4.28607 3.91736 4.05846
threshold=0 4.1205382527117882 0.20734162958880673 2.5000000000000004 5.5000000000000009 3.5000000000000004 0.54585081679801717 1.0000000180025095e-35 1 0.016463564135077043 6.1824113060695103 1.2944045175127252 1.0175330317809592 0.0016988283099008625 6.0401571850757083 0.0164492459883827 6.5653296629030402 2.0991524949202254 0.048665464283327173 0.024287098090445491 0.079390472062858056 6.2227608437175741 0.067559561919965358 4.6088706909522612 4.4474451432556998 7.9189953302902163 1.3438063335990376 7.4524722399834289 -0.58791918172702007 0.76665056849854085
decision_type=1 2 2 2 2 2 2 2 1 2 2 2 2 2 2 2 2 2 2 2 2 2 2 2 2 2 2 2 2 2
left_child=1 3 4 5 8 6 -1 -5 9 10 11 -2 14 -14 25 16 17 26 19 -19 23 22 -22 24 -17 -10 28 -27 -16 -30
right_child=2 -3 -4 7 -6 -7 -8 -9 12 -11 -12 -13 13 -15 15 20 -18 18 -20 -21 21 -23 -24 -25 -26 27 -28 -29 29 -31
leaf_value=-0.011643517228187327 0.11855031507344867 0.038909107604582792 0.030424912985158602 -0.012285187934559641 0.032437859133326884 0.031235616876403288 0.036502241521437773 0.028509251924393918 -0.016322618290626142 -0.0096256780169892021 -0.016970513480955182 -0.010662631635429584 0.037862536880956719 -0.021668075245391466 -0.016876675763823939 -0.015095049834354836 -0.012373784313640071 0.012865932691430168 -0.0064396954023023291 0.20181388119411672 -0.012904728214418142 -0.01471995343002652 0.13589299000266836 -0.033702570911557074 0.075862952445563167 -0.0078133299584048858 -0.018222298671219654 0.077969012983910777 0.09823542329174588 -0.0077692833014552636
leaf_weight=65.147605450358242 1.6142933471128356 37.448135162703693 14.158112346660344 3.5120330573990932 7.489223036915063 6.494187928736209 4.376704189926385 30.593615696765482 59.200800325255841 8.2236684407107514 0.72341709909960616 0.36008080281317223 1.555677419528364 79.323628703132272 0.72004398703575168 2.1874367105774613 4.7301405300386241 1.2569736982695765 1.3722026241011915 0.81844269717112172 0.47089453274384085 2.1131989578716457 0.36277169454842806 12.801556096877901 0.72229011822491873 1.7255611116997891 2.6380680543370545 0.68549459008499969 1.0227841017767803 0.61730751674622286
leaf_count=7765 145 811 589 346 164 137 63 1046 8353 1111 90 55 193 12411 107 351 692 154 209 118 68 295 41 1978 98 241 394 61 141 65
internal_value=0.00151239 0.0126215 -0.00671801 0.00454839 -0.0099362 -0.00441249 -0.00813803 0.0240782 -0.0118143 0.00809216 0.0719824 0.0993228 -0.0128302 -0.0200746 -0.00777237 0.00421651 0.0282638 0.0499236 0.0856073 0.128771 -0.013339 0.030501 0.0906433 -0.022895 0.0211123 -0.0139353 0.0151414 0.0322834 0.0467586 0.0705065
internal_weight=354.466 147.572 206.894 110.124 192.736 76.0185 69.5243 34.1056 185.247 10.9215 2.69779 1.97437 174.325 80.8793 93.446 31.8341 13.176 8.44582 3.44762 2.07542 18.6581 2.94687 0.833666 15.7113 2.90973 61.6119 4.9982 2.41106 2.36014 1.64009
internal_count=38292 10168 28124 9357 27535 7965 7828 1392 27371 1401 290 200 25970 12604 13366 4711 1880 1188 481 272 2831 404 109 2427 449 8655 707 302 313 206
cat_boundaries=0 1 2
cat_threshold=448 4
is_linear=0
shrinkage=0.04


Tree=83
num_leaves=31
num_cat=1
split_feature=0 4 6 22 17 2 23 1 11 24 25 18 5 26 18 18 26 19 22 26 26 17 23 8 5 14 11 15 0 23
split_gain=18.1766 21.3575 12.3603 9.26789 6.66901 5.61065 5.0898 7.53965 4.70214 4.64444 4.66234 4.44981 4.36082 3.95076 4.59768 6.7299 4.90797 4.5327 5.96096 3.91451 6.30057 5.15283 6.69426 4.59008 4.0285 3.68716 8.05744 11.0466 14.4747 14.2093
threshold=8.9542948057105747 6.5000000000000009 0 0.23495650421036066 9.5000000000000018 0.38644018000782626 0.083945771504502775 0.16637955634257981 0.67905743515249017 0.012582655317800964 0.28493236216812051 8.0304782403973416 1.3383486408423926 0.059222401994216939 4.3462688871763069 7.2239022454870252 0.0087298765414455682 6.1559510009011769 0.051443344126036746 0.0057248944121999516 0.0030837339757000988 1.0000000180025095e-35 0.027355663017313635 -0.43563146064312375 0.92501269064344183 0.054165879910917453 4.7395180843150007 1.4130026851809814 7.3796872359277295 0.03329792487187274
decision_type=2 2 1 2 2 2 2 2 2 2 2 2 2 2 2 2 2 2 2 2 2 2 2 2 2 2 2 2 2 2
left_child=1 4 5 8 6 13 19 -8 -4 -9 -11 -10 -12 14 -2 -16 -17 -15 -19 20 -1 22 -22 24 -23 26 27 28 29 -21
right_child=2 -3 3 -5 -6 -7 7 9 11 10 12 -13 -14 17 15 16 -18 18 -20 25 21 23 -24 -25 -26 -27 -28 -29 -30 -31
leaf_value=-0.017432935188470413 0.03529043320968616 0.02542052151152269 0.030125644131080116 0.033243903833344426 0.036336798758907947 0.039982235400182441 -0.021166538792501802 -0.011696590017515645 -0.025729803134658651 0.015600811983874665 0.096414088717525201 0.037371261268951218 -0.0034573162405654358 0.011953799758272534 -0.031667290302616669 0.072911219449995388 -0.0038120039298697559 0.089822612814403943 0.0045060115395085471 0.15107367542796224 0.10039222966903473 -0.016939290176677654 -0.017065232184991411 -0.02788062555707219 0.069705157567896678 -0.019406705342885966 -0.013371378658275328 -0.0055991198505409437 -0.014935165643239415 -0.01815739129090594
leaf_weight=7.2214174857363087 3.6581408549100223 31.710271700285375 2.2368785599246648 6.4769321163184932 4.078335288912057 30.407129606232047 7.3479754938744035 3.1085447696968904 24.664211294148121 5.8973004622384888 2.182400749996305 1.0560256941243995 0.81028381222859014 10.315368927549569 7.9113380215130729 1.1061823903582988 3.3885824386961758 2.5788285490125409 2.2421451532281935 1.9259839211590617 1.6630895994603636 0.88801582995802197 0.73487344989553083 2.5096723786555231 1.1835543611086903 90.780507093761116 77.500716518610716 11.476771606598048 2.154671052005142 0.82054267963394512
leaf_count=943 55 923 51 139 61 658 1147 294 3224 648 153 106 68 539 599 61 298 91 85 268 164 118 115 357 169 13402 11633 1612 319 133
internal_value=0.000815029 -0.00479443 0.0155465 -0.00522567 -0.00919932 0.0240482 -0.0102123 0.00901478 -0.0167829 0.0277044 0.0412713 -0.0218373 0.0752801 0.0152282 0.0011149 -0.010843 0.0249028 0.0292093 0.0577341 -0.0121186 0.0076836 0.0325996 0.0699676 0.00400834 0.0391407 -0.0136746 -0.00798551 0.0168034 0.061321 0.109163
internal_weight=350.037 253.995 96.0418 34.434 222.285 61.6077 218.206 19.3465 27.9571 11.9985 8.88999 25.7202 2.99268 31.2006 16.0642 12.4061 4.49476 15.1363 4.82097 198.86 14.2006 6.97921 2.39796 4.58124 2.07157 184.659 93.8787 16.378 4.9012 2.74653
internal_count=38433 32527 5906 3520 31604 2386 31543 2310 3381 1163 869 3330 221 1728 1013 958 359 715 176 29233 1866 923 279 644 287 27367 13965 2332 720 401
cat_boundaries=0 1
cat_threshold=388
is_linear=0
shrinkage=0.04


Tree=84
num_leaves=31
num_cat=0
split_feature=26 22 4 2 25 13 14 25 25 14 9 8 14 9 24 11 23 24 24 26 8 25 1 15 25 4 22 1 4 9
split_gain=15.285 12.4838 13.5456 14.1624 7.0602 4.73519 4.08586 4.69519 8.39914 11.6002 14.6715 12.2255 12.1873 10.3018 10.1137 7.68049 7.5738 7.70551 5.14769 4.79315 4.627 6.96767 6.69929 6.89853 4.61271 4.09525 3.87918 3.84571 3.53105 3.54436
threshold=0.25099253674125416 0.46597771892742823 18.500000000000004 0.48470069411158639 0.31263797312553043 1.5000000000000002 0.0041565627189478005 0.091717695308673922 0.058563749189969025 0.025040708013570386 -0.97751951621185684 0.043119516197195798 0.0098670141764411919 -0.95180164000081247 0.020598746022860843 5.6118903026401403 0.054335246482024223 0.097095449841995737 0.10533300833063554 0.0034095035461971538 -0.21284904399688617 0.16336720063617263 -0.38258213130664659 2.338145179314671 0.078610831299109687 2.5000000000000004 0.0059992987528998667 -0.22367149485132656 5.5000000000000009 -0.82822122867117487
decision_type=2 2 2 2 2 2 2 2 2 2 2 2 2 2 2 2 2 2 2 2 2 2 2 2 2 2 2 2 2 2
left_child=1 2 3 5 -5 6 20 8 18 12 11 -11 -10 -14 27 -13 17 24 19 -8 21 -1 -23 -24 -16 -20 -21 -15 29 -12
right_child=-2 -3 -4 4 -6 -7 7 -9 9 10 28 15 13 14 16 -17 -18 -19 25 26 -22 22 23 -25 -26 -27 -28 -29 -30 -31
leaf_value=-0.012545233878661827 0.031269354311446902 0.037642797667087023 0.038796452504408621 -0.0038602317261553984 0.031048494608218458 0.029835269959419781 0.03806241013853516 -0.011850229533352874 -0.024695145304851229 -0.0078430389321660163 0.0099415173390617669 -0.0059517888214761948 -0.018881704659658861 0.063123928262678236 0.23680820211759585 0.17601676296587473 -0.0092470592637390915 -0.0024333927430626305 -0.018338340921802216 0.026102976426930907 -0.013453154439842923 -0.018300731452246487 0.11357815755081058 -0.014936673595495198 0.036306012633806672 0.071427096673805771 -0.030322778734926344 -0.021536734452641548 0.029080918819653218 -0.032614810598687489
leaf_weight=2.5688896304927766 25.315650341100991 12.202116489410399 11.454594604671 14.241117312107233 24.519507325720042 4.4495983570814124 1.2028186409734249 192.98378037754446 1.5753262899816061 1.4719723761081742 3.7798348800279227 0.39594684122130253 0.88032768433913577 0.54907557321712364 0.87745199026539944 0.66464656963944435 0.2979290080256759 0.3211435000412165 0.83409403357654699 1.3982253288850213 4.6376595273613912 0.83191892877221141 2.1375137297436599 0.57961629703640927 0.67362259421497583 0.94652352295815945 19.241178055293858 1.1291130632162096 1.7088884627446539 10.399764120113096
leaf_count=308 603 263 259 1465 662 58 114 26998 241 217 586 50 131 78 127 84 47 31 116 184 559 119 216 60 92 72 2688 156 110 1575
internal_value=0.00196903 -0.000447027 -0.00207957 -0.00379074 0.0184481 -0.00720943 -0.00797861 -0.00906981 0.00204367 0.0179892 0.00101973 0.0751039 0.0606476 0.0884268 0.111806 0.138163 0.154612 0.174828 -0.0146987 -0.0204588 0.0151942 0.0357492 0.0657793 0.0895204 0.198096 0.0379054 -0.0254706 0.0193898 -0.0145368 -0.021363
internal_weight=344.27 318.954 306.752 295.297 38.7606 256.537 252.087 241.332 48.3479 24.725 18.4211 2.53257 6.30399 4.72866 3.84834 1.06059 2.17015 1.87222 23.6228 21.8422 10.7556 6.11794 3.54905 2.71713 1.55107 1.78062 20.6394 1.67819 15.8885 14.1796
internal_count=38269 37666 37403 37144 2127 35017 34959 33697 6699 3525 2622 351 903 662 531 134 297 250 3174 2986 1262 703 395 276 219 188 2872 234 2271 2161
is_linear=0
shrinkage=0.04


Tree=85
num_leaves=31
num_cat=1
split_feature=17 14 18 3 2 5 22 6 26 22 19 14 14 22 0 18 2 1 1 0 18 9 2 19 1 4 17 26 18 17
split_gain=15.9085 14.7913 13.7814 8.12613 5.66007 5.06343 4.31333 4.02681 4.00491 8.15176 5.29561 5.2559 5.10682 5.29712 6.23037 4.78056 5.42248 5.27323 6.54305 8.02676 9.1402 6.54452 8.39806 7.5086 6.41004 6.61262 8.03399 7.28906 6.35036 6.31979
threshold=5.5000000000000009 0.30544883234180348 3.6021870837399188 5.5000000000000009 0.66514445241800801 1.5757751663603441 0.10506380004052043 0 0.0060386018415424696 0.055458173736705564 5.2895431651600759 0.18013334774570519 0.14545517719371975 0.031973163116584442 6.7627696538917901 6.7301892337179092 0.038721708338677885 -0.5878780182523119 0.069874944853210844 7.7651858791649246 6.2020521652416436 -0.97460886519149759 0.13607664605908706 5.3354089423387547 1.0000000180025095e-35 1.5000000000000002 1.5000000000000002 0.10263644456554684 6.641480726709573 1.0000000180025095e-35
decision_type=2 2 2 2 2 2 2 1 2 2 2 2 2 2 2 2 2 2 2 2 2 2 2 2 2 2 2 2 2 2
left_child=1 2 -1 4 5 6 8 -6 9 -4 -11 12 15 14 -14 17 -17 28 19 20 -19 22 23 -20 25 -22 27 -27 -10 -25
right_child=-2 -3 3 -5 7 -7 -8 -9 11 10 -12 -13 13 -15 -16 16 -18 18 21 -21 24 -23 -24 29 -26 26 -28 -29 -30 -31
leaf_value=0.034886622022652879 0.030655504933557679 0.026133199257935513 -0.0051236732056598967 0.032532754235783619 0.019200276924783963 -0.021308642714536374 -0.020055459246898159 -0.0097297528214615025 -0.03279442019016264 -0.0030339298706480822 0.083498342218681118 -0.032265954175019838 -0.019557114706712335 -0.0054361970841768715 0.079452398061578458 -0.026630106839731264 -0.0048646895133968417 0.0020597246471316345 -0.0041255535011234332 -0.011998349740778036 0.0038851957652152164 -0.0063873622982696335 -0.021735886232925088 -0.011216003585247129 -0.014222029316782127 0.1885167544997281 0.006543482123750043 -0.0081882166512506505 0.039758447972239062 0.1388017818408975
leaf_weight=12.820437781512735 25.85579933039844 27.40409815357998 9.528805783018468 7.4942965097725383 11.73087616637349 42.37521270243451 29.724282614421099 6.6641201106831458 8.9706360469572228 1.5508664776571084 2.601105940528214 10.009498749859629 0.93707146728411261 4.1978505253791809 2.7236408400349319 24.234513497445732 69.097357989754528 2.7799613457173091 1.2188304117880755 3.1970237023197114 0.81806049169972617 26.99075478035957 1.7255633817985652 0.38557323114946473 0.52641616389155377 1.4482073024846616 0.71448416402563442 0.25177445774897922 1.5002898345701385 1.2563116773962972
leaf_count=241 499 1058 1215 169 501 6411 4314 622 1455 194 276 1402 136 594 369 3600 9571 438 174 499 142 3338 196 57 68 223 115 35 233 149
internal_value=0.00110267 -0.00141339 -0.00412082 -0.00606159 -0.00726151 -0.00885561 -0.00620836 0.0136412 -0.00377878 0.0162799 0.0568612 -0.00555151 -0.00360531 0.0259311 0.0553496 -0.00537134 -0.0107387 0.00432258 0.0107706 0.0377499 0.0604382 0.00154882 0.0410368 0.0747234 0.0941074 0.110941 0.135452 0.167141 -0.0198392 0.112662
internal_weight=340.734 314.878 287.474 274.653 267.159 248.764 206.389 18.395 176.665 13.6808 4.15197 162.984 152.974 7.85856 3.66071 145.116 93.3319 51.7839 41.313 9.73593 6.5389 31.577 4.58628 2.86072 3.75894 3.23253 2.41447 1.69998 10.4709 1.64188
internal_count=38294 37795 36737 36496 36327 35204 28793 1123 24479 1685 470 22794 21392 1099 505 20293 13171 7122 5434 1520 1021 3914 576 380 583 515 373 258 1688 206
cat_boundaries=0 1
cat_threshold=416
is_linear=0
shrinkage=0.04


Tree=86
num_leaves=31
num_cat=1
split_feature=1 25 3 26 22 25 6 15 15 9 25 11 11 11 25 4 14 0 15 11 26 0 8 1 25 20 2 15 15 14
split_gain=15.4823 15.276 15.1419 9.73983 10.8156 7.21378 8.71163 6.60686 14.8195 6.51634 6.36469 6.32749 5.91175 7.16493 6.32403 8.99397 8.3013 7.02132 5.10495 6.05174 4.83572 4.71161 4.48941 7.13356 4.08712 3.95219 5.75418 5.3493 7.61668 4.94417
threshold=0.6722437099298052 0.37181108725889772 5.5000000000000009 0.29493109437780574 0.20734162958880673 0.090540977275955309 0 2.1532990456678309 2.5890627375738986 0.39377634387259514 0.086930628886028399 4.6661634382384287 6.0330233445898696 6.2551406496503601 0.15226032011560281 1.5000000000000002 0.024634825067767315 8.174712227512865 1.2711829202580647 5.6118903026401403 0.01688978530310058 4.742698614289762 0.12846475442445607 2.3451399973130345 0.021256930781233866 1.5000000000000002 0.13894295723350228 2.214756077441574 2.0342604713789414 0.05360484675001196
decision_type=2 2 2 2 2 2 1 2 2 2 2 2 2 2 2 2 2 2 2 2 2 2 2 2 2 2 2 2 2 2
left_child=2 3 5 4 12 6 7 18 9 -9 11 20 21 14 -14 -16 -17 22 19 -1 -8 -2 23 -18 -20 27 -27 28 -23 -28
right_child=1 -3 -4 -5 -6 -7 10 8 -10 -11 -12 -13 13 -15 15 16 17 -19 24 -21 -22 25 -24 -25 -26 26 29 -29 -30 -31
leaf_value=-0.018546324029074992 0.035870338710119423 0.029063683798227269 0.0379861476188674 0.033898945130709068 0.03195206167320884 -0.015100111720036209 0.084266460282006891 0.16013497343917205 -0.020417270865246941 -0.0093851300490186713 0.054204824371859611 -0.027012413889477175 -0.004335120697712044 -0.0052891753340082925 -0.014784070669697403 -0.0053978761398499097 0.2044917575299004 0.025353896960050366 0.052111842294813755 0.087793835342217894 -0.0092646622962395241 -0.014945833300532591 0.017391568586982608 0.0078551325489328756 -0.030427722433276391 -0.025082837686749918 0.10270749968034551 -0.031494333300928955 0.032916557937603952 -0.0032846525737987011
leaf_weight=0.85406783735379432 2.1347526055760673 45.436661761719733 9.899700500071047 12.99200828745961 12.790594421327112 123.66949578234926 0.60392286535353479 1.6126652392558756 1.0253461971879003 0.29806526796892274 1.1183791793882836 18.218812542967498 4.8985871272161585 25.640288661932573 2.0164718236774206 1.4169023237191138 0.83800707804039143 1.9039852200075982 0.29975034901872311 1.4911253359168766 1.5871791802346704 32.177199856843799 0.65198142873123277 0.45024749776348472 2.9504420678131282 1.6202574381604784 0.67789419461041678 24.311562756309286 5.3690247740596524 1.1102891843765972
leaf_count=139 75 2025 242 251 410 19088 69 220 161 39 172 2700 624 3103 206 132 106 172 33 188 245 3984 69 16 443 213 73 2642 619 74
internal_value=0.00115483 0.00934868 -0.00768349 0.00234225 -0.00138761 -0.010851 0.00655384 0.0254304 0.0926924 0.139551 -0.00901162 -0.0190547 -0.00570315 0.0068396 0.0308431 0.0521849 0.0761143 0.10107 0.0199911 0.0550997 0.034843 -0.0127376 0.141478 0.169233 -0.0123455 -0.0148448 0.0226105 -0.0172355 -0.00742523 0.059322
internal_weight=340.066 176.437 163.629 131 118.008 153.729 30.0598 8.53146 2.93608 1.91073 21.5283 20.4099 105.217 37.8165 12.1762 7.2776 5.26112 3.84422 5.59539 2.34519 2.1911 67.401 1.94024 1.28825 3.25019 65.2662 3.40844 61.8578 37.5462 1.78818
internal_count=38533 14794 23739 12769 12518 23497 4409 1223 420 259 3186 3014 12108 4428 1325 701 495 363 803 327 314 7680 191 122 476 7605 360 7245 4603 147
cat_boundaries=0 1
cat_threshold=600
is_linear=0
shrinkage=0.04


Tree=87
num_leaves=31
num_cat=0
split_feature=17 14 18 24 2 3 14 25 26 2 25 2 4 4 2 16 24 19 11 24 14 15 26 14 14 5 5 10 24 25
split_gain=13.995 15.4903 10.6454 7.86981 5.57178 5.84232 5.18018 6.39026 7.04508 7.25909 4.83416 6.40109 5.11674 4.94333 4.82534 4.53018 3.75926 4.0542 5.31686 3.72306 4.30703 4.27883 4.20776 4.04968 4.72197 3.85122 5.26011 5.18932 6.30004 9.84069
threshold=5.5000000000000009 0.40938867474622515 3.6021870837399188 0.11843572739606358 0.51632540663913362 5.5000000000000009 0.0037858060866932173 0.16336720063617263 0.052572035305841959 0.035177975410162675 0.064232358127733175 0.18244077042382659 2.5000000000000004 18.500000000000004 0.027970233681748984 1.0000000180025095e-35 0.078787224802367425 6.8042418875244497 4.90884379186872 0.014549337990332993 0.18013334774570519 7.4473552074274254 0.25099253674125416 0.21384626602472054 0.25633413121017795 1.5757751663603441 1.5077597939147382 1.0000000180025095e-35 0.024246651026913545 0.088221223466485935
decision_type=2 2 2 2 2 2 2 2 2 2 2 2 2 2 2 2 2 2 2 2 2 2 2 2 2 2 2 2 2 2
left_child=1 2 -1 4 5 6 7 -4 14 -10 12 13 -5 -12 -9 -6 19 -18 -19 21 25 22 -8 -23 -25 26 27 28 29 -21
right_child=-2 -3 3 10 15 -7 16 8 9 -11 11 -13 -14 -15 -16 -17 17 18 -20 20 -22 23 -24 24 -26 -27 -28 -29 -30 -31
leaf_value=0.031933839818514824 0.028799880515655258 0.030798839579039207 -0.021456174514408476 -0.015964314775996368 -0.01024998323224843 0.033583444470227146 -0.021231647133278086 0.055246111991235573 -0.013774586359318493 0.11547851677153974 -0.023761911777885347 0.036742947617298287 0.089736890207311987 0.030956763175042066 -0.027677229534632374 0.022512405205850298 -0.033458302720321097 0.078759610197927779 -0.01975053444001577 0.05935064263919302 -0.029870734513836962 -0.0097325212784190301 0.028679232357641013 0.094437056599920535 -0.015292065189517097 -0.01877865899188351 0.047259153980267858 0.027807147749142867 -0.011050693878623152 -0.0011137936555909967
leaf_weight=11.821407262235878 25.925997831858695 21.39471423253417 3.2569886445999128 0.65492933942005338 10.369532606564464 4.0302042588591567 65.299467403907329 0.67636011773720417 0.68702907999977503 1.5661417092196641 8.6223879191093165 7.0657652108930042 1.5697609977796672 2.6920251697301856 2.4001547731459141 16.163737600669265 18.165165595943112 0.387770582921802 1.6053987429477272 4.6146113234572139 9.594344348413868 2.8335811202414325 1.9790575113147486 0.70391587400808908 0.61187893524765968 19.837108597159386 2.6562237958423784 7.7199801295064381 63.17980016884394 18.336309609003365
leaf_count=241 508 613 467 90 1309 97 9858 78 75 166 1146 359 88 64 275 378 2692 51 221 670 1396 401 49 53 95 3171 415 1105 9397 2791
internal_value=0.00113569 -0.00125928 -0.0037297 -0.00535946 -0.00728677 -0.00929075 -0.0101994 0.0188035 0.0429092 0.0839477 0.0178751 0.00939139 0.0633185 -0.00928613 -0.000366609 0.00980121 -0.0114251 -0.0275727 0.0193248 -0.00964519 -0.00543589 -0.0168893 -0.0193649 0.0192166 0.0588411 -0.00318348 0.00018184 -0.00163477 -0.00456254 0.0130139
internal_weight=336.422 310.496 289.101 277.28 256.675 230.141 226.111 8.58667 5.32969 2.25317 20.6049 18.3802 2.22469 11.3144 3.07651 26.5333 217.525 20.1583 1.99317 197.366 125.938 71.4279 67.2785 4.14938 1.31579 116.344 96.5069 93.8507 86.1307 22.9509
internal_count=38319 37811 37198 36957 35210 33523 33426 1061 594 241 1747 1569 178 1210 353 1687 32365 2964 272 29401 18945 10456 9907 549 148 17549 14378 13963 12858 3461
is_linear=0
shrinkage=0.04


Tree=88
num_leaves=31
num_cat=0
split_feature=18 2 3 26 16 14 2 8 8 22 8 14 5 23 22 23 9 9 15 1 24 26 15 14 23 2 23 22 1 14
split_gain=12.2462 13.0374 13.2907 5.33497 5.15585 4.45401 4.40164 3.95067 3.9329 5.51758 6.37311 9.7238 10.8773 7.77728 8.37818 6.34799 7.66356 9.72915 10.1338 9.0415 7.36848 6.41896 6.88721 8.29089 8.822 7.24463 6.48212 6.01352 5.96038 5.92334
threshold=4.6571820097870811 0.43224372028274155 5.5000000000000009 0.25099253674125416 1.0000000180025095e-35 0.16582994706593648 0.22239768568717408 0.80846099097660595 0.19493893634445345 0.11342965795599093 0.043119516197195798 0.045307591829999376 1.355214889728718 0.0075063271097244614 0.026867924161523091 0.010245699200408033 -0.81515472628736496 -0.98901564711919676 0.92414432311885986 -0.34213381883014987 0.0047505774232852443 0.0037176331516107415 0.73522266985769724 0.054165879910917453 0.026714099058879094 0.11742429293296473 0.041205099112707637 0.055458173736705564 -0.026276933855323748 0.14545517719371975
decision_type=2 2 2 2 2 2 2 2 2 2 2 2 2 2 2 2 2 2 2 2 2 2 2 2 2 2 2 2 2 2
left_child=-1 2 3 5 -3 8 7 -7 9 10 15 -12 13 -13 -15 16 17 -2 -19 -20 -21 26 23 24 25 -23 -17 -16 -28 -18
right_child=1 4 -4 -5 -6 6 -8 -9 -10 -11 11 12 -14 14 27 21 29 18 19 20 -22 22 -24 -25 -26 -27 28 -29 -30 -31
leaf_value=0.029189478258324707 -0.018170975610741227 0.0015964013906120996 0.035965848745892356 0.020769762364981906 0.029197878959254211 -0.035248000629349865 0.01858177384924941 0.0086951813209510623 -0.012258524613483939 -0.020544685175383874 -0.010270649775038294 -0.016195810115994639 -0.02324403173833877 0.012304629316414984 0.17902047577779479 -0.0062600328653874869 -0.0060102546523807922 -0.02228856499644935 0.00066921975253812066 -0.014700357669420728 0.1137266073361215 0.12538724508837734 -0.012530580858722804 -0.020970097506995741 0.004248505296654677 -0.01398287003032915 -0.014267520868594648 0.023405725585325516 0.11189804383943988 0.067835850722041069
leaf_weight=26.630762431304902 3.0834686164744189 16.226875980617478 12.822951845824717 11.87487406330183 32.290942545980215 17.828811237588532 3.1008006394840768 3.5421352209523311 60.619145124685019 17.74053248623386 4.751835383474825 0.67193294363096345 1.3628832902759311 1.2838108818978073 1.3668461260385814 2.5177813814952961 20.698126430157576 1.5894959159195403 1.9357602708041657 0.57367145502939898 4.7656860728748143 1.653730902820824 73.439057656098157 3.6948864939622581 3.4697510204277933 0.5314918984659015 0.54878674540668737 0.88785557216033328 1.1379333036020394 0.88924854854121704
leaf_count=616 431 1752 323 318 791 2520 268 466 9456 2814 683 100 213 169 134 320 2991 191 310 85 607 210 11288 560 488 82 87 134 115 115
internal_value=0.00368206 0.00138109 -0.00221404 -0.00434555 0.0201852 -0.00570486 -0.0215134 -0.0279015 -0.00376219 -0.00023734 0.00265076 0.0313396 0.0629819 0.0899969 0.109287 -4.45339e-05 0.0144887 0.0388186 0.0584744 0.0766808 0.0997859 -0.005748 -0.00836504 0.0224029 0.0496349 0.0977418 0.037489 0.143761 0.0808172 -9.97231e-05
internal_weight=333.532 306.901 258.383 245.56 48.5178 233.685 24.4717 21.3709 209.214 148.595 130.854 10.3252 5.57333 4.21045 3.53851 120.529 33.5355 11.9481 8.86461 7.27512 5.33936 86.9934 82.7889 9.34986 5.65497 2.18522 4.2045 2.2547 1.68672 21.5874
internal_count=38637 38021 35478 35155 2543 34837 3254 2986 31583 22127 19313 1433 750 537 437 17880 4730 1624 1193 1002 692 13150 12628 1340 780 292 522 268 202 3106
is_linear=0
shrinkage=0.04


Tree=89
num_leaves=31
num_cat=1
split_feature=6 17 2 23 3 1 14 0 1 11 23 24 11 23 22 3 23 14 1 26 23 23 1 2 11 1 14 2 9 22
split_gain=18.9005 11.012 10.6647 9.50322 6.54525 6.04451 4.16575 7.93387 11.8775 15.5976 12.8126 7.38622 7.57241 7.64591 6.32968 5.98672 6.30879 5.77133 8.01687 6.54513 5.79373 5.33295 5.19369 4.9377 4.4543 10.0878 6.9179 4.26677 6.61871 7.33524
threshold=0 5.5000000000000009 0.43224372028274155 0.077835273403143279 5.5000000000000009 -0.026276933855323748 0.059366896613314075 7.2132676693819331 -1.0742258117636112 5.6654569407390634 0.013028748303036982 0.0016283715672504317 4.7874138984635088 0.035854009984175414 0.0023305083476226015 1.0000000180025095e-35 0.0048961102891978267 0.047758606059974597 1.2166231909139651 0.04823053118071647 0.012484910214770065 0.0050658604858940743 0.9643865699886629 0.059233836212556422 6.1821794713278937 2.2676689066679958 0.023499832995836804 0.11742429293296473 -0.98239778011467338 0.06378286688316602
decision_type=1 2 2 2 2 2 2 2 2 2 2 2 2 2 2 2 2 2 2 2 2 2 2 2 2 2 2 2 2 2
left_child=1 2 4 -2 6 -5 7 8 9 10 -1 23 13 15 -14 16 -13 18 -9 20 21 -19 -18 -10 -20 26 -26 -8 -29 -30
right_child=3 -3 -4 5 -6 -7 27 17 11 -11 -12 12 14 -15 -16 -17 22 19 24 -21 -22 -23 -24 -25 25 -27 -28 28 29 -31
leaf_value=-0.013142472243353059 -0.012911481320059731 0.035547860770229575 0.027614292150447715 -0.01832473826926739 0.033515742855081652 0.030351537293944467 -0.016388783697873464 -0.026012411631674861 0.12198572512747589 -0.0087900744856614851 0.19122646163750071 -0.01234443028282088 0.072171815478673074 -0.021708078741588678 -0.016195155207912062 -0.015103534888936808 0.15551413191954885 -0.010469053909790478 -0.0031763636273182566 -0.014176481524351553 0.010374537319135789 0.13445740358237887 0.0031446089294192019 -0.01007132751323511 0.0035620504042756474 -0.0071745648007209215 0.14344569350837411 0.064073525033365789 -0.02159917226394429 0.032338472778887899
leaf_weight=0.4837930710054964 122.79701232677326 24.456056905910373 31.659304226515815 4.8945599885191795 8.7860318124294263 13.61634724261239 36.302128021838143 20.940592940198258 0.47914487589150923 1.5265390495769677 1.0740984696894882 0.44169473322108732 0.42425492079928417 1.3053883239626882 15.008145271101965 0.59996968787163485 1.0437068939208982 0.34808832593262129 12.731132482877003 2.8572791647166014 2.31440165406093 0.83050709031522274 0.48486095666885365 0.44976282585412264 0.91622581332921871 3.1691868207417428 0.73762895027175546 1.7869472065940524 10.41756150824949 5.2438718266785136
leaf_count=70 18850 484 1275 819 226 1126 4958 2957 60 225 151 66 52 182 2205 92 142 45 1012 383 296 96 38 69 114 251 77 231 1221 632
internal_value=0.00246963 0.0104925 0.00716629 -0.00829104 0.00204124 0.0172013 -0.000481204 0.0060479 0.0244547 0.0868942 0.147435 0.0112943 0.00364504 0.0472734 -0.00952164 0.0785754 0.102583 -0.00384903 -0.00982849 0.0288036 0.0592917 0.106496 0.12754 0.0859728 0.00983897 0.0388404 0.096494 -0.00872064 0.00725684 -0.0026824
internal_weight=328.126 186.818 162.362 141.308 130.703 18.5109 121.917 68.1664 23.3214 3.08443 1.55789 20.2369 19.308 3.87562 15.4324 2.57023 1.97026 44.845 38.4948 6.35028 3.493 1.1786 1.52857 0.928908 17.5542 4.82304 1.65385 53.7505 17.4484 15.6614
internal_count=38405 17610 17126 20795 15851 1945 15625 8583 3352 446 221 2906 2777 520 2257 338 246 5231 4411 820 437 141 180 129 1454 442 191 7042 2084 1853
cat_boundaries=0 1
cat_threshold=968
is_linear=0
shrinkage=0.04


Tree=90
num_leaves=31
num_cat=1
split_feature=13 25 3 17 23 2 5 7 9 18 2 15 24 18 23 26 2 9 15 9 1 1 26 18 15 26 19 9 5 5
split_gain=12.1169 12.4471 9.47968 9.08131 6.84808 5.10445 3.82204 5.02394 8.35063 10.6098 8.15406 7.40866 4.59817 3.58209 9.52313 9.33911 6.90241 9.4593 6.58382 7.43588 4.77305 4.93782 5.24703 4.68314 4.46028 4.31166 4.9308 4.87165 4.65331 7.00383
threshold=1.5000000000000002 0.63750947092527643 5.5000000000000009 9.5000000000000018 0.2072074871879285 0.86761921223609584 0.47854441352139049 0 -0.85603030165724092 7.1793189330384104 0.12376307344102964 2.5279899329854367 0.11843572739606358 7.3441873263908226 0.024720302357081499 0.013234965048668569 0.080981552813700924 -0.87786832340675269 2.2870264025115064 -0.16045800003881003 -1.0523765166162617 -1.4569907251580647 0.073596204394008519 7.2302635866582916 1.6323557089089322 0.12345004532617336 5.0945808347062007 -0.58454947163109827 0.79030334276010139 0.97772139804203417
decision_type=2 2 2 2 2 2 2 1 2 2 2 2 2 2 2 2 2 2 2 2 2 2 2 2 2 2 2 2 2 2
left_child=1 2 3 4 5 6 -1 8 9 10 11 -8 -10 23 15 16 17 -15 19 -19 21 -17 -23 24 -9 27 -27 -22 -29 -30
right_child=-2 -3 -4 -5 -6 -7 7 13 12 -11 -12 -13 -14 14 -16 20 -18 18 -20 -21 25 22 -24 -25 -26 26 -28 28 29 -31
leaf_value=0.0098956425695706039 0.038817757782831745 0.034938346496167498 0.032378936376088796 0.032547170703809546 0.033597040807133036 0.030016994900131617 0.15433179628197821 -0.019289522546940836 -0.01508592537231945 -0.018089263864664615 0.0036107422783033362 -0.010990032522420801 0.047296926666360255 -0.019189974292206754 -0.01799239569709005 -0.0098086740392557131 0.0010855117410450916 0.16397714334583216 0.0027922871792033805 0.0067531678118641601 -0.028893644401630829 0.10039387978484728 -0.014578304385765168 -0.03342409136088606 -0.0047167049469595121 0.069260616915595791 -0.0063229383638533825 -0.027830584104900725 0.075908779352741332 -0.0012489800958547089
leaf_weight=21.573119161184877 12.994966905564068 15.179229745641349 11.960624661296604 10.311470964923499 6.5454534478485575 5.5023310366086653 1.4785949513316166 52.171766773564741 9.0244506746530515 1.7255122391507027 1.2576043982990084 0.37286903569474805 1.3345092111267138 0.9070654972456399 29.026123659452423 1.6328445081599059 2.8567179730162024 1.5384663254953928 0.8390653934329747 0.70371200935915013 11.361024223733699 1.2745783962309385 0.56697698589414347 14.415988170774652 93.866686991648749 1.5016162050887931 2.7482619662769139 3.1760330772958678 1.7860211771912871 5.7060640028212219
leaf_count=2593 263 587 318 203 166 213 172 7654 1151 220 129 46 53 120 4338 259 346 116 88 79 1620 160 91 2179 13118 155 279 426 258 862
internal_value=0.00240458 0.000770575 -0.00108604 -0.00259769 -0.00402919 -0.00506828 -0.00591373 -0.00736232 0.0108987 0.055923 0.0914051 0.128859 -0.00359302 -0.00872773 -0.00121248 0.0122202 0.051049 0.0794447 0.106068 0.131935 0.00191783 0.0401585 0.072323 -0.0123154 -0.0100186 -0.00442484 0.0284889 -0.0117359 0.00744647 0.0239173
internal_weight=325.34 312.345 297.166 285.205 274.893 268.348 262.846 241.273 15.1935 4.83458 3.10907 1.85146 10.359 226.079 65.6246 36.5984 6.84503 3.98831 3.08124 2.24218 29.7534 3.4744 1.84156 160.454 146.038 26.279 4.24988 22.0291 10.6681 7.49209
internal_count=38262 37999 37412 37094 36891 36725 36512 33919 1771 567 347 218 1204 32148 9197 4859 749 403 283 195 4110 510 251 22951 20772 3600 434 3166 1546 1120
cat_boundaries=0 1
cat_threshold=4
is_linear=0
shrinkage=0.04


Tree=91
num_leaves=31
num_cat=0
split_feature=17 14 23 4 1 19 19 0 23 26 2 26 9 23 26 25 0 8 8 8 8 26 2 19 19 25 25 5 5 25
split_gain=13.8055 11.2842 9.56918 4.30312 4.78439 6.68985 7.24546 6.81932 7.42883 6.69487 12.6487 6.42022 5.39717 4.93769 5.76346 4.83259 5.89274 8.59094 9.01899 8.78941 8.25982 6.87739 11.4181 7.28973 7.32774 6.67683 6.17801 5.67336 5.95362 5.39406
threshold=5.5000000000000009 0.30544883234180348 0.2072074871879285 18.500000000000004 0.48145126139822358 5.8254230374584202 5.8653401288703835 7.9159847166475057 0.0060336458364118363 0.055828291197601847 0.14867428561732385 0.10908867533458021 -0.12331816132072869 0.0044663915870811746 0.03547358303837999 0.26654735619179104 7.2132676693819331 0.48331679210404171 -0.99150629425446035 0.64434371274430002 -0.99629863564561294 0.087237454658845623 0.08266547808109391 5.7658729923492311 4.5954523805399896 0.14990340452914572 0.024330401086530781 1.2110040533084243 1.3012108047832858 0.24772054597175136
decision_type=2 2 2 2 2 2 2 2 2 2 2 2 2 2 2 2 2 2 2 2 2 2 2 2 2 2 2 2 2 2
left_child=1 2 3 4 15 -6 -7 8 13 -9 11 12 -11 -8 -15 16 17 18 20 -19 -1 29 -23 24 -24 -22 -18 -21 -29 -20
right_child=-2 -3 -4 -5 5 6 7 9 -10 10 -12 -13 -14 14 -16 -17 26 19 21 27 25 22 23 -25 -26 -27 -28 28 -30 -31
leaf_value=-0.0071512771398833256 0.030850640214483038 0.024512699154946974 0.035423229016837962 0.028696047541923102 -0.0076897342104829906 0.070734177557501221 -0.0016258029065574278 0.002372005674128382 -0.024148720157863839 0.13335325016875166 0.0039838548211731236 0.017738886243395927 0.0087736480866702597 0.12232860738978796 -0.013306373197529878 -0.023045641650371963 0.042668072893293552 0.090727303513941829 -0.025413658805484941 -0.018773176057594695 -0.010574310257338624 -0.022616825165213888 -0.012766762374870493 -0.0041492081229314425 0.13798181228737519 0.15724643529251442 -0.018450717149887268 0.1165383122063714 0.0028753903334829941 0.036555911062290523
leaf_weight=1.4230112158693375 22.479227962903678 24.388432356528938 8.8286012322641891 5.029893670231103 77.324401427526027 2.0309848464094094 2.604220862267542 19.938738591503352 15.262957853730766 2.3162377951666717 7.9733001594431698 2.3271860859822482 0.84711172967217674 0.47689029946923245 0.49105236725881696 36.89421105501242 1.8698806571774174 2.3570263735018653 23.329424527473758 4.0414652745239437 0.35632590996101043 3.6874808031134299 0.46420341124758158 1.3101178833749143 1.2626361194998024 0.41877252981066704 46.874919299501926 0.27714508119970593 1.8690803046338258 1.6006255035754282
leaf_count=239 484 1063 233 133 9639 241 366 1711 2277 247 564 181 97 61 72 6041 225 379 3831 633 61 653 77 208 194 67 7853 46 298 261
internal_value=0.00131954 -0.00100479 -0.00336134 -0.0047836 -0.00553983 -0.000171886 0.0104852 0.00685809 -0.011987 0.0175241 0.0382475 0.0797249 0.110113 0.0338933 0.0817226 -0.0110128 -0.00594467 0.0049109 -0.00441562 0.0384522 0.0598563 -0.0105751 0.0230319 0.0703313 0.107637 0.117602 -0.0152956 0.00868732 0.0499284 -0.0201786
internal_weight=320.356 297.876 273.488 264.659 259.629 131.593 54.2687 52.2377 18.8351 33.4026 13.4638 5.49054 3.16335 3.57216 0.967943 128.036 91.1421 42.3973 33.8526 8.54472 2.19811 31.6545 6.72444 3.03696 1.72684 0.775098 48.7448 6.18769 2.14623 24.9301
internal_count=38435 37951 36888 36655 36522 15456 5817 5576 2776 2800 1089 525 344 499 133 21066 15025 6947 5591 1356 367 5224 1132 479 271 128 8078 977 344 4092
is_linear=0
shrinkage=0.04


Tree=92
num_leaves=31
num_cat=1
split_feature=17 14 18 25 3 1 26 26 8 9 9 5 11 22 22 6 22 18 25 15 5 25 1 9 22 8 9 22 14 23
split_gain=13.6623 12.66 9.45213 5.89896 4.23065 3.28801 3.07624 3.06671 5.38879 3.09924 6.79219 6.89601 6.28579 6.06003 8.62226 4.49967 7.63694 7.27943 6.20451 19.9657 10.737 9.78417 10.2062 5.66931 4.78051 5.98156 6.3611 5.79072 4.5727 10.0196
threshold=7.5000000000000009 0.30544883234180348 3.6021870837399188 0.63750947092527643 5.5000000000000009 14.082771365106971 0.64709157288022789 0.0012931567212563187 -0.72736097528359089 -0.48989338390841625 -0.53934108034571793 0.78621905334992837 5.1383065887208108 0.031586969301402333 0.065103097817721486 0 0.05807226902027833 5.9097195075549269 0.091717695308673922 1.9443831623507986 1.2786155728959516 0.048849541697295128 1.0573311796209544 -0.78932223172138338 0.034253560757350345 0.11799722836169095 -0.99613992151967956 0.053405340929428967 0.05360484675001196 0.012123647912556955
decision_type=2 2 2 2 2 2 2 2 2 2 2 2 2 2 2 1 2 2 2 2 2 2 2 2 2 2 2 2 2 2
left_child=1 2 -1 4 5 6 7 8 -4 10 15 -12 -13 -14 -15 16 18 -18 19 -9 21 -21 -23 24 -20 26 -26 28 -28 -30
right_child=-2 -3 3 -5 -6 -7 -8 9 -10 -11 11 12 13 14 -16 -17 17 -19 23 20 -22 22 -24 -25 25 -27 27 -29 29 -31
leaf_value=0.031617874281099384 0.035551184439675539 0.026648719760037316 0.071503263240508957 0.028544464692624713 0.024849212688690815 0.030759887590947166 0.033969142253052954 -0.01938292555202583 -0.013862097608930755 -0.013085666967597253 -0.019051656143509774 -0.016560202104479942 -0.0008430716415980422 0.15667549031500469 0.010800329699846806 -0.010055919792140655 0.052590310465577404 -0.026655966219671846 0.0028978637177808882 0.0069723055149661815 -0.015046872308421879 0.22142590454786201 -0.0087596173510649609 -0.022977275850326599 -0.016628327585936648 -0.010073225451785264 0.021960326710116541 -0.012739205048640005 -0.0076304926881856283 0.19492637654136688
leaf_weight=11.263810019940136 17.096239797770977 24.644136919174343 1.165440805256367 7.4894515834748736 6.2420054581016293 2.8202532641589633 1.9614856876432885 2.8399222125299302 2.031895585358142 101.60957470722497 2.2349746234249315 1.0456444583833215 1.0959459729492667 1.0709538478404286 1.1756541579961775 94.518898216774687 1.2007217325735826 12.720840498805044 9.4438170180656034 0.6938535203225914 0.59728383016772557 0.98717327509075381 0.27750699408352375 5.8389916033484033 0.69283377937972535 1.6573758139275012 1.0433545229025187 0.45815705880522717 0.41282352386042453 0.70084418496116996
leaf_count=247 378 1051 128 391 174 82 20 462 291 15329 292 159 163 112 141 13080 204 2170 1486 94 108 125 43 927 100 277 154 70 58 94
internal_value=0.00179855 -0.000237087 -0.00273165 -0.00431082 -0.00537712 -0.0062268 -0.0067704 -0.00723236 0.026876 -0.00779102 -0.00390222 0.0328853 0.0579641 0.0797223 0.107178 -0.00594936 0.00509091 -0.0167547 0.0190449 0.0534994 0.117159 0.148936 0.189352 0.00777769 0.0209228 0.0489722 0.0740264 0.0959996 0.115815 0.151755
internal_weight=317.032 299.936 275.291 264.028 256.538 250.296 247.476 245.514 3.19734 242.317 140.708 6.62317 4.3882 3.34255 2.24661 134.084 39.5655 13.9216 25.6439 5.39574 2.55582 1.95853 1.26468 20.2482 14.4092 4.96539 3.30801 2.61518 2.15702 1.11367
internal_count=38410 38032 36981 36734 36343 36169 36087 36067 419 35648 20319 867 575 416 253 19452 6372 2374 3998 832 370 262 168 3166 2239 753 476 376 306 152
cat_boundaries=0 1
cat_threshold=204
is_linear=0
shrinkage=0.04


Tree=93
num_leaves=31
num_cat=1
split_feature=6 2 23 26 0 18 14 23 1 26 9 8 18 18 24 11 2 1 0 24 24 23 23 11 1 1 26 2 20 18
split_gain=11.9482 11.4033 10.7663 7.72128 6.27968 6.21831 6.49301 5.90009 6.37918 6.00947 7.95767 6.09954 4.9735 4.44959 3.99161 3.94741 3.62508 3.59176 13.5219 10.9473 19.2011 9.76774 7.4126 6.07421 7.46976 7.85346 5.35477 7.39647 4.51973 4.53672
threshold=0 0.43224372028274155 0.10146005057873873 0.25099253674125416 5.3178346671127334 7.3441873263908226 0.0021236488740339747 0.027355663017313635 -0.19830758228685277 0.018695251885093408 -0.81108308482038105 0.64434371274430002 7.6470957120475971 3.6021870837399188 0.11553498252189716 0.37409605505537735 0.041671446104492464 -1.0523765166162617 7.463424806787935 0.0096812720425756456 0.032976799534794453 0.0075063271097244614 0.029822660704731347 6.0330233445898696 -0.34213381883014987 -0.13524464358455882 0.040441424070385194 0.045245144871954072 1.0000000180025095e-35 6.9355465760556259
decision_type=1 2 2 2 2 2 2 2 2 2 2 2 2 2 2 2 2 2 2 2 2 2 2 2 2 2 2 2 2 2
left_child=1 3 5 4 -1 15 -7 8 9 10 -8 12 -12 -6 -9 -2 -11 18 19 -15 21 -21 -23 -19 -25 26 -26 -28 -27 -30
right_child=2 -3 -4 -5 13 6 7 14 -10 16 11 -13 -14 17 -16 -17 -18 23 -20 20 -22 22 -24 24 25 28 27 -29 29 -31
leaf_value=0.027914293946392901 0.028805353965219677 0.029431435273870529 0.028082860864608008 0.029895569475191907 0.029662475623944119 0.07946673916427216 -0.017854034705240301 -0.028358448584391193 -0.0058795096813085927 -0.026454954321383801 0.16008953691932315 -0.011775903069537626 0.009752101605355383 -0.026435646476270339 0.028713528940540366 -0.01835465966394963 0.028601076554317109 -0.013993550139406353 -0.032874099344691994 -0.012133620692074298 -0.0054234371054393176 0.20940697465132349 0.026057501633697334 -0.034070031590710606 -0.00064534537506169976 0.0015483790125597901 -0.012801180295875254 0.148198546844969 -0.0084074973351955448 0.083515361686171713
leaf_weight=10.963014349341391 2.0720628583803764 32.57551797805354 11.31969721522182 14.817437167745082 5.5297221522778264 0.67101659718900819 0.79490854218602214 12.505313062341882 14.25371621665545 2.0367398923262954 0.99265515338629284 0.4121935125440358 0.59442585706710815 1.6801268979907016 1.4668437978252757 86.00241639977321 4.3885650008451194 64.793395313667133 4.4510080679319799 0.43123391130939159 2.4464718508534133 1.0825377632863817 0.81245525483973313 5.2830580330919465 1.024639477720487 27.362577107967812 0.42276192177087046 0.69891094509512186 1.1162206390872591 1.2619809156749395
leaf_count=616 199 1349 976 343 116 86 114 2117 2012 299 77 53 66 226 133 14105 690 8616 756 71 384 142 129 890 173 3316 50 113 122 164
internal_value=0.00135318 0.0079809 -0.0072172 0.00351474 0.000286825 -0.011147 0.00231632 -0.00109725 0.0110314 0.0351933 0.0753459 0.106 0.129316 -0.00248372 -0.0208492 -0.0169342 0.00993655 -0.00430533 0.0165678 0.0505067 0.0774799 0.140087 0.166952 -0.0066767 0.00611018 0.0136008 0.0738186 0.110084 0.00699508 0.0506536
internal_weight=314.264 176.753 137.511 144.178 129.36 126.191 38.1164 37.4454 23.4732 9.21949 2.79418 1.99927 1.58708 118.397 13.9722 88.0745 6.4253 112.867 10.9038 6.45283 4.7727 2.32623 1.89499 101.964 37.1701 31.8871 2.14631 1.12167 29.7408 2.3782
internal_count=38503 17576 20927 16227 15884 19951 5647 5561 3311 1299 310 196 143 15268 2250 14304 989 15152 1708 952 726 342 271 13444 4828 3938 336 163 3602 286
cat_boundaries=0 1
cat_threshold=968
is_linear=0
shrinkage=0.04


Tree=94
num_leaves=31
num_cat=2
split_feature=17 22 3 2 6 12 7 22 2 20 18 26 9 15 26 18 18 22 24 18 26 11 9 18 18 26 22 0 2 19
split_gain=12.8246 9.40145 9.40625 10.6837 9.27535 5.92895 4.56064 9.05179 7.77364 3.67314 3.58309 5.4526 7.82929 6.93177 5.32919 5.23229 6.56253 5.01558 3.9448 3.65919 3.48362 3.24923 3.33888 6.10927 7.67617 3.22675 5.86657 5.17976 4.96812 9.45451
threshold=4.5000000000000009 0.26751059843181363 5.5000000000000009 0.40903857802802651 0 1.0000000180025095e-35 1 0.016463564135077043 0.063428640448604065 1.5000000000000002 7.3441873263908226 0.013234965048668569 -0.87786832340675269 1.3897898257208194 0.18546620394262328 7.6578099530334027 7.4601746356365437 0.057514341558066819 0.022900295590233776 7.236504356414561 0.010564310536135692 5.4249063210405346 -0.86313358816492436 7.0217204939589619 6.5289130698983664 0.037886544928168404 0.064446826520855718 6.6922724506475051 0.07283049472591796 4.8621586139401325
decision_type=2 2 2 2 1 2 1 2 2 2 2 2 2 2 2 2 2 2 2 2 2 2 2 2 2 2 2 2 2 2
left_child=1 2 3 6 5 9 7 8 -1 -5 19 12 -12 17 25 16 -15 -14 -16 -8 -18 -9 23 24 -23 -13 27 -27 -29 -30
right_child=-2 -3 -4 4 -6 -7 10 21 -10 -11 11 14 13 15 18 -17 20 -19 -20 -21 -22 22 -24 -25 -26 26 -28 28 29 -31
leaf_value=-0.006572872138944556 0.026050838664926395 0.028240977951447959 0.031199046118376983 -0.027698184745173899 0.024273388912719244 0.036323625012455167 -0.012056061245331436 -0.029942762781694051 0.10651814412818934 0.036665405275010693 -0.029967422622440107 -0.025858276760623689 0.10436053064567359 -0.023709431539560049 0.065976646796775923 -0.028820820363614295 0.084892827231966547 0.00014993285947884327 -0.010793043310789232 -0.034273672921010113 -0.012509355047891552 -0.015836985723151509 -0.0090267314054816045 -0.020806397648202725 0.12702712071347286 -0.024590960674079843 -0.027703122478615425 -0.0039583761730907626 -0.026853724665888576 0.061830248528455735
leaf_weight=1.3431409541517507 27.129027531482279 14.31616362556815 10.66198370605707 15.104175484273583 22.262872922699898 2.3055251510813823 130.90029571112245 3.4501611902378482 1.7178802327252922 0.69973893044516522 2.9003442160319528 16.418291782494634 2.025089874397962 1.3615500077139588 1.5875591705553227 2.5036214122083038 1.8616196454968306 0.98162047914229322 1.4126029505860058 12.525470828171818 0.44732225267216552 0.63116826443001561 4.0618081677239397 1.0356056569144128 0.67418362759053707 4.8975442440714749 10.075846192659808 7.6970457660499951 1.9924229024909417 6.0446075792424381
leaf_count=176 774 446 310 1793 599 20 21156 482 192 64 449 2651 176 169 116 358 175 121 132 2105 57 78 629 148 79 820 1658 1232 314 904
internal_value=0.000285074 -0.00225988 -0.00397802 -0.00554103 0.0131425 -0.00905775 -0.0090366 0.010021 0.0674959 -0.022836 -0.0102644 -0.00268692 0.0204088 0.0377037 -0.00854368 0.00945868 0.0361493 0.078867 0.0361683 -0.0142202 0.067945 -0.00317531 0.0133448 0.0432452 0.0810436 -0.0120826 -0.00413391 0.00812513 0.0191696 0.0393063
internal_weight=311.026 283.897 269.581 258.919 40.3723 18.1094 218.547 12.9139 3.06102 15.8039 205.633 62.2071 12.0812 9.18082 50.1259 6.17411 3.67049 3.00671 3.00016 143.426 2.30894 9.85293 6.40277 2.34096 1.30535 47.1258 30.7075 20.6316 15.7341 8.03703
internal_count=38383 37609 37163 36853 2476 1877 34377 1784 368 1857 32593 9332 1505 1056 7827 759 401 297 248 23261 232 1416 934 305 157 7579 4928 3270 2450 1218
cat_boundaries=0 1 2
cat_threshold=56 4
is_linear=0
shrinkage=0.04


Tree=95
num_leaves=31
num_cat=1
split_feature=6 2 17 22 26 1 18 26 25 10 3 3 9 8 8 5 1 1 11 22 25 5 1 9 9 22 25 25 1 18
split_gain=13.5996 13.1489 9.58386 7.76207 5.76879 7.36241 7.7089 6.58566 6.18108 5.74109 6.5115 5.48379 5.40459 6.91095 8.5677 4.91003 6.52161 9.08852 7.85828 7.3901 5.30137 4.85531 5.29261 4.2988 5.94127 3.81269 3.56353 3.43713 7.41329 3.30949
threshold=0 0.28920184992673442 5.5000000000000009 0.20734162958880673 0.012378590006865064 0.79862249260391016 6.8374320554192725 0.007820163913238835 0.29337885572885186 1.0000000180025095e-35 2.5000000000000004 4.5000000000000009 -0.53934108034571793 -0.88703702359900938 0.54116912089597113 1.218180970478582 -0.16096588023154301 -1.0742258117636112 6.2307420660649671 0.07912048834589111 0.26501925425845663 1.5757751663603441 -1.3545311547161436 -0.87786832340675269 0.15391087892467778 0.027230259871540551 0.14990340452914572 0.024330401086530781 -0.61742016269047129 7.8866261492079284
decision_type=1 2 2 2 2 2 2 2 2 2 2 2 2 2 2 2 2 2 2 2 2 2 2 2 2 2 2 2 2 2
left_child=1 2 11 4 5 6 -2 12 21 10 27 -1 -8 -14 -15 16 17 -11 19 25 -18 22 -9 -24 -25 -19 -3 28 -6 -29
right_child=3 26 -4 -5 9 -7 7 8 -10 15 -12 -13 13 14 -16 -17 20 18 -20 -21 -22 -23 23 24 -26 -27 -28 29 -30 -31
leaf_value=-0.0045389655727650626 -0.012261007012796676 -0.010086808644161819 0.029624724533301686 0.025236429844252402 0.076465779588982596 -0.020877014409541001 -0.020799630071220546 -0.011602067204507141 -0.0047366420828514281 -0.020284735624624305 0.02470020472705018 0.034869389505088104 -0.021882459668011896 0.10657250553217384 -0.019071776860696405 -0.020050079879935356 -0.030771459288186566 0.015147156275334632 -0.014117327036786314 -0.010668601366631747 0.031260854625045881 -0.011387683228958121 0.0090739387473522427 0.15843196013200644 0.0083156222364255995 0.18731978632468754 0.037497806510574189 -0.018998622194956287 -0.025718575167732013 0.0077892250413533672
leaf_weight=75.742651115404442 6.7500278444495114 2.3394492524676052 18.411181505769491 11.057604605797676 1.0383970993570986 8.7668446036986989 3.6617308536078808 0.40339918783865858 1.3328909568954257 1.014178690267727 5.7141480227001002 5.1006969287991515 1.4512130285147575 1.7049233387224334 0.88944709231145669 4.467931240797042 3.1501255740877232 0.44838173314928942 0.5404230065178125 0.35694669140502799 3.7078788699582219 0.48285040422342707 0.68278125859797034 1.861436240142212 0.63037143694236863 0.756939179264009 29.144191121682525 109.56991701642983 1.7661081589758385 7.3811430910136542
leaf_count=9433 1128 99 375 573 108 1206 557 56 190 175 212 149 209 145 126 714 467 76 100 59 333 78 111 199 67 104 869 19026 283 1135
internal_value=0.00154189 0.0108376 0.00438331 -0.00554112 -0.0080243 0.00812549 0.0213209 0.0382657 0.068497 -0.0113618 -0.0141127 -0.00165688 0.0116723 0.0393605 0.0701751 0.0119021 0.026737 0.0665476 0.101468 0.131357 0.00247733 0.0887208 0.101767 0.115501 0.133713 0.159182 0.0337603 -0.0161538 0.0222702 -0.0172563
internal_weight=310.326 130.738 99.2545 179.588 168.53 28.6179 19.8511 13.101 5.39373 139.913 125.47 80.8433 7.70731 4.04558 2.59437 14.4428 9.97487 3.11687 2.10269 1.56227 6.858 4.06084 3.57799 3.17459 2.49181 1.20532 31.4836 119.756 2.80451 116.951
internal_count=38362 10925 9957 27437 26864 4072 2866 1738 701 22792 20764 9582 1037 480 271 2028 1314 514 339 239 800 511 433 377 266 180 968 20552 391 20161
cat_boundaries=0 1
cat_threshold=960
is_linear=0
shrinkage=0.04


Tree=96
num_leaves=31
num_cat=0
split_feature=25 18 4 2 18 9 23 5 0 19 2 2 26 0 24 26 0 24 2 26 19 5 18 18 9 24 22 24 2 22
split_gain=8.9872 9.45359 7.83828 4.33976 4.24115 6.94223 4.87361 7.8779 7.11404 6.38839 4.65299 5.91014 5.1302 4.77091 5.9946 5.07223 5.2869 8.84156 7.83672 7.93192 7.02786 6.4749 6.38253 4.87101 6.81837 5.0974 10.6424 5.72854 4.10906 5.57594
threshold=0.63750947092527643 4.6571820097870811 18.500000000000004 0.89787599095652937 7.3441873263908226 -0.76431711517319922 0.091786958362344642 0.74767872478024333 6.9609416765108065 6.6145288648366707 0.016744313938789387 0.02297975502323928 0.017221735354065612 6.6922724506475051 0.0016283715672504317 0.0020501932247135881 7.2379971649374975 0.014549337990332993 0.054079052351534172 0.021635526113108875 4.5954523805399896 1.7089906295390365 8.0574312423478656 7.4988811939828901 -0.63425509181438666 0.015678578634166749 0.038204429951137646 0.061454731504594642 0.11852018266728699 0.012743504553318302
decision_type=2 2 2 2 2 2 2 2 2 2 2 2 2 2 2 2 2 2 2 2 2 2 2 2 2 2 2 2 2 2
left_child=1 -1 3 4 5 -3 9 8 -8 -7 -6 12 -12 14 -13 -15 17 -17 -19 -20 -21 22 -22 24 -18 26 -26 -27 29 -11
right_child=-2 2 -4 -5 10 6 7 -9 -10 28 11 13 -14 15 -16 16 23 18 19 20 21 -23 -24 -25 25 27 -28 -29 -30 -31
leaf_value=0.025161842243134874 0.032693607087253364 0.0024545406818975647 0.033578779152251166 0.034372940557428996 -0.02258483150637363 -0.020033858018095624 0.12000328685577545 -0.0126992617199459 0.0019625740720445348 0.046060284328532521 0.1007012099583784 0.058072122218848013 0.0096066586967306095 0.061840229706519895 -0.024412451236481753 -0.019438318336360779 -0.0099167081335368567 -0.012344263412584646 -0.0063109373280734998 -0.01407350663446999 0.14849297894272856 -0.011448730506962128 -0.0099293086192862139 -0.0086343317738320786 0.1383909456116108 -0.020649672721642 -0.0074654261593933204 0.056844481062340066 0.032902688114804832 -0.025289510321007173
leaf_weight=22.062046475708485 13.64496785821393 73.582541256444529 8.8187595047056657 3.9318938711658111 8.2813101941719633 83.49594471254386 0.74564766744151656 5.197892305906862 1.5992415281943975 1.3174893201794455 0.97532161790877525 0.62434135260991652 2.4651826834306121 1.8506221547722805 12.267814718419684 3.2625940998550487 6.1223564357496798 1.8422262712847439 1.3275328511372206 0.53718044329434667 2.5985459922812888 0.39753215364180494 0.32349133049137879 29.53971579298377 1.0759422811679527 2.7222207018639892 1.1447188830934463 1.6654733105096964 5.4988076656591147 6.4529270140919834
leaf_count=610 605 10562 266 103 1167 12794 86 667 177 208 93 80 378 147 1972 465 744 288 179 92 346 71 42 3782 99 355 139 183 635 1072
internal_value=0.00211647 0.000579486 -0.0015172 -0.00282744 -0.00352783 -0.00694138 -0.01353 0.0159054 0.064153 -0.0159636 0.00414711 0.00754759 0.0522927 0.00452809 -0.0165252 0.00972475 0.00676942 0.0310877 0.0540471 0.0758204 0.0995695 0.11696 0.132895 0.000268424 0.0200503 0.0454678 0.0842313 0.0138565 0.0092571 -0.00931959
internal_weight=305.372 291.727 269.665 260.847 256.915 177.89 104.308 7.54278 2.34489 96.7652 79.0241 70.7428 3.4405 67.3023 12.8922 54.4102 52.5595 10.2891 7.02651 5.18428 3.85675 3.31957 2.92204 42.2704 12.7307 6.60836 2.22066 4.38769 13.2692 7.77042
internal_count=38407 37802 37192 36926 36823 26201 15639 930 263 14709 10622 9455 471 8984 2052 6932 6785 1483 1018 730 551 459 388 5302 1520 776 238 538 1915 1280
is_linear=0
shrinkage=0.04


Tree=97
num_leaves=31
num_cat=2
split_feature=6 2 22 18 7 22 3 19 2 5 19 2 2 22 24 3 19 19 19 25 24 5 25 5 23 15 19 25 2 25
split_gain=12.3169 11.4739 6.97232 6.57056 5.68386 6.4104 5.61597 5.18815 5.14116 4.76951 5.57526 8.89572 6.34081 6.38031 7.08782 6.08508 6.92777 6.19327 9.78386 6.15527 5.30337 5.83696 4.87442 4.64695 4.1254 4.13367 7.18268 7.92759 9.57849 7.81967
threshold=0 0.43224372028274155 0.46597771892742823 4.6571820097870811 1 0.016463564135077043 5.5000000000000009 6.1824113060695103 0.029718894746686302 1.9016825190678217 5.8254230374584202 0.087994199884544447 0.042848056195778812 0.018922562584923815 0.018868849215599937 1.0000000180025095e-35 6.301665891136099 6.9027764224274319 7.0280853486708699 0.10813496207002156 0.066986562244604031 0.64969687504752593 0.28679784577453732 0.79445684042727827 0.055883604402807339 1.6237196907535945 5.4024691583960296 0.11589477638006114 0.13023089360317774 0.053848639905565883
decision_type=1 2 2 2 1 2 2 2 2 2 2 2 2 2 2 2 2 2 2 2 2 2 2 2 2 2 2 2 2 2
left_child=1 3 4 -1 5 7 9 -2 -5 10 -6 12 13 14 -12 16 19 -18 -19 -14 21 -16 -23 -21 25 -10 -27 28 29 -28
right_child=2 -3 -4 8 6 -7 -8 -9 24 -11 11 -13 15 -15 20 -17 17 18 -20 23 -22 22 -24 -25 -26 26 27 -29 -30 -31
leaf_value=0.030254021523109537 0.089170636365433181 0.03499466509469841 0.033123948967487715 -0.0172439603425685 -0.015365682115292458 0.0040054263894426182 0.027940208759539682 -0.015768743151679868 -0.0037834383072986649 -0.033461668510365715 -0.023467008476688724 -0.015468354545013455 0.0080516185392628409 -0.017715426650139542 -0.012213496303143324 -0.010470579555317843 -0.020523818187013019 0.13400981051160954 -0.008412039209863725 0.01753123649351877 -0.014868416399711273 0.14735409886906442 -0.0083818173406757131 0.13470013215786733 -0.014463907365287011 -0.0014559978984683549 0.0037019937425103724 0.016617553945491113 -0.0044978363542126426 0.13378066605907266
leaf_weight=12.89572076499462 2.172080231830479 24.086513506248593 5.9622050970792762 18.999629167374223 87.164853284601122 8.1260364050976914 5.0397483538836232 0.63948242063634086 20.743747605476528 13.619253471028058 1.389199046185243 25.402955521363765 1.5350937535986284 10.370537385111673 0.43084002286195788 3.0141873590182504 3.0638879553880543 0.3785135073121636 1.5073165607172994 1.0749762777704748 0.58616568380966771 0.91964787268079795 0.26273440709337592 1.9686308586969969 12.283341286471112 16.191908870823681 1.0230840924195974 14.487297481158746 1.7278724405914543 2.3556782845407724
leaf_count=305 203 709 177 2181 14619 1118 159 86 2302 2542 233 3974 193 1874 64 516 555 61 259 163 109 152 46 321 1412 1839 114 1566 190 256
internal_value=0.000881128 0.00998199 -0.00587621 0.00469586 -0.00778827 0.0133815 -0.00957137 0.0674274 0.000644126 -0.011606 -0.00924206 0.00113755 0.0170386 -0.00175656 0.0381724 0.0365416 0.0509953 0.0134857 0.0567056 0.0818584 0.0722715 0.0975074 0.124765 0.107887 0.00575938 0.0103287 0.0183895 0.0340637 0.0727315 0.104234
internal_weight=299.423 124.795 174.628 100.708 168.666 10.9376 157.729 2.81156 87.8126 152.689 139.07 51.9047 26.5017 13.9591 3.58859 12.5426 9.52842 4.94972 1.88583 4.5787 2.19939 1.61322 1.18238 3.04361 68.8129 56.5296 35.7858 19.5939 5.10663 3.37876
internal_count=38298 10874 27424 10165 27247 1407 25840 289 9860 25681 23139 8520 4546 2478 604 2068 1552 875 320 677 371 262 198 484 7679 6267 3965 2126 560 370
cat_boundaries=0 1 2
cat_threshold=960 4
is_linear=0
shrinkage=0.04


Tree=98
num_leaves=31
num_cat=1
split_feature=6 2 17 22 26 15 24 8 15 2 14 24 0 0 0 15 19 11 1 26 1 8 8 25 23 4 19 8 26 14
split_gain=13.5303 11.5461 9.13021 6.98355 6.54372 5.03805 4.92109 5.72028 5.17093 5.64019 4.72074 6.74825 4.97798 4.82773 4.71816 4.60921 5.8929 4.76336 5.32702 4.4717 4.46986 4.26203 6.38885 8.13909 5.02188 4.39459 4.67174 4.32733 4.25914 4.24924
threshold=0 0.28100228106754938 5.5000000000000009 0.46597771892742823 0.014110588322826759 2.4343200155997926 0.004561103343524186 0.16036906031022743 1.3897898257208194 0.025151655434540104 0.0037858060866932173 0.018353130531239131 8.0865290974051529 6.6034139894348174 8.3525186119841148 2.3213739607271551 5.1062984830210008 5.4824751759354546 1.4161546534424094 0.052572035305841959 0.39150145575232814 -0.58791918172702007 -0.47858602230848996 0.13448759780936564 0.0032915377692542508 4.5000000000000009 6.3720358728564088 -0.8210598612665353 0.092242305604694264 0.085876223993815781
decision_type=1 2 2 2 2 2 2 2 2 2 2 2 2 2 2 2 2 2 2 2 2 2 2 2 2 2 2 2 2 2
left_child=1 2 5 4 6 15 7 14 -8 20 11 12 13 -6 -2 -1 -17 -18 19 -19 29 24 23 25 27 26 28 -12 -23 -10
right_child=3 -3 -4 -5 10 -7 8 -9 9 -11 21 -13 -14 -15 -16 16 17 18 -20 -21 -22 22 -24 -25 -26 -27 -28 -29 -30 -31
leaf_value=0.00076942221214716211 0.090810490386201717 0.032992948761153981 0.029797401305950766 0.032916584053949365 -0.010177011461523342 -0.018758958499434656 0.025748330110491532 -0.020613020396827286 0.0062694835712967523 -0.019156543871200828 -0.015349305910519572 -0.016050845713937972 -0.015466916110042299 0.11817194181101939 -0.014531622894484418 -0.019408431761334964 -0.015961261353389759 0.15104358223882769 0.0032226467514739135 0.015394792133406813 -0.021180621268143102 0.1276384021796623 -0.011643518142784717 -0.0084955279583558228 -0.027679551918143461 -0.011199724944719432 -0.011646653363129856 0.051049893445898713 -0.0089438631212234616 0.099914184776179443
leaf_weight=56.708455051295459 2.0588173500727862 28.551101439166814 17.447646973654628 5.8793682325631371 0.418373155407607 19.15001942939125 8.6240871308837104 1.0479003780055789 1.6765952447894994 17.133282229304314 2.9490900163073093 2.8535343958064914 0.61018555727787305 1.0152240979950873 0.55697464360855509 1.488315526396035 0.65520411217585239 0.72614745190367125 1.0598636362701652 0.82910183724015951 1.2293985460419206 1.3828145852312443 75.075002367608249 4.564502919325605 41.773538473527879 0.62577188480645407 0.40709359501488496 1.7088903209660191 0.28456122172065068 0.71950149093754578
leaf_count=6760 253 967 369 181 59 2398 1177 174 250 2598 527 443 75 116 77 188 96 77 81 82 178 217 12272 685 7617 56 72 304 45 85
internal_value=0.000828527 0.0102596 0.00441032 -0.00633545 -0.00828547 -0.00138187 0.00748183 0.0456578 0.00137566 -0.00946779 -0.0122102 0.0232226 0.0653146 0.0919249 0.0705647 0.00424558 0.0383436 0.0630167 0.0817458 0.113054 0.0305618 -0.0137263 -0.00809938 0.0255035 -0.0233237 0.0697397 0.0898567 0.013728 0.109714 0.0555295
internal_weight=299.21 126.616 98.0648 172.595 166.715 80.6171 33.0466 3.66369 29.3829 20.7588 133.669 4.89732 2.04378 1.4336 2.61579 61.4671 4.75863 3.27032 2.61511 1.55525 3.6255 128.771 82.3397 7.26474 46.4315 2.70024 2.07447 4.65798 1.66738 2.3961
internal_count=38479 11018 10051 27461 27280 9682 4792 504 4288 3111 22488 693 250 175 330 7284 524 336 240 159 513 21795 13347 1075 8448 390 334 831 262 335
cat_boundaries=0 1
cat_threshold=960
is_linear=0
shrinkage=0.04


Tree=99
num_leaves=31
num_cat=1
split_feature=6 14 17 26 15 26 11 23 17 23 26 8 23 15 22 23 8 0 25 0 8 24 22 3 23 25 11 17 23 25
split_gain=9.84338 8.40753 8.19608 6.49244 5.53946 7.26409 6.37228 10.0897 8.05935 7.09494 4.63167 6.33152 7.14301 4.89041 4.30183 4.2069 4.09271 4.04886 3.99489 4.53983 6.37983 5.25792 7.08873 7.05572 7.14049 6.36041 5.0263 4.90013 9.29321 4.50588
threshold=0 0.30544883234180348 4.5000000000000009 0.079588938780975602 1.4690503949924267 0.077364451408187582 4.4246733400173479 0.01730439665104028 1.5000000000000002 0.064424496742124096 0.055828291197601847 -0.065620055257265067 0.020093244052895528 0.69305491042585643 0.0023305083476226015 0.026394942257816374 0.085146970703460986 10.377444602445314 0.49969120129882205 6.776244543041126 0.16036906031022743 0.030823111201553524 0.094512206762835518 1.0000000180025095e-35 0.0048961102891978267 0.065420094302346771 5.4249063210405346 1.5000000000000002 0.047815577113565495 0.10710498541160825
decision_type=1 2 2 2 2 2 2 2 2 2 2 2 2 2 2 2 2 2 2 2 2 2 2 2 2 2 2 2 2 2
left_child=3 2 14 4 6 17 7 -1 9 -9 -8 12 13 -12 16 -7 -2 -6 19 20 21 22 23 24 -16 -26 -27 28 -28 -23
right_child=1 -3 -4 -5 5 15 10 8 -10 -11 11 -13 -14 -15 18 -17 -18 -19 -20 -21 -22 29 -24 -25 25 26 27 -29 -30 -31
leaf_value=-0.022974813477128458 0.059544403983627758 0.03276660806612882 0.026632880544807988 -0.025396836673716235 -0.013848330796509623 -0.012593867825453275 -0.0057333683000467504 0.15229292894080229 -0.01536732371890766 -0.0075346851501713373 -0.0090231470939490625 -0.022497527258386298 -0.0022390183417757784 0.14136661418037796 -0.017769991284750819 0.10485473678725343 -0.016636719797081898 0.034718759255460308 0.021547289866270133 -0.0057146538046376752 -0.014874955716811085 0.036311162514280564 -0.018466649141619603 -0.0019265313037734716 -0.01457968982574879 0.023170443796339386 0.18564208010801442 0.021159339295257068 0.0072877616892302981 -0.014414530177938447
leaf_weight=1.3268720635678648 2.7265855646692212 18.687527436297387 23.357958795502782 24.44034610572271 52.740371669176966 0.45590638532303174 16.834370202850554 1.2930976613424721 0.61308651557192195 0.43874968891032029 0.28887994051911003 1.2685060086660076 1.3046264024451373 0.76315283915027976 0.78941170731559918 0.39965104660950601 1.098807993577793 1.9557958729565132 11.977250927826388 102.84244187478907 9.3136186075862479 3.2191521255299431 2.0109059840906403 2.3875560199376196 0.56720015848986793 1.5253142775036392 1.6471858101431287 0.95755181205458928 0.67022332875058044 7.3658775531221181
leaf_count=214 297 720 613 4447 9318 91 2838 162 109 68 54 246 252 137 130 63 148 196 768 13367 1339 374 311 322 91 248 214 168 96 961
internal_value=0.00240657 0.00758346 0.00511862 -0.00712248 -0.00215485 -0.00907432 0.0135014 0.0556816 0.0937517 0.123866 0.00368947 0.0392257 0.0692537 0.115798 0.0015932 0.0692108 0.0387492 -0.0115195 0.00035658 -0.00169376 0.0116347 0.0234581 0.0421242 0.0568248 0.0766936 0.0911955 0.104053 0.127492 0.151806 0.00281502
internal_weight=295.268 191.145 172.457 104.123 79.6831 55.5517 24.1313 3.67181 2.34493 1.73185 20.4595 3.62517 2.35666 1.05203 149.099 0.855557 3.82539 54.6962 145.274 133.296 30.454 21.1404 10.5553 8.54444 6.15689 5.36748 4.80028 3.27496 2.31741 10.585
internal_count=38362 20167 19447 18195 13748 9668 4080 553 339 230 3527 689 443 191 18834 154 445 9514 18389 17621 4254 2915 1580 1269 947 817 726 478 310 1335
cat_boundaries=0 1
cat_threshold=39
is_linear=0
shrinkage=0.04


Tree=100
num_leaves=31
num_cat=3
split_feature=26 4 22 2 6 20 11 22 5 6 25 24 22 8 22 8 2 5 24 11 23 22 26 19 7 22 24 17 0 0
split_gain=9.37402 8.70554 8.72573 7.18562 7.85855 5.54193 3.80504 4.18323 4.00111 4.92703 7.19503 11.7534 6.90817 8.63009 7.55583 7.82186 14.8273 6.37022 5.94308 9.1834 8.29312 10.4335 5.88468 5.69698 5.19041 8.79751 5.08079 5.03754 4.96199 7.70592
threshold=0.2286563348599199 18.500000000000004 0.46597771892742823 0.48470069411158639 0 1.5000000000000002 6.6765938362220645 0.001979234683382547 1.9016825190678217 1 0.079801756243050359 0.020598746022860843 0.025928890746389575 -0.86864049844560265 0.028651015791082469 -0.80983113870163181 0.081817217784545745 1.0070502884185817 0.024553679873567599 5.8638473591750886 0.020566894726456359 0.06086584306372373 0.090209997473590889 6.7548864770648089 2 0.016463564135077043 0.0074055107018166427 1.0000000180025095e-35 7.2609207017929096 6.9357747308686344
decision_type=2 2 2 2 1 2 2 2 2 1 2 2 2 2 2 2 2 2 2 2 2 2 2 2 1 2 2 2 2 2
left_child=1 2 3 6 5 -5 8 -8 9 24 11 23 -12 -14 27 16 17 -16 -13 20 -20 22 -22 -11 25 -1 -27 -15 29 -17
right_child=-2 -3 -4 4 -6 -7 7 -9 -10 10 12 18 13 14 15 28 -18 -19 19 -21 21 -23 -24 -25 -26 26 -28 -29 -30 -31
leaf_value=0.096413678943967976 0.026600532587968302 0.037285908206423878 0.035443569375826114 -0.024090883456425485 0.025047639242074066 0.044300643781257219 0.049601694206871556 -0.025111457890865347 -0.021257030595314547 -0.028398876055041426 -0.017728632909083379 0.12397617652836015 -0.025507363395352409 -0.012891795986697268 0.0099730566623296851 0.0031938370973000952 -0.038599780989117212 0.16453314447174439 -0.00020762185745240098 -0.018485098627868433 0.15255793406700474 -0.013811192361982231 -0.009075983746584566 0.055430521880089449 -0.010614692367237142 0.054712041479083276 -0.018099079305006732 0.1087583584177281 -0.0076760748035689472 0.060423457333048568
leaf_weight=1.4123219477478413 21.351139741251245 8.4988421406596881 8.7614222988486272 12.607257414609192 16.750412976369265 1.2660698499530543 0.36063180584460752 20.23138430272229 18.211438496364281 5.2780768256634465 22.92253575916402 0.96640026895329167 8.8289634617976827 0.46958871907554467 0.74557028687559002 12.123600558377804 0.84572328254580487 0.75214988877996802 2.0514227219391614 2.7820881099905819 1.7200999865308411 0.79360361304134119 0.29134157975204278 0.66529001598246384 93.200170638971031 1.1740549432579426 4.2306752423755825 1.1666204596403984 19.458954419475049 4.5406909429002544
leaf_count=155 759 274 275 1527 512 59 58 3070 3104 835 3872 129 1668 79 103 2044 142 81 333 479 198 136 55 91 13721 111 518 188 3182 721
internal_value=0.00169515 -0.000341861 -0.00168624 -0.00309078 0.0147883 -0.00914323 -0.00557643 -0.0215664 -0.00387031 -0.00206744 0.00474028 0.0299543 -5.52277e-05 0.00841327 0.01632 0.0115061 0.0701226 0.12239 0.0574414 0.0356466 0.0645179 0.0994682 0.133907 -0.0123834 -0.00764922 0.0144164 0.00379041 0.0821985 0.00591699 0.0213256
internal_weight=294.459 273.107 264.609 255.847 30.6237 13.8733 225.223 20.592 204.631 186.42 86.4027 14.5483 71.8544 48.9319 40.1029 38.4667 2.34344 1.49772 8.60496 7.63856 4.85647 2.80505 2.01144 5.94337 100.017 6.81705 5.40473 1.63621 36.1232 16.6643
internal_count=38479 37720 37446 37171 2098 1586 35073 3128 31945 28841 14336 2256 12080 8208 6540 6273 326 184 1330 1201 722 389 253 926 14505 784 629 267 5947 2765
cat_boundaries=0 1 2 3
cat_threshold=56 294 4
is_linear=0
shrinkage=0.04


Tree=101
num_leaves=31
num_cat=0
split_feature=4 25 5 17 2 14 25 9 9 25 14 15 11 1 1 13 2 15 25 11 19 9 5 5 0 26 19 9 15 26
split_gain=9.8586 8.43337 5.6528 4.43698 3.96919 4.13005 7.17061 4.29904 4.19564 4.58609 4.01375 4.24447 3.91461 3.82311 6.28152 3.56595 3.06528 2.95808 8.80404 4.08132 3.62199 3.26563 4.13596 8.64843 8.51282 6.32562 7.6591 5.24597 9.3669 5.72841
threshold=5.5000000000000009 0.63750947092527643 1.9016825190678217 8.5000000000000018 0.86761921223609584 0.0037858060866932173 0.28493236216812051 0.9822935704606458 -0.90914536618309583 0.42323744752251741 0.033021963802105141 1.7636035144251019 6.5420906519650943 0.57395252082223458 0.92905862190294675 1.5000000000000002 0.08266547808109391 8.0264641843362714 0.22499958178161045 6.2384615197064539 6.0931814787677725 0.62436893577826769 0.69459591092435735 0.68563439900719847 6.8737163650131992 0.089084570411377531 5.7761655017253082 -0.43877063783806963 2.1677462397555431 0.042505160144834291
decision_type=2 2 2 2 2 2 2 2 2 2 2 2 2 2 2 2 2 2 2 2 2 2 2 2 2 2 2 2 2 2
left_child=1 2 3 4 5 6 -1 15 -8 -10 -9 -12 -4 -14 -15 17 -3 21 19 20 -19 22 23 24 25 27 -27 -7 -29 -30
right_child=-2 16 12 -5 -6 7 8 10 9 -11 11 -13 13 14 -16 -17 -18 18 -20 -21 -22 -23 -24 -25 -26 26 -28 28 29 -31
leaf_value=-0.0021350051899576864 0.021098816236380265 -0.020153622575471011 -0.028016580487897902 0.035782917421509679 0.032625087534049468 -0.01123569717202271 -0.01100474217356388 -0.021335333788440814 0.11467691889056485 -0.0078368063926078195 0.080760497053325442 0.0094274211666822063 -0.023529179485701459 0.10830270726091913 -0.0093532974806994525 0.03268641230299784 0.038640586989000178 0.13403969530431298 -0.0095652491418886584 -0.010685237082839359 -0.0075093797610459173 -0.021729548413062082 -0.0076205598707132921 0.074032656716947282 -0.008076245079672615 0.10966403390944113 -0.017046123367521034 -0.012788235393528798 0.13193848240980527 -0.011368787391704185
leaf_weight=5.6980081312358362 40.039841747377068 0.99637638544663687 17.902178954565901 4.4810119327157727 4.585961313918232 5.8528912367764852 0.57013726886361871 1.4432934389915306 1.344285639002919 0.4644362456165253 1.6387976866681127 3.3285785119514912 1.4056808899622404 0.34577081166207779 1.2681885985657571 3.2050505317747584 10.31704033538699 0.60736851207911857 4.1882671897765249 0.35462224273942411 0.22937587555497885 16.94948853761889 122.60195687692612 1.8293693866580714 34.539374344749376 1.6631709826178842 0.73464024905115355 1.9158291160129004 0.85805066069588043 0.39304665569216013
leaf_count=777 2147 136 3004 109 191 980 62 202 118 55 153 315 298 46 155 95 435 100 721 57 41 2555 19687 246 4828 241 134 326 121 70
internal_value=0.00291994 -4.38204e-05 -0.00169072 0.000242682 -0.000660294 -0.00153665 0.0248742 -0.00270808 0.0710536 0.0916285 0.0272296 0.042551 -0.0210586 0.0169 0.0476425 -0.00382096 0.0322464 -0.0045937 0.0222768 0.0875001 0.112274 -0.00547951 -0.00374567 0.00614827 0.001927 0.0304012 0.0772513 0.0114798 0.0460826 0.101866
internal_weight=291.752 251.712 240.399 219.477 214.996 210.41 8.07687 202.333 2.37886 1.80872 6.41067 4.96738 20.9218 3.01964 1.61396 195.923 11.3134 192.717 5.37963 1.19137 0.836744 187.338 170.388 47.7864 45.957 11.4176 2.39781 9.01982 3.16693 1.2511
internal_count=38405 36258 35687 32184 32075 31884 1012 30872 235 173 670 468 3503 499 201 30202 571 30107 919 198 141 29188 26633 6946 6700 1872 375 1497 517 191
is_linear=0
shrinkage=0.04


Tree=102
num_leaves=31
num_cat=1
split_feature=18 14 6 18 15 26 18 19 15 26 9 19 1 4 1 5 5 15 15 1 11 26 23 9 26 8 1 0 5 9
split_gain=8.6001 9.0283 5.73705 5.59946 10.3122 5.32235 7.99765 5.38132 5.00189 4.76694 4.707 4.59136 4.39926 4.26805 5.57095 5.79429 10.0928 4.50463 13.5893 10.6919 4.58142 3.89764 3.87594 6.82365 7.37634 6.86019 6.38721 5.68563 5.46225 4.59005
threshold=4.3462688871763069 0.45940432964303174 0 7.0076675798607573 7.9189953302902163 0.013817712284441595 7.1022494824764211 5.2798895326805164 1.3438063335990376 0.079588938780975602 -0.81108308482038105 4.3579171510181931 8.8240742628521645 2.5000000000000004 -0.013186018224389898 1.3383486408423926 1.2786155728959516 1.9600109331190614 2.1986977193263404 1.2400788701479286 4.2065502029383319 0.4676905408112913 0.030849945828159819 -0.9718374344594034 0.038728225014806661 -0.99263145739809933 1.1943534342822801 6.6644788863511693 0.929851125455467 -0.99415474558111383
decision_type=2 2 1 2 2 2 2 2 2 2 2 2 2 2 2 2 2 2 2 2 2 2 2 2 2 2 2 2 2 2
left_child=-1 2 12 13 5 6 7 -5 10 -6 -8 -10 21 -4 -15 16 17 20 19 -19 -16 -2 23 24 -7 28 27 -26 -25 -29
right_child=1 -3 3 4 9 22 8 -9 11 -11 -12 -13 -14 14 15 -17 -18 18 -20 -21 -22 -23 -24 25 26 -27 -28 29 -30 -31
leaf_value=0.029014609045921652 0.00064053165209971327 0.032337687918310903 -0.02702228546142315 -0.011019470428792708 0.092554234658563425 -0.024072507205532744 -0.019060660271062155 0.12244609145670754 0.041467890470899479 -0.014509574771532053 0.061310427374782796 -0.028159275869859279 0.027805644798863955 -0.025430328915470854 0.044494388069484081 -0.027333650446858787 0.12130384419642842 0.15758348980299711 -0.0083805325417520733 -0.0099735289342301921 -0.030888639933816568 0.031878820954788549 -0.024643485016452665 -0.017478182182910619 -0.010538412328441443 -0.016010077220076056 -0.017437437304092855 0.0084214527817035242 0.092382886016104226 0.14416841006621575
leaf_weight=16.915076795499772 126.08400494605303 12.463032760191707 30.051763687748462 0.45992524758912512 1.7068969388492399 1.4669116144068528 1.1674003556836399 0.72202655673027039 0.98707716772332776 0.56126731634140004 2.5345797534100694 6.1401391057297587 10.742673838045446 11.395658084657045 0.7294351381715386 4.0384418950416139 0.50114218611270267 0.82001787819899596 4.594085878925398 0.74747456121258438 4.6830892725847661 5.7346746735274783 16.25357503676787 0.75956188212149089 0.51923743635416109 22.311997311189774 0.75041723297908891 0.64920059568248722 0.81080996873788536 1.1598670321982347
leaf_count=458 16129 441 5735 78 264 259 142 117 127 99 250 944 611 2179 87 729 74 123 671 81 820 150 3009 124 96 3915 109 126 151 152
internal_value=0.00217158 0.00039916 -0.00125565 -0.00744327 0.000614679 -0.00331107 0.0193297 0.0892631 0.00479604 0.0697277 0.0373023 -0.0146005 0.00405445 -0.0168378 -0.00515439 0.00983292 0.0234027 0.00985375 0.0310679 0.104918 -0.015375 0.00222932 -0.00968718 -0.000589153 0.0395546 -0.00951248 0.0683401 0.092919 0.0531183 0.115794
internal_weight=288.461 271.546 259.083 116.522 58.9609 56.6927 12.0111 1.18195 10.8292 2.26816 3.70198 7.12722 142.561 57.5611 27.5093 16.1137 12.0752 11.5741 6.16158 1.56749 5.41252 131.819 44.6816 28.428 4.54563 23.8824 3.07872 2.32831 1.57037 1.80907
internal_count=38250 37792 37351 20461 9962 9599 1658 195 1463 363 392 1071 16890 10499 4764 2585 1856 1782 875 204 907 16279 7941 4932 742 4190 483 374 275 278
cat_boundaries=0 1
cat_threshold=968
is_linear=0
shrinkage=0.04


Tree=103
num_leaves=31
num_cat=2
split_feature=17 23 3 2 6 13 20 11 18 15 18 6 9 17 2 26 18 11 15 11 26 26 0 2 8 8 8 15 0 18
split_gain=8.57094 7.99284 6.67162 6.72991 5.23314 4.9261 4.38601 3.74851 3.46815 4.78499 4.42252 5.03744 6.80119 5.96261 9.44035 7.76971 6.97806 5.26279 5.07316 5.74452 7.15464 10.0987 8.13861 8.31935 4.39339 4.0699 7.92152 12.8116 8.10312 8.65493
threshold=9.5000000000000018 0.2072074871879285 5.5000000000000009 0.48470069411158639 0 1.5000000000000002 1.5000000000000002 4.8888493434297091 7.3516683357790358 1.7901255191944327 7.236504356414561 1 -0.79386334674626247 1.5000000000000002 0.075194055534880372 0.064991786751009403 6.6916846335465126 5.7908571974708858 2.4171247646263168 5.4249063210405346 0.064409811771192579 0.015914053030063307 8.0123558859574882 0.027970233681748984 0.085146970703460986 -0.74645584654470742 -0.89474409243905284 0.79462311872221514 6.7210204553100903 7.7444158408265009
decision_type=2 2 2 2 1 2 2 2 2 2 2 1 2 2 2 2 2 2 2 2 2 2 2 2 2 2 2 2 2 2
left_child=1 2 3 5 6 8 7 -5 9 -1 11 12 13 14 15 16 17 -11 19 -14 21 -21 23 -23 -16 26 27 -10 -28 -30
right_child=-2 -3 -4 4 -6 -7 -8 -9 25 10 -12 -13 18 -15 24 -17 -18 -19 -20 20 -22 22 -24 -25 -26 -27 28 -29 29 -31
leaf_value=-0.017169330621474507 0.033105274753486229 0.034836294977276298 0.029930153674358112 0.016694847560690802 0.022507751380772833 0.038427509609987254 0.039709572397287264 -0.029296079424570864 0.071795326925772784 0.19936213987211901 -0.030306883641346354 -0.006630453177413914 -0.018765370778511176 -0.0024113069142640028 -0.026884899882296885 0.00013828351938210108 0.019248736778699888 0.014232404041476418 -0.020657172029827909 -0.018437319150786627 -0.019183045035258389 -0.011061771642995979 -0.013726609919991757 0.16501889869462599 0.047008011172631189 -0.0046542480747426597 -0.024570687964029062 -0.022818716020796308 0.092218969614908816 -0.0025539048147552095
leaf_weight=65.056218163575977 12.187654752284287 9.205435893032698 9.5635269880294782 3.0727251879870883 17.092628050595525 3.1283912751823655 1.4973164820112277 10.124788829125462 1.8714189138263488 0.84225444262847549 7.5868926749099037 56.735084036132321 2.9587776716798571 3.5028601831290871 1.9699944560416045 0.98727979185059656 1.0211696673650292 0.47318526450544596 8.5393132455646974 1.0940301120281222 1.5114010313991455 0.37963662366382811 0.51841313764452923 1.3390338791068641 1.2923238386865703 45.84870541212149 1.559380616294219 10.347159330267457 4.110221148468554 2.1323657473549247
leaf_count=11010 333 308 320 228 572 61 69 1289 222 98 1300 8393 539 550 336 185 187 93 1509 187 280 81 111 237 213 6921 265 1672 535 276
internal_value=0.0016037 9.46829e-05 -0.00123281 -0.00250597 0.014443 -0.00495591 -0.00617836 -0.0181665 -0.00573797 -0.00897449 -0.00297683 -0.000153115 0.0116546 0.0400822 0.060021 0.0988514 0.128018 0.167676 -0.000475582 0.0214523 0.0450313 0.071869 0.108085 0.136362 0.00654798 0.00193744 0.0165362 -0.00399235 0.0454869 0.0639633
internal_weight=287.55 275.362 266.156 256.593 31.7875 224.806 14.6948 13.1975 221.677 155.808 90.7517 83.1648 26.4297 10.0891 6.58621 3.32389 2.33661 1.31544 16.3406 7.80129 4.84251 3.33111 2.23708 1.71867 3.26232 65.8693 20.0205 12.2186 7.80197 6.24259
internal_count=38380 38047 37739 37419 2158 35261 1586 1517 35200 25309 14299 12999 4606 1662 1112 563 378 191 2944 1435 896 616 429 318 549 9891 2970 1894 1076 811
cat_boundaries=0 1 2
cat_threshold=56 716
is_linear=0
shrinkage=0.04


Tree=104
num_leaves=31
num_cat=1
split_feature=6 23 0 17 0 22 25 23 1 11 22 24 11 15 8 0 15 23 23 11 26 23 5 8 8 24 15 9 9 24
split_gain=9.4686 5.73339 5.63948 7.09029 4.64677 5.48867 7.61829 6.75514 5.65981 5.23355 5.26239 5.19949 5.01683 6.40548 5.43105 5.28049 4.61347 4.58144 5.08455 4.51065 5.63915 5.94844 5.60547 7.54553 8.9512 5.48795 4.78305 4.47882 6.10006 5.49739
threshold=0 0.12026400937753538 8.8994888908651575 9.5000000000000018 6.0582051568667579 0.019252190649319972 0.090540977275955309 0.087788373279429469 1.4774819087745292 4.5861220968588743 0.061954327292880772 0.021758676617135073 6.089113424672175 2.2462589355617388 0.03167968458758897 8.0418720122037612 1.2080281398298427 0.0093537259696931229 0.054335246482024223 4.9439370330210943 0.073596204394008519 0.013028748303036982 0.92501269064344183 -0.58791918172702007 -0.21284904399688617 0.011054837790527202 1.0980292780520677 -0.42926632137327581 -0.85185120511733159 0.023708290480182661
decision_type=1 2 2 2 2 2 2 2 2 2 2 2 2 2 2 2 2 2 2 2 2 2 2 2 2 2 2 2 2 2
left_child=2 16 3 4 -1 6 8 9 17 10 -7 12 13 14 15 -8 19 -6 -19 20 21 -2 23 -21 25 -25 -23 28 -12 -30
right_child=1 -3 -4 -5 5 7 11 -9 -10 -11 27 -13 -14 -15 -16 -17 -18 18 -20 22 -22 26 -24 24 -26 -27 -28 -29 29 -31
leaf_value=0.019487290516873021 -0.0093983275712308419 0.026724499182006773 0.019315712159840206 0.037835759154978034 -0.012432800788406148 -0.018292690473372012 0.13467474294953743 0.030826437226555918 -0.016378475629565407 -0.022105517053777352 0.0016053016869349121 -0.024164414493967203 -0.022890604643302601 -0.016692240190645472 -0.002425217791263761 -0.0077237311347474495 -0.011510294120505924 0.12109474361633286 -0.01098465255663311 -0.023217814403537949 -0.023837297561105215 0.08907496220421178 -0.020323848067236493 -0.011125450182094305 0.0065775489095530309 0.11932103869196298 -0.014698883416843169 -0.0098971287560573346 0.0030166481133034571 0.14924425278536466
leaf_weight=14.095895407488568 1.6793010178953434 7.301019672304391 55.052686487790197 7.4863758124411097 0.4462235141545533 4.2945209322497231 1.0581499168183643 4.5939323310740283 0.83526827744208265 38.476388764102012 1.527150218375027 6.305633902316913 1.7139060529880223 1.2972315179649738 0.92679720418527711 0.39259179215878237 105.16528232279234 1.7059993431903424 0.37507582153193642 3.9542833890300244 1.5694274271372703 3.0766777561511849 12.412361477501689 0.44952311529777933 5.0454032737761754 1.5050908892881123 0.55111870914697636 1.7092354432679711 0.62563925841823242 0.49510251102037728
leaf_count=1272 262 629 3238 193 70 485 146 498 109 5452 132 939 227 171 105 55 19012 181 60 721 304 455 2331 77 820 226 83 174 51 65
internal_value=0.00189519 -0.00527829 0.0087782 0.00305253 -0.000590055 -0.00505303 0.0155251 -0.0112244 0.0606382 -0.0158788 0.0112345 -0.00120159 0.0252451 0.0477897 0.0774978 0.108712 -0.00757404 0.0835191 0.101451 0.00604388 0.0322352 0.0499674 -0.00267049 0.0173594 0.0403183 0.0957091 0.0735404 0.0383195 0.0636248 0.107528
internal_weight=286.123 142.709 143.414 88.3611 80.8747 66.7788 15.0569 51.722 3.36257 47.128 8.65165 11.6943 5.38868 3.67477 2.37754 1.45074 135.408 2.5273 2.08108 30.2432 6.87652 5.3071 23.3667 10.9543 7.00002 1.95461 3.6278 4.35713 2.64789 1.12074
internal_count=38543 24920 13623 10385 10192 8920 2063 6857 420 6359 907 1643 704 477 306 201 24291 311 241 5279 1104 800 4175 1844 1123 303 538 422 248 116
cat_boundaries=0 1
cat_threshold=976
is_linear=0
shrinkage=0.04


Tree=105
num_leaves=31
num_cat=2
split_feature=18 25 4 17 7 9 18 22 18 26 22 1 6 26 26 25 22 22 2 5 23 23 18 26 24 1 23 18 5 22
split_gain=6.89133 7.60325 6.05003 4.42952 4.51485 7.11867 10.0022 10.4685 8.33589 4.81973 7.06038 5.95007 4.94176 8.82825 13.6406 10.8379 4.54131 4.08022 3.90794 4.01659 4.32692 4.9251 7.36343 6.49862 7.3918 6.31313 6.05382 5.11483 6.44559 4.83832
threshold=4.3462688871763069 0.63750947092527643 18.500000000000004 9.5000000000000018 0 -0.85603030165724092 7.1793189330384104 0.063173966308420967 6.4481108791122539 0.0020501932247135881 0.032750563001702405 -0.26260652682642621 1 0.029087487463369251 0.052006759337539871 0.11589477638006114 0.013332325101566832 0.10383161963885194 0.01066191427878471 1.0887834180460001 0.0018960805900847496 0.0212832265758198 5.9554119118250926 0.020953001571603076 0.054803483753103212 2.0001107658256259 0.0085060312418295623 7.2967153315401108 0.84319513897803822 0.090499198536096156
decision_type=2 2 2 2 1 2 2 2 2 2 2 2 1 2 2 2 2 2 2 2 2 2 2 2 2 2 2 2 2 2
left_child=-1 2 3 4 5 6 7 8 -2 10 -6 -12 13 -11 15 -15 -7 -13 -14 20 -20 22 23 -22 25 26 -25 -24 -29 -30
right_child=1 -3 -4 -5 9 16 -8 -9 -10 12 11 17 18 14 -16 -17 -18 -19 19 -21 21 -23 27 24 -26 -27 -28 28 29 -31
leaf_value=0.027201373878798948 0.0048899929739253199 0.031045706025350967 0.032171160871471947 0.02512771397976132 -0.024585386106010191 0.044538511787386013 -0.019412303946366255 -0.015038350582313542 0.15274065122263267 -0.020844542646987735 -0.018931086590787963 0.095892177543543372 -0.028461735347614505 0.16984291858818401 0.0045009412501823649 0.023162177466202794 -0.012142026973571951 -0.010385740292424412 -0.030901341006737981 -0.013332409457501143 -0.013415291611657068 -0.0076286281990470941 -0.0065105114432520862 0.0093648129265964022 -0.016268069654298882 0.0001171692925535623 0.15991023487410347 0.00047510536967793412 0.06104488099421522 -0.017799738613568806
leaf_weight=15.338539156131445 0.87651750119403349 11.389985104091464 7.4934700243175021 8.1818378977477533 1.9807857107371081 1.9147613081149746 1.6802973591256885 1.0108618633821604 1.6957966459449378 4.949512191116809 0.88303494313731823 2.2820833623409276 12.803787409095092 0.90358001249842201 6.4720991321373731 2.0582415121607482 9.0963674185331893 0.48112923908047367 6.5126056368462732 76.893016451736912 1.4938518675044168 56.382139263674617 28.928082031430677 0.69238014612346965 0.82029033312574018 0.79865188454277802 1.2122640581801531 11.073783976724373 5.7156756769400081 1.0561958472244439
leaf_count=450 108 609 262 221 271 211 228 129 142 610 135 204 2162 114 816 280 1111 69 964 13087 164 8860 4460 115 108 57 184 1494 643 174
internal_value=0.00198133 0.000440618 -0.0010346 -0.00215927 -0.00318706 0.0126818 0.0540695 0.0852452 0.117832 -0.00474144 0.0287326 0.0567545 -0.00594502 0.0119669 0.0409986 0.0994858 0.000601839 0.0795447 -0.00747635 -0.00632154 -0.00154638 0.000487802 0.00930083 0.0509777 0.0752082 0.0998633 0.127249 0.00385666 0.0201157 0.0480396
internal_weight=283.072 267.733 256.343 248.85 240.668 16.2746 5.26347 3.58318 2.57231 224.393 5.62703 3.64625 218.766 14.3834 9.43392 2.96182 11.0111 2.76321 204.383 191.579 114.686 108.173 51.7912 5.01744 3.52359 2.7033 1.90464 46.7737 17.8457 6.77187
internal_count=38442 37992 37383 37121 36900 1929 607 379 250 34971 679 408 34292 1820 1210 394 1322 273 32472 30310 17223 16259 7399 628 464 356 299 6771 2311 817
cat_boundaries=0 1 2
cat_threshold=4 704
is_linear=0
shrinkage=0.04


Tree=106
num_leaves=31
num_cat=0
split_feature=17 14 22 18 15 8 14 19 2 19 1 1 14 1 25 9 18 1 20 11 17 8 18 18 19 17 19 1 14 23
split_gain=9.34275 7.31277 6.87689 4.7055 6.82485 7.58523 6.39678 5.28345 7.90485 5.1045 6.17499 6.30192 5.38876 5.0449 6.72846 5.38032 4.82371 4.76615 4.75618 4.51597 4.4781 5.34472 4.76882 4.45223 4.13768 3.98754 3.97688 5.52794 7.81111 7.83999
threshold=7.5000000000000009 0.45940432964303174 0.46597771892742823 7.3441873263908226 1.4690503949924267 -0.65725403711581809 0.0025419795798415899 6.301665891136099 0.087128688489726089 6.6336536479397843 -0.38258213130664659 -0.17340169665154478 0.068712918026062039 -1.1195390982071902 0.41264826209786482 -0.9718374344594034 7.6091750707130101 -1.4569907251580647 1.0000000180025095e-35 6.6097017465552339 1.5000000000000002 0.064826506980405194 6.8935346805665718 7.2432533565602837 5.9366859380092185 1.5000000000000002 4.1623143019034776 -0.17340169665154478 0.047758606059974597 0.0089956105154855841
decision_type=2 2 2 2 2 2 2 2 2 2 2 2 2 2 2 2 2 2 2 2 2 2 2 2 2 2 2 2 2 2
left_child=1 2 3 9 5 7 16 8 19 23 -11 25 20 17 -15 -16 -6 -7 -8 -5 -13 22 -22 26 -20 -12 27 -1 -29 -30
right_child=-2 -3 -4 4 6 13 18 -9 -10 10 11 12 -14 14 15 -17 -18 -19 24 -21 21 -23 -24 -25 -26 -27 -28 28 29 -31
leaf_value=-0.022793566932009485 0.033194909624780847 0.028806703900242328 0.034362296119005306 0.10580393489912103 0.096990975327861911 -0.015980292689316059 -0.0099389806004791977 -0.0052907820679952465 0.012676641069167507 -0.025274284039855932 0.11003769435260573 0.0032511036344926524 -0.017466461793727309 -0.016327129690912264 0.10610825704094726 -0.011949271186782094 -0.013475747083679655 0.090360929640419821 0.048677583062893631 -0.0093612365063737591 0.02192844633047281 -0.003935965393024393 0.11862072309744934 -0.031508902292764887 -0.018150294791514834 -0.0055583920564445215 -0.0088940837377135314 -0.0068208437565489425 -0.015462579351656621 0.08863762321427418
leaf_weight=3.831239619757981 13.495999742299317 12.607494339812545 7.3839361369609824 3.6852490887977201 0.74552341457456239 0.65822850773110986 44.414460590807721 2.1974951175507158 3.6147657549008727 5.0712192575447288 0.86402065656148497 6.575364245567469 5.8414775442797682 12.043505781562994 0.43162530357949436 0.77058530342765219 0.6546984517481178 0.83818653225898809 3.4229229106567791 0.44228900270536531 2.2214777427725498 1.8536955891177056 1.1976049195509402 11.763251919066532 1.5885489282663909 0.51823107129894197 125.0056907448452 4.682346762856465 1.2316286000423131 3.2247336553409696
leaf_count=742 400 467 260 426 76 119 6641 256 432 997 146 855 859 1732 42 89 84 90 405 59 200 157 120 1999 208 72 19207 609 192 520
internal_value=0.00191306 0.000228869 -0.0012806 -0.00246893 0.00581807 0.0226302 -0.00262527 0.0478801 0.0618505 -0.00608025 0.0106769 0.0210193 0.0120507 0.00364552 -0.00577106 0.0593722 0.0612451 0.0559207 -0.00561337 0.0940444 0.0268303 0.0510287 0.0749756 -0.00883499 0.0279988 0.0825579 -0.00668909 0.0136782 0.0297084 0.0623059
internal_weight=282.877 269.381 256.774 249.39 75.5081 24.6819 50.8262 9.9398 7.7423 173.882 24.1431 19.0719 17.6896 14.7421 13.2457 1.20221 1.40022 1.49642 49.4259 4.12754 11.8481 5.27278 3.41908 149.739 5.01147 1.38225 137.976 12.9699 9.13871 4.45636
internal_count=38461 38061 37594 37334 10659 3245 7414 1173 917 26675 3406 2409 2191 2072 1863 131 160 209 7254 485 1332 477 320 23269 613 218 21270 2063 1321 712
is_linear=0
shrinkage=0.04


Tree=107
num_leaves=31
num_cat=0
split_feature=4 25 17 4 8 5 15 11 2 13 9 24 14 14 25 0 0 18 26 11 19 8 9 9 24 2 24 14 11 26
split_gain=7.60624 7.07018 5.75029 5.81832 6.12905 6.76418 8.17943 7.26452 5.30336 5.24604 5.02236 8.00822 6.72971 7.6581 4.76645 4.68093 5.08686 4.3904 4.17787 4.36622 4.17197 3.45672 7.02248 6.47662 6.15753 6.38973 5.59968 4.42221 5.84445 7.11275
threshold=3.5000000000000004 0.45541249411774914 2.5000000000000004 13.500000000000002 0.72493530529761341 0.98715597572562586 1.994624166128002 5.2040824848906775 0.097301913241986018 1.0000000180025095e-35 -0.95180164000081247 0.020091283316608848 0.090359349470491915 0.13359095648540167 0.36764843052971513 8.1901364004773871 5.7853176581227155 7.5236195799707097 0.01688978530310058 5.3095272471606867 6.9619271038975867 -0.39807897423921984 -0.84808990315022348 -0.87786832340675269 0.033759971772372284 0.17509357554583291 0.009491412976912186 0.093325466475688276 4.7395180843150007 0.031691218654746924
decision_type=2 2 2 2 2 2 2 2 2 2 2 2 2 2 2 2 2 2 2 2 2 2 2 2 2 2 2 2 2 2
left_child=1 9 3 4 8 -6 -7 -8 18 21 11 -10 17 -14 -9 16 -3 -13 19 -2 -20 22 23 -1 25 26 -25 28 29 -24
right_child=2 15 -4 -5 5 6 7 14 10 -11 -12 12 13 -15 -16 -17 -18 -19 20 -21 -22 -23 27 24 -26 -27 -28 -29 -30 -31
leaf_value=-0.0012984048114224116 0.045120093019570977 0.057669333743813098 0.026526997817253328 0.036430904467228908 -0.0027805609588510915 -0.0052819987457544326 -0.0019188300233734109 0.1589838078586582 -0.016751611091730123 0.020243920473628392 -0.0014036288401469 -0.023913218963213138 0.17141694088952636 0.00056144971393865461 -0.0033273027801072196 0.029458352678299039 -0.020070037119127079 0.062701415526227863 -0.029726185635151326 -0.014456789459704347 0.029653834213597085 -0.012982860217762477 0.069456230674559388 0.0073404414960272588 -0.0041076316680315906 -0.0099106537528503274 0.15295454297923911 -0.023724587229882181 -0.0056222560468744244 -0.0036578844939227162
leaf_weight=4.735437203431502 2.3348662594798979 0.63515129522420721 27.962670605396852 7.3161593414843074 4.7837850179057551 1.6321901311166587 0.76881036558188531 1.045637398259714 2.084667110117155 11.023738136980681 18.721746689407155 1.4371789344586439 0.51044609071686842 0.59040679386816919 0.29023819160647679 16.003335912246257 6.9155108167324215 0.56790327955968667 19.583101889351386 3.9765757920686156 1.2901503087487061 78.77146268542856 3.0095795230008653 0.66350097255781193 1.3563307723961768 0.59052315959706891 1.0683662560768423 15.113522091414778 41.004386941436678 4.3378906161524355
leaf_count=819 272 98 1516 266 538 272 89 149 259 1145 2314 234 42 48 36 786 1071 58 2958 570 207 13166 495 88 203 69 146 2737 7035 749
internal_value=0.00246917 -0.00225381 0.0116153 0.00508697 0.000702969 0.0302028 0.0640998 0.102276 -0.00470158 -0.00526233 0.00885034 0.0400873 0.0730255 0.123668 0.137392 0.01777 -0.00755105 0.0133204 -0.0165133 0.0107399 -0.0248681 -0.0072499 -0.000875326 0.0314088 0.0647901 0.0941532 0.120276 -0.00557634 0.0004621 0.0310232
internal_weight=280.125 185.229 94.8965 66.9339 59.6177 8.52066 3.73688 2.10469 51.097 161.675 23.9123 5.1906 3.10594 1.10085 1.33588 23.554 7.55066 2.00508 27.1847 6.31144 20.8733 150.651 71.8795 8.41416 3.67872 2.32239 1.73187 63.4654 48.3519 7.34747
internal_count=38435 28607 9828 8312 8046 1084 546 274 6962 26652 2955 641 382 90 185 1955 1169 292 4007 842 3165 25507 12341 1325 506 303 234 11016 8279 1244
is_linear=0
shrinkage=0.04


Tree=108
num_leaves=31
num_cat=0
split_feature=13 3 25 5 19 18 14 26 14 19 5 2 11 4 4 4 18 5 23 2 18 18 5 5 17 5 25 17 14 25
split_gain=6.8449 5.85694 5.97157 3.73992 3.97077 4.02447 3.89208 4.73787 3.83737 3.88194 10.7617 9.06004 7.00987 4.65796 3.69065 3.65698 3.55724 5.68368 8.97898 7.17422 6.42361 4.54042 4.74002 7.39588 8.58644 6.86872 9.02836 5.75683 4.75153 4.67766
threshold=1.5000000000000002 5.5000000000000009 0.63750947092527643 1.8245359080987567 6.5967045139034193 5.5577499104480088 0.05360484675001196 0.032850507533100558 0.068712918026062039 6.9619271038975867 0.91016752140927448 0.15419198590965746 4.7140014000479722 3.5000000000000004 6.5000000000000009 4.5000000000000009 7.3441873263908226 1.4886397759114292 0.024159336221652151 0.083545670632959201 7.8261110574813069 7.6470957120475971 1.0726299393644545 0.91552357517545035 1.0000000180025095e-35 0.50482284382949671 0.18256179510906634 1.5000000000000002 0.097253449227965236 0.088221223466485935
decision_type=2 2 2 2 2 2 2 2 2 2 2 2 2 2 2 2 2 2 2 2 2 2 2 2 2 2 2 2 2 2
left_child=1 2 3 4 5 6 7 -1 9 10 11 12 -6 -11 -5 -10 -7 21 19 20 -19 22 23 25 -25 26 -18 -28 -26 -23
right_child=-2 -3 -4 14 8 16 -8 -9 15 13 -12 -13 -14 -15 -16 -17 17 18 -20 -21 -22 29 -24 24 28 -27 27 -29 -30 -31
leaf_value=-0.008493015764994484 0.035828195378347603 0.032852654941536746 0.029772824770654585 -0.019307489667658249 -0.0042693583030009022 -0.0066272675323848576 -0.0044136648978601433 0.047991233842592268 -0.015568073631888793 -0.010444541678630659 -0.0044117960072332391 -0.0091481716567828383 0.12298559322801868 0.040245789178831787 0.03122575044523742 0.031134329560635294 -0.016856812880804317 0.12616221880278158 -0.015236084070076289 0.00011824756201232915 -0.012793643918454793 0.019909884622554313 -0.017035743701359445 -0.020669542958496039 0.11217046619770575 -0.0085214998954446907 0.1115020231194553 -0.012153482829968244 0.0050488916536192766 -0.020692531029540079
leaf_weight=2.9832030462566781 9.0798918064683658 8.6415292806923372 10.124112873803822 22.665280059212822 0.7574081332422814 117.16416039178148 7.7459296442102632 7.108152937842533 9.3998123845085484 7.7852630037814361 4.5265466109849513 1.3519762426149098 3.0261255404911935 3.3684424492530525 1.6639863497111935 2.6261466993018976 1.813702449901039 1.8786364309489725 2.7616019514389336 1.5776743586175141 0.44273853790946294 5.0054247931111631 6.2247845854144535 1.1286219381727267 2.2323794357944284 12.330917327897621 1.6934687413740905 0.54229237744584669 0.95637460541911412 19.043078608810902
leaf_count=243 275 322 590 4142 81 19193 643 388 1497 1129 665 147 392 318 74 223 200 222 441 214 64 667 1060 177 295 1718 150 67 103 2743
internal_value=0.00346029 0.00223714 0.00109729 -0.000178951 0.00145204 -0.000764072 0.0168118 0.0320331 0.0140891 0.0241022 0.0414324 0.0759735 0.101944 0.00691586 -0.014755 -0.00376229 -0.00264306 0.00543165 0.0375569 0.0704263 0.103788 0.000591803 0.0116727 0.0206939 0.0617706 0.00693618 0.0463718 0.0870222 0.0889179 -0.0117841
internal_weight=277.65 268.57 259.928 249.804 225.475 192.633 17.8373 10.0914 32.8417 20.8158 9.66206 5.13551 3.78353 11.1537 24.3293 12.026 174.796 57.6317 6.66065 3.89905 2.32137 50.971 26.9225 20.6978 4.31738 16.3804 4.04946 2.23576 3.18875 24.0485
internal_count=38443 38168 37846 37256 33040 28588 1274 631 4452 2732 1285 620 473 1447 4216 1720 27314 8121 941 500 286 7180 3770 2710 575 2135 417 217 398 3410
is_linear=0
shrinkage=0.04


Tree=109
num_leaves=31
num_cat=1
split_feature=23 6 1 11 11 18 1 19 26 19 26 2 11 25 23 18 26 2 5 25 4 1 0 24 3 24 1 26 2 9
split_gain=6.83085 7.39616 5.76777 5.66112 10.0968 8.21322 6.18992 6.36226 5.97263 5.67388 5.54175 5.16224 4.90651 4.83597 4.48556 4.6058 8.04458 5.13093 4.45095 4.43914 4.43348 4.6745 11.4601 10.4356 10.5177 9.25053 5.76298 4.49943 11.6878 5.56595
threshold=0.087788373279429469 0 0.08073008299568081 5.1907506720170735 5.0966992448788613 6.1096463774255403 0.92905862190294675 5.551823938118936 0.058055246685975205 5.3266891707838067 0.078129191416379626 0.43224372028274155 0.89624446023949622 0.021256930781233866 0.027355663017313635 7.0076675798607573 0.013234965048668569 0.069215382448627197 0.8965023262259314 0.15359671558912599 5.5000000000000009 -1.0523765166162617 7.4141191140448397 0.012346322534777398 1.0000000180025095e-35 0.032976799534794453 -0.34213381883014987 0.0054226810213526509 0.044582419589793275 -0.9985731413822142
decision_type=2 1 2 2 2 2 2 2 2 2 2 2 2 2 2 2 2 2 2 2 2 2 2 2 2 2 2 2 2 2
left_child=1 11 -2 4 5 8 7 10 9 12 -6 20 -3 -7 15 -5 17 -17 -19 -13 21 22 23 -1 25 -25 -23 28 -28 -29
right_child=2 3 -4 14 6 13 -8 -9 -10 -11 -12 19 -14 -15 -16 16 -18 18 -20 -21 -22 26 -24 24 -26 -27 27 29 -30 -31
leaf_value=-0.02384983341727414 -0.012655209488929188 -0.002753641019634003 0.030671647905432191 -0.018959847246984813 0.15834089208475743 0.056622545912393372 -0.016929382587242407 0.002244418166833604 -0.015175407190179811 0.003293022062328232 -0.0085053315169787078 -0.021139306232546017 0.14323326745396683 -0.014946673195867597 -0.027187231610620359 -0.0036048878524225277 -0.007808382195006857 0.0070147044771352541 0.096528849228538507 0.029747673045401664 0.017264292400331553 -0.028455996873804679 -0.024429340919671721 0.15996892777497934 -0.019342801397021849 0.02130252518789769 0.087947563775160123 0.044497433224688708 -0.018580732210059667 -0.0055199495821780407
leaf_weight=1.4542221615556608 5.7654804901685592 0.41904748044908735 20.449237739201635 23.818867835681885 0.81378664262592726 0.63300276780501263 0.72440852154977609 0.88699360005557526 1.3477841026615349 1.2194707547314463 0.2680514978710562 2.4372023341711637 0.75854279845952988 24.112183248857036 26.509072123561054 2.3657220345921841 18.883045303635299 1.5113963608164342 1.9552739842329172 19.641459064325318 25.350706269964576 12.410312023013828 4.0148752746172249 1.593656439566985 0.92504497710615385 1.598691622726619 2.1030663058627388 2.76842624740675 2.9168090685270727 64.325676121516153
leaf_count=262 1059 50 1662 4355 153 64 141 176 216 213 59 285 123 4163 5390 298 3459 178 220 929 1145 2347 723 196 166 272 192 305 386 9190
internal_value=0.00200536 -8.37204e-05 0.0210278 -0.00763248 0.00584866 -0.00214392 0.0680848 0.094531 0.0462933 0.0751482 0.132773 0.005729 0.113876 -0.0109876 -0.0142413 -0.00676427 0.00526915 0.0425551 0.0678102 0.0234578 0.00276045 -0.0012869 0.0238025 0.0569867 0.0846187 0.112172 -0.0043775 9.87608e-05 0.0332449 -0.00283298
internal_weight=273.982 247.767 26.2147 106.227 31.1833 28.49 2.69324 1.96883 3.74485 2.39706 1.08184 141.54 1.17759 24.7452 75.0434 48.5343 24.7154 5.83239 3.46667 22.0787 119.461 94.1108 9.58649 5.57162 4.11739 3.19235 84.5243 72.114 5.01988 67.0941
internal_count=38377 35656 2721 19258 5358 4829 529 388 602 386 212 16398 173 4227 13900 8510 4155 696 398 1214 15184 14039 1619 896 634 468 12420 10073 578 9495
cat_boundaries=0 1
cat_threshold=968
is_linear=0
shrinkage=0.04


Tree=110
num_leaves=31
num_cat=0
split_feature=0 15 16 18 3 17 22 23 5 5 24 9 15 1 9 23 2 24 2 5 5 1 5 26 11 24 2 5 18 15
split_gain=6.6725 6.94329 6.71745 7.10626 5.61183 5.87179 5.72717 5.45863 5.16443 7.38856 14.7437 8.75223 10.0045 6.3504 6.0854 5.46175 5.11388 4.81959 5.20539 4.8925 4.99813 4.40174 4.50221 4.22037 6.02238 5.80601 5.70772 5.08287 3.9662 5.52479
threshold=8.9542948057105747 2.7889329263186915 1.0000000180025095e-35 6.0189409728372887 5.5000000000000009 9.5000000000000018 0.019582241611913055 0.10469718821354142 1.5285049822493235 1.2110040533084243 0.062882368332307023 -0.029297084880469167 1.7991349995571622 -0.47782847919516908 2.9621597756810043e-05 0.056523843431673985 0.083545670632959201 0.031851753621718243 0.020195489741601413 0.929851125455467 0.4388645077040319 0.16637955634257981 0.79854466806558533 0.0060386018415424696 5.7334139097431969 0.03151628301441993 0.11133678507562271 0.88231118205031367 5.5577499104480088 1.6904255340801111
decision_type=2 2 2 2 2 2 2 2 2 2 2 2 2 2 2 2 2 2 2 2 2 2 2 2 2 2 2 2 2 2
left_child=4 2 3 -2 5 6 8 23 9 15 11 -11 -13 -12 -15 17 21 18 -1 20 -20 -9 -23 24 25 26 27 -8 29 -25
right_child=1 -3 -4 -5 -6 -7 7 16 -10 10 13 12 -14 14 -16 -17 -18 -19 19 -21 -22 22 -24 28 -26 -27 -28 -29 -30 -31
leaf_value=-0.025381627464196827 0.028169995912713151 0.036766335539066504 0.015545641620433906 -0.023482673145823699 0.027714070981839124 0.030979755818926043 0.0007689545302570533 -0.0080789230410212871 -0.021539412274314631 -0.023068175743310583 -0.0097590341671967892 0.12830566766062212 -0.017264964761138465 0.1821793035155311 -0.0049299489839013952 -0.029170787742762244 -0.012798065717290643 -0.0083432996338089743 -0.01994861201515984 -0.0018381106685577929 0.059548184545159762 0.10577025595181645 0.010905417579763946 0.048457215591668143 -0.019567804703386323 -0.01122849236391237 -0.015426902474125384 0.10865833403600243 -0.015974243678683595 -0.012644519002257356
leaf_weight=2.0304706804454389 4.6118273152969804 12.578805737197397 35.229479610687122 17.646889878669754 7.9910022150725117 6.1677037589251986 0.93760432302951713 1.4785483202431331 7.9614439008291802 4.0004206222947687 0.31521925097331394 0.66134498361498018 1.0071969681885091 0.80963893281295873 0.26774333557114005 5.6753027180675408 3.7023745018523186 11.125641816528512 0.97904646559618225 4.0970149158965787 7.9382092312444001 1.2289955839514735 1.6528681020718066 2.875053755939005 5.0363447705749422 2.4264832204207778 0.89229815616272379 1.9166878124233333 114.45518895355053 5.3122928177472204
leaf_count=314 409 725 1788 3011 310 184 115 256 1518 680 55 96 173 111 46 908 444 1835 153 624 1168 79 160 336 795 368 118 188 20801 516
internal_value=0.000459748 0.011013 0.00484571 -0.0120296 -0.00321996 -0.0046229 -0.00594317 -0.00993065 0.00608583 0.0121368 0.0463618 0.00947002 0.0668926 0.129814 0.155691 0.00336714 0.0203565 0.0112372 0.0253346 0.0344938 0.0496886 0.0456435 0.0681869 -0.0118925 0.0108627 0.0349565 0.0609322 0.0826124 -0.0140433 0.0117508
internal_weight=273.009 70.067 57.4882 22.2587 202.942 194.951 188.783 141.915 46.8687 38.9072 7.06156 5.66896 1.66854 1.3926 1.07738 31.8457 8.06279 26.1704 15.0447 13.0143 8.91726 4.36041 2.88186 133.852 11.2094 6.17307 3.74659 2.85429 122.643 8.18735
internal_count=38284 5933 5208 3420 32351 32041 31857 24176 7681 6163 1161 949 269 212 157 5002 939 4094 2259 1945 1321 495 239 23237 1584 789 421 303 21653 852
is_linear=0
shrinkage=0.04


Tree=111
num_leaves=31
num_cat=0
split_feature=13 2 25 3 18 14 2 1 14 1 11 25 24 3 2 2 23 8 8 26 14 22 14 8 11 2 2 23 1 1
split_gain=6.41291 7.20014 8.98722 6.9714 5.74 5.1375 6.52079 6.94853 5.3476 5.00241 4.97766 5.19836 5.39642 7.99671 5.91653 13.5159 11.3766 10.2416 10.1211 8.40226 7.4326 6.59863 6.11505 7.30936 7.26444 6.07242 8.61261 6.038 6.77128 5.96877
threshold=1.5000000000000002 0.21534725436248517 0.086930628886028399 5.5000000000000009 5.2294131744341534 0.066784406854632411 0.23944584057642324 0.92905862190294675 0.087731618367181033 3.3806791124066096 5.5941356765428996 0.021256930781233866 0.032241012591655328 1.0000000180025095e-35 0.14201013402719873 0.11015134880554424 0.015380545419208658 0.31090778884636022 -0.88237654393143439 0.030224321051002506 0.015679088606486209 0.025928890746389575 0.040472184270554164 0.064826506980405194 4.7140014000479722 0.075974902668812766 0.039293946680785112 0.0098832328431727647 0.13146246906915623 0.79862249260391016
decision_type=2 2 2 2 2 2 2 2 2 2 2 2 2 2 2 2 2 2 2 2 2 2 2 2 2 2 2 2 2 2
left_child=1 3 -3 4 -1 -4 7 8 -7 10 11 -6 13 14 15 19 -17 18 -18 20 21 -13 -22 24 -24 26 -26 28 -21 -20
right_child=-2 2 5 -5 9 6 -8 -9 -10 -11 -12 12 -14 -15 -16 16 17 -19 29 27 22 -23 23 -25 25 -27 -28 -29 -30 -31
leaf_value=0.01812914590252479 0.035074206165348717 -0.027509083631187221 0.0060354325502905764 0.032013114327069124 0.055483657041671547 -0.010168150073029484 0.022533063674519106 -0.013781406066062497 0.13564763306405297 -0.035478896084494983 -0.01076630075768715 -0.012471550839248729 -0.01171843889306139 -0.018612791741973386 -0.019603551617105971 -0.0056718275201636994 -0.010743106947222967 -0.013453501490101043 0.22029005913098121 -0.024424773539610076 -0.028053690873031303 0.13292131139356028 -0.0071629144764099274 -0.024148589456040526 0.0034335198054315564 -0.013152621072198454 0.1584701204294765 -0.022068134895406884 0.06588920063842621 0.017378911730851581
leaf_weight=15.709577462868763 8.0387375410646182 6.80992681486532 26.568304521497339 7.8256749361753455 1.8967892287764687 0.32653371780179741 23.13678212906234 0.64873587596230198 1.3473792232107369 8.0200506479013693 96.904049298260361 0.44837423530408127 30.596643542638049 10.657099688425658 4.3679940095171323 1.315886601340025 0.36445991415530476 0.50085822376422573 0.99511448876000919 1.546700326027348 2.2741747945547104 1.0737174861133096 1.4113456269260498 1.499487724388018 0.83589959866367358 0.4768128644209354 1.2043369766324756 9.9483127603307349 2.2653716607019305 0.47071250155568123
leaf_count=852 262 1046 2800 309 179 52 1797 94 170 805 17263 74 5557 1855 756 229 77 86 145 321 387 136 228 285 144 74 130 1835 305 64
internal_value=0.00194836 0.000800079 0.0129956 -0.00278792 -0.00434246 0.018716 0.0312207 0.0849341 0.114038 -0.00640355 -0.00484204 0.00294041 0.000822456 0.0100925 0.0202341 0.0272411 0.0897514 0.129149 0.159137 0.0139939 0.0414993 0.102129 0.0191584 0.0402263 0.0647125 0.0955918 0.116973 -0.00600653 0.0317847 0.188603
internal_weight=269.486 261.447 58.8377 202.609 194.784 52.0277 25.4594 2.32265 1.67391 179.074 171.054 74.1501 72.2533 41.6567 30.9996 26.6316 3.64703 2.33115 1.83029 22.9845 9.22415 1.52209 7.70206 5.42788 3.9284 2.51705 2.04024 13.7604 3.81207 1.46583
internal_count=38317 38055 5959 32096 31787 4913 2113 316 222 30935 30130 12867 12688 7131 5276 4520 601 372 286 3919 1458 210 1248 861 576 348 274 2461 626 209
is_linear=0
shrinkage=0.04


Tree=112
num_leaves=31
num_cat=2
split_feature=2 18 4 6 0 18 18 22 24 24 0 24 0 8 2 6 2 1 25 8 15 24 25 19 18 2 4 4 18 8
split_gain=5.92137 6.26499 5.25339 3.9711 3.87268 3.62981 4.24316 3.93824 3.8474 6.83128 4.28533 7.58925 6.82705 6.32532 5.6112 3.80734 5.59121 8.00746 10.1865 8.00527 7.27321 6.15001 5.89142 5.67063 5.57383 5.42697 7.2466 5.04274 6.07232 5.17844
threshold=0.48470069411158639 4.3462688871763069 18.500000000000004 0 10.929176906130165 7.4300864317824518 7.5319669120737922 0.094512206762835518 0.014549337990332993 0.0011214031048030349 6.9609416765108065 0.015901777053784129 7.2379971649374975 0.20438448389257702 0.041078983582988136 1 0.12635022124435805 -0.14709367479391972 0.13213792104999847 -0.88237654393143439 2.5664473083645185 0.0057817805855438298 0.1696740765728009 4.4474451432556998 6.412914106124302 0.23944584057642324 3.5000000000000004 4.5000000000000009 6.1096463774255403 -0.86363663429908655
decision_type=2 2 2 1 2 2 2 2 2 2 2 2 2 2 2 1 2 2 2 2 2 2 2 2 2 2 2 2 2 2
left_child=1 -1 5 4 -2 15 -7 8 9 -8 11 -10 13 14 -12 16 17 18 19 -3 23 22 -19 -21 -25 -18 -27 28 -17 -29
right_child=3 2 -4 -5 -6 6 7 -9 10 -11 12 -13 -14 -15 -16 27 25 21 -20 20 -22 -23 -24 24 -26 26 -28 29 -30 -31
leaf_value=0.024255950308200772 -0.024521230307021146 -0.017802795887808382 0.030556141036159574 0.022120017165954436 0.022205477557356624 0.023525952597244548 0.051104946146630179 -0.026858604384395243 0.076393369317982962 -0.027020559555370149 -0.010555759823640707 -0.026043366497799321 0.010495540549473348 -0.016308106733820604 0.12403751648143883 0.006625739268522537 -0.033506403053812236 -0.019935675212018597 0.0073400727430528194 -0.0087672305627511504 -0.011279762972736633 -0.015223720644475681 0.081647055086287196 0.01027297935049442 0.15929989151752724 -0.014632105597263701 0.066042221477916718 -0.027093539271836997 -0.019716747773514988 0.0152514624687721
leaf_weight=13.934254659339784 8.09998652176 0.79422681243158866 6.4468047246336928 20.515134616754953 3.2233724503312251 13.712211155565454 1.198109512683003 6.9442384347785255 0.37223777780309575 9.7254828242585045 0.43801939534023704 6.9381911247037351 15.844310386804862 0.67973243701271702 1.426029891008511 16.586701187072322 8.751415753271429 0.97823361516930285 7.6286733830347657 0.35830288799479681 0.60573165956884611 13.3486559423618 1.3159813708625732 0.6312709215562794 1.9994194011669604 4.6518406469840548 1.6476896689273415 5.0689546670764711 76.12814331217669 18.649516456527635
leaf_count=457 860 163 268 1173 241 1887 158 1237 49 1512 70 1171 2124 118 156 2726 1548 174 1481 68 92 2356 230 117 283 705 196 510 14407 1755
internal_value=0.00137103 -0.000832892 -0.00250284 0.0172893 -0.00579487 -0.0036236 0.0049504 -0.00129283 0.00413997 -0.0148843 0.0124812 -0.0122626 0.0224435 0.0729012 0.0997676 -0.00672116 0.00358544 0.0149039 0.0380974 0.0802757 0.101104 -0.00413296 0.0454298 0.120997 0.136218 -0.0146143 0.0126256 -0.00995765 -0.0149837 0.00547179
internal_weight=268.643 236.804 222.87 31.8385 11.3234 216.423 57.2786 43.5664 36.6221 10.9236 25.6985 7.31043 18.3881 2.54378 1.86405 159.145 42.7114 27.6605 12.0176 4.38895 3.59472 15.6429 2.29421 2.98899 2.63069 15.0509 6.29953 116.433 92.7148 23.7185
internal_count=38292 36018 35561 2274 1101 35293 8482 6595 5358 1670 3688 1220 2468 344 226 26811 7413 4964 2204 723 560 2760 404 468 400 2449 901 19398 17133 2265
cat_boundaries=0 1 2
cat_threshold=24 728
is_linear=0
shrinkage=0.04


Tree=113
num_leaves=31
num_cat=0
split_feature=13 25 4 17 1 9 9 15 22 11 21 4 11 14 11 18 14 1 25 1 19 9 9 18 5 22 19 25 11 14
split_gain=6.62566 5.5997 4.80172 5.03004 3.57898 3.57468 9.22111 5.62074 6.09332 5.93933 5.42429 4.56476 4.85062 3.96805 3.50021 3.37646 2.7894 2.73773 2.60363 9.21648 6.629 5.50073 7.0416 6.47573 11.8117 10.8294 7.13459 5.9669 5.91416 6.82457
threshold=1.5000000000000002 0.63750947092527643 18.500000000000004 9.5000000000000018 2.0632641511959977 -0.48989338390841625 -0.51374193364939524 8.3268884383161197 0.055458173736705564 5.9314034541150233 1.0000000180025095e-35 1.5000000000000002 5.1907506720170735 0.16023435527220867 4.2065502029383319 6.4594392228233408 0.45940432964303174 0.13146246906915623 0.2494930499103932 0.71729709135885167 6.4651429429572085 -0.66463595885465832 -0.65870970337531198 6.9741868188793559 0.74767872478024333 0.05807226902027833 5.9256034922730807 0.24072663566205191 6.3521769631690628 0.014967710539486478
decision_type=2 2 2 2 2 2 2 2 2 2 2 2 2 2 2 2 2 2 2 2 2 2 2 2 2 2 2 2 2 2
left_child=1 2 3 5 -3 6 13 10 -9 -10 16 -8 -13 18 -15 -14 -7 -12 21 -20 -21 23 -23 24 25 26 28 -25 29 -1
right_child=-2 4 -4 -5 -6 7 11 8 9 -11 17 12 15 14 -16 -17 -18 -19 19 20 -22 22 -24 27 -26 -27 -28 -29 -30 -31
leaf_value=-0.012074640748542411 0.035013214036868856 -0.013084952379892227 0.030732740391894157 0.031033884241873661 0.040036580452022824 -0.013627600846039572 -0.016696360230626286 -0.012190573610377292 0.11743980676953278 -0.013849489723224449 -0.019372243203116059 -0.010008615075403507 0.0052256646694875102 0.016066728857558311 -0.032191664818625107 0.11627769577858019 0.02248904921310273 0.041275991417939049 -0.025871617913315947 -0.0019477703447588356 0.048919432927423484 0.10933966548843545 0.017020138353122122 -0.01426893537050997 -0.0025556880436735682 -0.0056614880416528722 0.010640032298752648 0.055875438494685174 0.0016666062632887085 0.13095336888262429
leaf_weight=0.4276997076812975 8.2229200806468707 2.1042805286124331 6.5405301433056584 6.3035367131233206 7.7940653935074806 90.461816847091541 0.70944668981246595 1.7222477872855955 0.772524813422933 0.52402033936232328 0.92586480895988543 0.66208517667837474 0.64551297063007984 2.4630459125619373 9.2830633725970966 1.5772484373301265 2.679714150261133 3.7800272428430617 18.858924888540059 13.995540422853084 4.7555516141001126 0.60405990551225741 11.284947145730269 34.159365660976619 24.965352210681885 4.1744414439890534 2.442891125800088 1.0787963857874263 0.90077215596102167 3.2853878447785974
leaf_count=73 284 255 277 201 349 15216 137 280 110 96 179 89 51 239 1456 160 103 195 3513 1546 344 92 1903 5713 4047 594 328 170 149 427
internal_value=0.00169568 0.00051131 -0.000709498 -0.00167652 0.0285791 -0.00267267 0.00155394 -0.00834219 0.0382882 0.0814519 -0.0101536 0.0572664 0.0750712 -0.0003724 -0.0216057 0.0956557 -0.0123607 0.0280398 0.00185024 -0.00677109 0.0127765 0.00577582 0.02983 0.00141589 0.013122 0.045331 0.0724544 -0.0106389 0.0974579 0.115412
internal_weight=268.106 259.883 249.984 243.444 9.89835 237.14 136.274 100.866 3.01879 1.29655 97.8474 3.59429 2.88485 132.68 11.7461 2.22276 93.1415 4.70589 120.934 37.61 18.7511 83.3237 11.889 71.4347 36.1965 11.2312 7.05675 35.2382 4.61386 3.71309
internal_count=38576 38292 37688 37411 604 37210 21031 16179 486 206 15693 437 300 20594 1695 211 15319 374 18899 5403 1890 13496 1995 11501 5618 1571 977 5883 649 500
is_linear=0
shrinkage=0.04


Tree=114
num_leaves=31
num_cat=1
split_feature=21 1 3 18 7 9 18 23 18 5 25 23 0 23 1 2 25 24 18 23 23 2 8 19 25 2 8 9 24 9
split_gain=5.66258 5.93719 5.33451 5.77849 4.37577 4.86901 6.91376 4.5456 4.31474 5.13104 3.97591 5.85337 10.1408 5.60219 7.21112 5.51227 11.8766 18.5764 7.12475 6.33233 5.28796 9.48652 7.63358 5.88864 5.25695 4.89164 5.45428 6.18815 6.5316 4.59953
threshold=1.0000000180025095e-35 -0.23663195187770344 5.5000000000000009 4.3462688871763069 0 -0.86313358816492436 7.1793189330384104 0.017538574117465882 6.4481108791122539 0.91016752140927448 0.21312207526270407 0.091786958362344642 7.0721640888162822 0.011274233578391359 0.046107562510860817 0.11369975479577983 0.22808115786927649 0.020598746022860843 7.1726516286033988 0.027355663017313635 0.0076899818549377224 0.045917595755695491 -0.98895783289370998 5.3354089423387547 0.37959298007801473 0.012317986925354928 -0.94120566935589933 -0.94270232025234113 0.055999189890858267 -0.85955728085491045
decision_type=2 2 2 2 1 2 2 2 2 2 2 2 2 2 2 2 2 2 2 2 2 2 2 2 2 2 2 2 2 2
left_child=2 -2 3 -1 5 6 8 -7 -5 -10 13 15 24 20 -15 18 17 -17 -12 -20 21 23 -22 -6 -13 -25 -27 -28 -29 -18
right_child=1 -3 -4 4 10 7 -8 -9 9 -11 11 12 -14 14 -16 16 29 -19 19 -21 22 -23 -24 25 -26 26 27 28 -30 -31
leaf_value=0.02432252326064396 -0.026643522028987246 0.039679713746998323 0.031610809762936648 0.0031915755643253563 -0.011318550836030195 -0.025748254917064492 -0.017850176969072505 0.023039625792613597 0.0096184063518278719 0.12015447971228062 -0.023125112264288542 0.11584368389845195 -0.0008382500392095331 0.00058804378133777248 -0.023603579368125308 0.14771045048398598 0.022912716723936428 -0.021271562414945811 0.022622160030276176 -0.021802013790777747 0.096670585328585898 -0.021549453899191696 0.010403184743308631 -0.0092054553145927073 -0.012042029477976732 -0.015769851778837125 -0.013308089361091823 0.13040343078547911 -0.012076504158473214 -0.0064625274696944379
leaf_weight=12.997177720535545 1.944236071547494 9.9531168129760736 7.489716261625289 1.2664408530108655 3.4878710091579723 4.1149723872076702 1.5035735920537261 6.6224881729576737 1.1314982317853721 1.7931085226591674 26.829867490567267 1.5474889900069673 4.6725503129418939 31.506474748952314 51.464548039715737 1.3556043009739362 11.587005494395269 1.4720554745290426 13.881950087612497 6.9021296738646916 1.0563159559387703 18.390466525452211 9.7733074703719449 1.3681808288674799 0.42574701970443118 0.6579357560258362 0.56562565616332028 2.0415307413786654 0.42832797160372127 25.551952430745587
leaf_count=436 364 692 314 157 600 556 227 816 100 127 5092 206 547 6170 8328 199 1285 270 2068 1330 137 2951 1546 185 69 101 95 272 79 3032
internal_value=0.00176482 0.0276159 0.00043942 -0.000640774 -0.00214153 0.0132169 0.047598 0.00374167 0.0699935 0.0907368 -0.00380701 0.00216505 0.0357303 -0.00875984 -0.0145197 -0.000756561 0.0100612 0.0771654 -0.00985703 0.00754586 0.00394143 -0.00565693 0.0262783 0.0272056 0.0934812 0.0512399 0.0708217 0.0888472 0.109335 0.00306274
internal_weight=263.783 11.8974 251.886 244.396 231.399 16.4321 5.69462 10.7375 4.19105 2.92461 214.967 94.2264 6.64579 120.741 82.971 87.5806 39.9666 2.82766 47.6139 20.7841 37.7696 26.9399 10.8296 8.54947 1.97324 5.0616 3.69342 3.03548 2.46986 37.139
internal_count=38351 1056 37295 36981 36545 1983 611 1372 384 227 34562 14098 822 20464 14498 13276 4786 469 8490 3398 5966 4283 1683 1332 275 732 547 446 351 4317
cat_boundaries=0 1
cat_threshold=4
is_linear=0
shrinkage=0.04


Tree=115
num_leaves=31
num_cat=2
split_feature=14 2 0 1 6 5 23 14 23 0 19 19 11 15 6 5 2 22 18 1 15 0 25 2 8 17 18 2 17 2
split_gain=5.61462 4.56681 4.69941 8.78105 7.61306 10.7675 9.68262 9.57438 9.59973 7.89367 7.77193 12.4387 9.76959 7.08972 6.65173 5.41445 5.02305 6.04808 10.7512 4.69669 4.5614 4.26041 5.93641 4.25812 4.188 4.37796 4.36994 4.16517 7.91997 5.63883
threshold=0.45940432964303174 0.0037284160725017533 7.6666133593799044 -0.38258213130664659 0 0.47854441352139049 0.026714099058879094 0.060597112138396685 0.012834913272045429 6.417200739684664 5.7964957747031303 4.6965765606807208 5.9549700330978821 2.5981854926023025 1 0.40082201139561563 0.053439396101265822 0.056957075102317789 7.1726516286033988 -0.95241705487395967 2.7889329263186915 7.8164300624462859 0.073286864931100218 0.070628077447977042 -0.88703702359900938 2.5000000000000004 7.8401740688701489 0.1317422263378045 2.5000000000000004 0.13607664605908706
decision_type=2 2 2 2 1 2 2 2 2 2 2 2 2 2 1 2 2 2 2 2 2 2 2 2 2 2 2 2 2 2
left_child=1 -1 4 21 27 9 7 8 16 -6 11 -10 13 -13 24 -11 17 -7 -19 -8 -16 23 -23 -4 25 -5 -26 -3 29 -29
right_child=-2 2 3 14 5 6 19 -9 10 15 -12 12 -14 -15 20 -17 -18 18 -20 -21 -22 22 -24 -25 26 -27 -28 28 -30 -31
leaf_value=-0.035237825712395962 0.029965788488396296 -0.023509503361491251 -0.022627853234246677 -0.016383052519354423 -0.018256634489154499 -0.0046094476048499861 0.018027565828494792 -0.0089817395119194416 -0.0031321820269791315 0.015850396109556714 0.0052833634429844904 0.17175046802243685 0.012957126407365798 -0.0088967112929816093 -0.01025616150595458 0.11196664898454028 -0.013987446677206181 -0.018744938244177719 0.13448334054847966 -0.025700605494707787 0.027910579193322488 0.023120872782088537 -0.035213875140441053 0.055059843669845579 0.026374232612383516 0.028447350157168136 -0.016531484341643567 0.056732616589713916 0.052172779930158571 -0.023194629444821913
leaf_weight=4.4265581043437114 10.2444910579361 36.848533106502146 1.2864886068273365 9.0539649166166765 1.3759719938971091 2.7076787773985433 4.0464661994483349 15.978450175141914 1.7569149425253252 1.8829703181982038 2.8924255983438343 2.2038251576013872 1.2582080070860682 0.28323438041843463 31.739194692810997 2.1350874651689082 7.0624763749074191 0.86340249120257773 0.83234268054366112 20.736610486637801 4.9343805699609211 2.7040560769382891 13.821973931975661 1.5120030292309818 57.036838963162154 4.3355820106808087 3.4104131690692148 0.65159363532438774 2.8068422754295161 10.297835019417105
leaf_count=741 459 6320 278 1194 230 464 804 2834 279 280 521 328 235 51 5051 282 1274 176 98 4006 626 438 2834 268 5431 281 412 108 273 1678
internal_value=0.00231183 0.00106813 0.00185998 0.00706969 -0.00395082 0.00512669 0.000673356 0.0138213 0.0317182 0.0552616 0.0617409 0.0860429 0.11972 0.154526 0.0114311 0.0790588 0.00654797 0.0359772 0.0784533 -0.0181386 -0.00356899 -0.0172071 -0.0248943 0.0227912 0.0170308 -0.000898671 0.0237239 -0.0139524 0.0020509 -0.0140885
internal_weight=261.127 250.882 246.456 129.835 116.621 66.0161 60.622 35.839 19.8605 5.39403 8.39461 5.50218 3.74527 2.48706 110.51 4.01806 11.4659 4.40342 1.69575 24.7831 36.6736 19.3245 16.526 2.79849 73.8368 13.3895 60.4473 50.6048 13.7563 10.9494
internal_count=38254 37795 37054 16813 20241 11862 11070 6260 3426 792 1414 893 614 379 12995 562 2012 738 274 4810 5677 3818 3272 546 7318 1475 5843 8379 2059 1786
cat_boundaries=0 1 2
cat_threshold=308 901
is_linear=0
shrinkage=0.04


Tree=116
num_leaves=31
num_cat=1
split_feature=25 18 18 6 2 18 0 9 8 0 19 11 5 1 8 26 26 0 15 17 18 5 2 17 11 24 1 14 26 26
split_gain=4.85136 4.67356 5.79005 5.75651 9.38346 7.02746 7.12725 5.97038 12.208 8.1516 8.63509 7.86662 5.65008 5.12072 4.48605 4.40177 6.26032 5.7612 5.93849 6.35397 9.73244 14.5192 8.44075 8.81226 6.64442 6.62481 6.23285 4.90705 4.36426 4.32649
threshold=0.63750947092527643 5.448804361820085 7.3516683357790358 0 0.40903857802802651 7.2051373792848876 8.5625747150529055 -0.84457956949210311 -0.47858602230848996 7.6786822623877447 5.2076808027273724 5.0402076148962607 0.51029642817398224 -0.97166059458957832 0.36756342288787841 0.068813505737743932 0.01118021625622276 8.0708304270842159 1.0980292780520677 1.0000000180025095e-35 6.8580034240543322 0.79030334276010139 0.12103333504715004 1.5000000000000002 5.8231897012038791 0.072421394865107222 -0.38258213130664659 0.14545517719371975 0.097830148085590915 0.14629603597236426
decision_type=2 2 2 1 2 2 2 2 2 2 2 2 2 2 2 2 2 2 2 2 2 2 2 2 2 2 2 2 2 2
left_child=1 29 3 4 -3 6 7 8 28 -10 -11 -12 -4 -13 -15 16 -9 18 -18 27 21 24 23 -22 -21 -25 -26 -20 -5 -1
right_child=-2 2 12 5 -6 -7 -8 15 9 10 11 13 -14 14 -16 -17 17 -19 19 20 22 -23 -24 25 26 -27 -28 -29 -30 -31
leaf_value=0.0077145957078911011 0.029593123659865061 -0.018714680644027655 0.036988394813376048 0.1305090172696946 0.025660247850549531 -0.026632626557899507 -0.013933231020306629 -0.022388377649637799 -0.00022567370442319547 -0.011677277694645405 -0.016469342082946023 -0.010267590036136287 0.0045833182803786815 0.13966033610022824 -0.0080617254841032944 -0.015566336308616112 -0.014949372510738964 -0.027860363518187794 -0.022184381499953873 0.0015116913242431348 0.026923784290065089 -0.026087928734876944 0.001689284380197689 0.19954366010668825 -0.0084275423470247263 -0.0020799145691075267 0.1521096191656679 0.053949671362010225 -0.0088601525224903579 0.045005092260370402
leaf_weight=20.379851569887254 9.4048758489079756 63.343564874958247 8.991977851605041 1.3923755795694912 7.7683864315040401 10.009291857946662 17.648191715590656 5.1761177051812437 12.153932482004167 1.7962704449892033 0.69047617423348162 0.34292632876895401 65.343412227462977 2.086463830666617 0.25067422306165088 10.852795809274538 3.1115345703437987 2.2484339280053964 3.4936542443465433 1.1127598334569468 1.4303602897562093 3.9044904171023518 1.1189849365036932 1.1677040245849637 0.36105744773522019 0.2731328944209962 0.87919160863384582 0.93921761983074237 0.28074461501091708 5.8494735739659509
leaf_count=1423 601 10652 955 188 252 1872 2733 933 2144 334 127 76 9608 316 54 2127 567 504 697 209 283 836 197 197 74 45 137 113 44 235
internal_value=0.00281678 0.00171488 -0.000153694 -0.00457837 -0.0119248 0.00288397 0.0076446 0.0146856 0.03224 0.0187614 0.0562189 0.0867957 0.00894215 0.110646 0.126148 0.00482128 0.0138548 0.023835 0.0315028 0.0416738 0.0576595 0.0206157 0.0999798 0.127955 0.0827813 0.17613 0.122474 0.000907662 0.112557 0.0173783
internal_weight=263.802 254.397 228.168 153.833 71.112 82.7208 72.7115 55.0633 18.9939 17.3207 5.16681 3.37054 74.3354 2.68006 2.33714 36.0694 25.2166 20.0405 17.7921 14.6806 10.2477 6.2575 3.99018 2.8712 2.35301 1.44084 1.24025 4.43287 1.67312 26.2293
internal_count=38533 37932 36274 25711 10904 14807 12935 10202 3283 3051 907 573 10563 446 370 6919 4792 3859 3355 2788 1978 1256 722 525 420 242 211 810 232 1658
cat_boundaries=0 1
cat_threshold=257
is_linear=0
shrinkage=0.04


Tree=117
num_leaves=31
num_cat=0
split_feature=17 23 1 4 11 15 22 24 24 23 18 3 1 25 0 2 2 1 1 5 23 23 22 25 18 25 9 23 5 5
split_gain=5.59489 5.56583 5.34929 3.72724 4.15849 5.35309 7.89715 5.41382 4.43684 4.11806 4.41175 4.63211 5.81049 11.5785 6.5951 9.5572 14.3296 7.94921 7.91414 8.28533 7.36126 7.15977 6.30409 5.74069 5.43311 5.14898 5.45449 7.19562 4.8494 5.7391
threshold=5.5000000000000009 0.083945771504502775 0.08073008299568081 18.500000000000004 5.6205258494638501 0.37376451563355384 0.04179574577113148 0.02888643289616841 0.0054381021700475474 0.0043175970474257719 5.8890707953813406 1.0000000180025095e-35 0.76665056849854085 0.25791206517081117 7.2132676693819331 0.070628077447977042 0.15040865442217857 -1.0997984133922538 -1.0742258117636112 0.65393034772539305 0.013028748303036982 0.016676442354742912 0.018619512877754228 0.48074273416018304 6.0758304699801373 0.44166847616379207 -0.98816907656352282 0.024159336221652151 1.4429082029974019 0.60714696178681427
decision_type=2 2 2 2 2 2 2 2 2 2 2 2 2 2 2 2 2 2 2 2 2 2 2 2 2 2 2 2 2 2
left_child=1 3 -3 4 9 6 7 8 -6 -1 -11 12 13 14 17 -16 18 20 -17 -20 -12 22 -19 24 -13 26 27 -14 29 -24
right_child=-2 2 -4 -5 5 -7 -8 -9 -10 10 11 23 25 -15 15 16 -18 21 19 -21 -22 -23 28 -25 -26 -27 -28 -29 -30 -31
leaf_value=-0.016157263982695597 0.025756722075013418 -0.013060378289431874 0.02821712336853404 0.02904269605621591 -0.01114703543088544 -0.0090411875162286666 -0.023049994433145531 -0.0033996734418066548 0.11021599269934354 -0.016737119465336167 -0.011631361558192586 0.056535261163273759 0.089557877948520423 -0.0077270467650093098 -0.016412175821438738 -0.01631654368967549 -0.02691037712657126 -0.015761792934528517 -0.013972499928677447 0.13217791027257447 0.14558179084982029 0.005405819873824963 -0.010227510258335782 0.042557954556629973 -0.020075220362779062 0.030375598631149019 -0.016673723587238915 -0.022314077528817446 -0.010821734066867652 0.13798071836687334
leaf_weight=12.920038104988633 14.782780629582701 5.9793760520406094 19.644443856552243 5.458979580551385 0.38184851570986156 108.73836312582716 2.3458600551821291 1.3392684645950792 1.6044647996313868 9.8969950731843692 0.4060761271975929 0.65416449308395996 0.95165647170507073 10.051861307118086 5.6364388319198024 0.6819009778555486 2.0161453988403082 0.64328249054961473 0.53208336606621776 2.6806049889419228 1.7930793745908884 5.0675747797358781 0.3405002823565163 2.3642910416238001 16.913919173646718 6.3830072092823675 17.11624698434025 1.1434137346222994 0.36829624953679729 1.6695281176362184
leaf_count=2027 481 1177 1807 238 61 18465 422 198 164 1079 72 108 111 1988 1101 136 395 118 103 398 245 962 63 200 2856 378 2552 141 83 230
internal_value=0.00266903 0.00118131 0.0184562 -0.000904193 -0.00179698 -0.00698025 0.0279663 0.0609623 0.0909651 0.00413002 0.00728104 0.0105259 0.0162155 0.0273404 0.043115 0.0197304 0.0515834 0.0652879 0.089414 0.110402 0.121991 0.038147 0.0780596 -0.00587272 -0.0143314 0.00184836 -0.00866383 0.0410194 0.10059 0.117817
internal_weight=260.506 245.724 25.6238 220.1 214.641 114.41 5.67144 3.32558 1.98631 100.231 87.3111 77.4141 57.4817 31.8874 21.8355 11.5472 5.91073 10.2883 3.89459 3.21269 2.19916 8.08918 3.02161 19.9324 17.5681 25.5943 19.2113 2.09507 2.37832 2.01003
internal_count=38359 37878 2984 34894 34656 19310 845 423 225 15346 13319 12240 9076 5894 3906 2133 1032 1773 637 501 317 1456 494 3164 2964 3182 2804 252 376 293
is_linear=0
shrinkage=0.04


Tree=118
num_leaves=31
num_cat=2
split_feature=24 1 6 23 23 0 25 2 16 23 15 6 24 15 24 19 2 23 14 24 19 8 26 26 9 1 25 22 1 9
split_gain=6.75436 5.22274 6.0562 6.25929 8.40417 6.51785 5.80289 4.8857 6.62028 4.83332 5.99199 4.42033 9.6825 4.73969 7.71855 6.15495 5.28827 4.04552 3.73242 5.2936 5.49312 4.63082 4.1107 6.78023 6.74015 6.27233 4.23112 3.70711 3.68459 5.44856
threshold=0.14091990189930997 0.6306522217814815 0 0.0091669712388749523 0.0082018163884803458 7.6189396864126744 0.15226032011560281 0.062111459920978281 1.0000000180025095e-35 0.061775542418038974 0.11028276366817734 1 0.037901967779322455 1.3200963160142403 0.01046493862146978 6.2729468150550014 0.11742429293296473 0.091786958362344642 0.010643359816956566 0.004561103343524186 5.3178045838606254 0.9105192427953176 0.047333758893546442 0.042123660047656365 -0.12331816132072869 -0.42117477241133705 0.23764626879480363 0.025928890746389575 -0.27711962934976192 -0.81957271806672938
decision_type=2 2 1 2 2 2 2 2 2 2 2 1 2 2 2 2 2 2 2 2 2 2 2 2 2 2 2 2 2 2
left_child=1 11 3 4 -3 -5 -6 8 -7 10 -4 12 13 14 -1 16 -16 -14 19 20 -13 -21 23 -20 -25 -26 -27 -11 29 -15
right_child=-2 2 9 5 6 7 -8 -9 -10 27 -12 18 17 28 15 -17 -18 -19 22 21 -22 -23 -24 24 25 26 -28 -29 -30 -31
leaf_value=-0.011694994628455536 0.028146989585209281 0.020810676721053762 0.067708901809291289 -0.013487626541093714 -0.0088880932660994876 0.03823937183253634 0.11654022393575657 0.025408102367023858 -0.019291539044541273 -0.019318108931975938 -0.014384610565416296 0.1053492140645475 -0.02534263316735352 0.05756727376435572 0.10928835045363107 -0.013796211361461154 0.0022111047152484882 0.035957980735062185 -0.0097875799280887164 -0.013314760495236283 -0.015164106803887722 0.061156092126521629 -0.023596354800868614 -0.0033288645417756308 -0.012461714206368404 0.15806725881348357 -0.0068544813930150727 0.030845495887276541 -0.0093048297381574576 0.001238362413171389
leaf_weight=2.1805934978183386 14.969211776973678 15.564911033725368 0.49787990702316065 15.50009383773431 0.57652694499120061 3.4649910253938261 1.8291071238927541 28.322513069491833 10.336068717529997 2.4508334905840439 37.719425683142617 0.66433126386254915 12.924048546236007 3.7608081537764528 3.0203546062111859 0.8427170799113809 0.95524707413278509 1.078165654093026 38.179685423150659 7.7410526180174184 0.60433342261239886 0.57806540769524861 32.683611904038116 2.2545158516149972 0.44928002031520009 0.41219388064928242 0.2051282087340951 7.7874560081399977 8.2770016684662533 6.6039243203122178
leaf_count=393 1208 1492 60 2172 65 426 120 1949 836 362 6337 82 2262 567 357 153 163 152 7090 1399 111 99 6685 472 103 68 41 855 1431 1133
internal_value=0.00293163 0.00129921 0.00706755 0.0131065 0.0348129 0.00809452 0.0926971 0.0161647 -0.00323975 -0.00422423 -0.0116159 -0.00450901 0.00592578 0.0217053 0.0476417 0.07189 0.0891754 -0.0185403 -0.00908586 0.0123851 0.0665624 -0.0021329 -0.0131971 -0.0046448 0.0430599 0.0952774 0.132912 0.0181869 0.0100379 0.0249441
internal_weight=262.434 247.465 124.05 75.5942 17.9705 57.6237 2.40563 42.1236 13.8011 48.4556 38.2173 123.415 39.6429 25.6406 6.99891 4.81832 3.9756 14.0022 83.7722 9.58778 1.26866 8.31912 74.1844 41.5008 3.32112 1.0666 0.617322 10.2383 18.6417 10.3647
internal_count=38643 37435 14674 7060 1677 5383 185 3211 1262 7614 6397 22761 6611 4197 1066 673 520 2414 16150 1691 193 1498 14459 7774 684 212 109 1217 3131 1700
cat_boundaries=0 1 2
cat_threshold=390 728
is_linear=0
shrinkage=0.04


Tree=119
num_leaves=31
num_cat=2
split_feature=17 4 0 6 18 11 18 22 5 5 0 11 2 8 5 0 16 17 5 24 24 26 15 9 9 2 6 22 8 8
split_gain=5.14522 5.03511 5.39404 8.46654 5.72283 4.65172 4.5491 4.43987 4.84726 13.6604 8.10227 6.14424 4.25861 7.38873 7.50727 5.67546 4.47004 4.23059 5.50556 8.3547 4.16524 4.15098 5.92027 6.13448 5.20318 4.71627 4.02621 4.5839 5.48685 6.86863
threshold=9.5000000000000018 18.500000000000004 8.9542948057105747 0 5.3128534562958958 0.74546944398548676 8.0861293466637267 0.010338380384494007 0.69000462968851073 0.68563439900719847 7.2132676693819331 6.5303670531171321 0.10569204175299139 0.021556194452374583 1.3298990338028227 8.2054633030654607 1.0000000180025095e-35 1.0000000180025095e-35 1.1442203186991269 0.027599018426620613 0.011054837790527202 0.043747189604826077 2.7889329263186915 0.36138412096721323 -0.9800432156167127 0.13466521354901809 1 0.026867924161523091 -0.88237654393143439 -0.80983113870163181
decision_type=2 2 2 1 2 2 2 2 2 2 2 2 2 2 2 2 2 2 2 2 2 2 2 2 2 2 1 2 2 2
left_child=1 2 7 -4 -5 -6 -7 12 9 10 11 21 17 14 15 16 20 -1 -19 -20 -14 22 -9 -24 25 -23 27 -10 -29 -30
right_child=-2 -3 3 4 5 6 -8 8 26 -11 -12 -13 13 -15 -16 -17 -18 18 19 -21 -22 24 23 -25 -26 -27 -28 28 29 -31
leaf_value=-0.031385540971407555 0.02992727928907768 0.035015736776810018 0.018162036559995723 0.028647551078920426 0.024829510428070356 -0.035902442988813836 0.042675485877819608 0.022541615512924523 -0.02117148118716564 0.10240167282371127 -0.017065602500652158 -0.030841216258488863 0.0073900027410826645 -0.013062363127296035 -0.017052769512534788 -0.01333497501130434 -0.010359800823032162 -0.0098798793873371132 -0.012898762925110503 0.08989740644741584 0.12179673248560002 -0.014357827968385403 0.12616123749369076 -0.0125538808226198 -0.011131902762807497 0.10282424651401043 -0.015801219424714373 -0.023816382853630677 0.062895414624116908 0.0061780747570447311
leaf_weight=4.2457035896368351 9.0344700235873443 5.662694049999117 39.780938407406211 3.2383542349562076 2.0240101011004326 14.733008089242499 0.44831354171037752 7.5257228133268708 12.119944637641309 1.2145476879086334 20.106555235106498 2.6121332510374478 0.74681847100146015 3.4387985689099878 1.3954332503490148 0.70111089944839466 0.42594193667173375 6.7295290380716306 1.9113122192211451 1.7948549392167477 2.7158360693138093 0.55433426122181106 1.1629510449711231 0.44854950625449408 6.6032510807272038 0.39654968352988362 64.066627830965444 7.2336179644335052 2.8680496788583687 32.089291512733325
leaf_count=820 330 270 3007 155 68 2441 56 1131 2416 120 3386 419 102 519 233 112 57 1091 363 311 327 103 125 63 1112 39 11256 1582 432 5945
internal_value=0.00184395 0.000709346 -0.000229058 0.0100571 -0.00974895 -0.0235075 -0.0310881 -0.00364846 -0.00608492 0.00573453 0.000295081 0.0183279 0.012025 0.0315811 0.0554291 0.0765745 0.0921969 -0.00174144 0.012009 0.0454081 0.104307 0.027331 0.044083 0.0975285 0.00428374 0.0621679 -0.0101552 -0.000400438 0.00582566 0.0124512
internal_weight=258.029 248.995 243.332 60.2246 20.4437 17.2053 15.1813 183.107 159.002 40.6246 39.41 19.3035 24.1053 9.42394 5.98514 4.58971 3.8886 14.6814 10.4357 3.70617 3.46265 16.6914 9.13722 1.6115 7.55414 0.950884 118.378 54.3109 42.191 34.9573
internal_count=38391 38061 37791 5727 2720 2565 2497 32064 28129 6498 6378 2992 3935 1350 831 598 486 2585 1765 674 429 2573 1319 188 1254 142 21631 10375 7959 6377
cat_boundaries=0 1 2
cat_threshold=420 665
is_linear=0
shrinkage=0.04


Tree=120
num_leaves=31
num_cat=0
split_feature=18 11 22 2 18 24 14 14 17 4 23 0 17 4 11 23 23 22 19 24 5 24 5 18 25 22 25 23 23 23
split_gain=4.66169 5.28001 5.0889 5.03691 6.49761 3.66922 4.65863 7.10116 4.01433 4.74619 7.88176 7.33 4.75161 3.87323 3.80131 3.3686 10.2861 7.17491 4.90393 6.77826 6.14614 6.62198 5.32658 6.43145 5.17711 4.94672 9.86273 14.0528 8.12918 5.97563
threshold=4.6571820097870811 0.8244682908732629 0.10915968963338062 0.13753447760858525 7.6368577338884469 0.02115790261871996 0.16582994706593648 0.36340119394990783 2.5000000000000004 1.0000000180025095e-35 0.022530472390741203 8.0255691218205207 1.5000000000000002 3.5000000000000004 4.7395180843150007 0.0075063271097244614 0.010245699200408033 0.033191792107774211 5.0328569944331667 0.030823111201553524 0.51563057315017102 0.076529832426564984 1.2944045175127252 6.7228201772045297 0.24772054597175136 0.019252190649319972 0.090540977275955309 0.032979959396220247 0.064424496742124096 0.096231935234963831
decision_type=2 2 2 2 2 2 2 2 2 2 2 2 2 2 2 2 2 2 2 2 2 2 2 2 2 2 2 2 2 2
left_child=-1 3 5 4 -2 8 15 -8 9 10 11 12 -3 14 -10 -7 17 -17 19 22 21 -21 -18 -24 -25 26 27 -20 -29 -28
right_child=1 2 -4 -5 -6 6 7 -9 13 -11 -12 -13 -14 -15 -16 16 18 -19 25 20 -22 -23 23 24 -26 -27 29 28 -30 -31
leaf_value=0.022020618980503746 -0.024039771438967683 0.10990545823615432 -0.016989017754283981 0.03461477971274355 0.049388798242052639 -0.0059939557652507738 -0.036513550083148404 0.025651673162015061 0.042522372257710814 -0.013414863281635259 -0.027348235598433798 -0.018701659540975614 -0.01178507316037436 0.032889776531303087 -0.01799267178578862 0.0066456098833299363 0.021306071122811909 0.084560869815172843 -0.021886425536122526 -0.0032155390082695048 -0.0023209580972304183 0.10687152356450616 -0.012065850367615932 0.157774895557417 -0.0080288224618803011 -0.0079475239375593181 -0.012829670506698245 0.14801813710536355 -0.011807131326376176 0.060668654841184812
leaf_weight=15.73078577662818 6.321168260183188 1.6494720967020837 28.857544678729028 12.095409805886446 1.6257844681385902 20.818365919170901 8.2625387068837863 3.4679415859282008 1.1054606968536953 59.421773175243288 2.2544207395985723 1.0454189202282576 0.41438117646612216 6.6693311734125009 7.0723576643504202 3.3480556332506231 3.8402602155692902 3.9740716188680381 1.3793028453364962 1.5175330622587382 15.05460561532527 0.89605869445949782 0.42767153424210835 0.82990607013925888 0.24949413374997675 36.384667018195614 9.9587449855171126 1.5317304339259861 0.46320724138058711 1.1110690024215717
leaf_count=595 1025 228 4982 706 183 3257 1462 213 151 10273 453 151 83 446 1044 464 552 585 236 208 2665 100 91 129 56 6000 1710 146 77 121
internal_value=0.00160038 0.000188113 -0.00161996 0.019341 -0.00517661 0.000751958 0.00535077 -0.017564 -0.00578865 -0.0100825 0.0231418 0.0574968 0.0896005 0.0124015 -0.00607052 0.00813684 0.011799 0.0540135 0.00693441 0.0219126 0.00851612 0.0569897 0.0574386 0.104287 0.13402 -8.19159e-05 0.0189633 0.0698158 0.119357 -0.00103741
internal_weight=257.779 242.048 222.005 20.0424 7.94695 193.148 113.515 11.7305 79.6326 64.7855 5.36369 3.10927 2.06385 14.8471 8.17782 101.785 80.9664 7.32213 73.6443 22.8155 17.4682 2.41359 5.34733 1.50707 1.0794 50.8287 14.4441 3.37424 1.99494 11.0698
internal_count=38392 37797 35883 1914 1208 30901 18072 1675 12829 11188 915 462 311 1641 1195 16397 13140 1049 12091 3801 2973 308 828 276 185 8290 2290 459 223 1831
is_linear=0
shrinkage=0.04


Tree=121
num_leaves=31
num_cat=0
split_feature=26 2 14 14 22 24 15 19 26 19 8 15 0 26 19 24 8 3 11 23 25 0 0 2 2 15 11 23 14 1
split_gain=4.6776 5.22798 5.68291 4.7073 5.70143 6.87485 5.37335 4.6463 10.5012 8.84963 7.2569 7.34062 6.48174 5.49236 5.24323 4.88119 4.84692 4.60229 4.50846 4.44776 7.92806 8.47997 9.17607 4.37635 7.24813 7.89768 4.19804 3.91285 3.75412 5.42399
threshold=0.18546620394262328 0.48470069411158639 0.058742708143368898 0.044823363060407038 0.01001867772952709 0.040415634027550856 2.1986977193263404 6.2588733251573156 0.056946337765291406 6.3720358728564088 -0.19240990591715176 1.8862953519596044 7.0954640101184578 0.10908867533458021 6.9027764224274319 0.062131087720297545 -0.83850603419877856 5.5000000000000009 5.5009301755920266 0.018402738666784362 0.24072663566205191 6.8047167896228293 7.5461197724808411 0.21534725436248517 0.21885131638136163 2.5767727896327974 0.37409605505537735 0.091786958362344642 0.0034117751530696899 -1.0523765166162617
decision_type=2 2 2 2 2 2 2 2 2 2 2 2 2 2 2 2 2 2 2 2 2 2 2 2 2 2 2 2 2 2
left_child=1 2 3 7 5 6 -5 28 14 13 11 -11 -13 -10 -9 16 18 23 -16 20 -6 -22 -23 26 -25 -26 -4 -21 -1 -30
right_child=-2 -3 17 4 19 -7 -8 8 9 10 -12 12 -14 -15 15 -17 -18 -19 -20 27 21 22 -24 24 25 -27 -28 -29 29 -31
leaf_value=0.023324322285536454 0.019880702286063739 0.017164696986420681 0.046339001731837873 0.11891714808519431 0.0017129322166259703 -0.016871081622879071 -0.0091317956150713756 -0.022887854891090378 0.14663650380571605 -0.0075850651563750069 -0.021661000080818029 -0.012290424848560227 0.12655962397845452 -0.0084780926520891167 0.084902484658757646 0.073399810399393278 -0.026654785218784022 0.026597952906170341 -0.017530641019039478 -0.018144270431682815 -0.018468755723755906 0.16848349336434182 0.013261516246860561 0.093657798682006674 -0.023005217140420985 0.042005054481653162 -0.015601136118917657 0.036317635102786426 0.021698737374131673 -0.011642252801474526
leaf_weight=6.0679352565202853 20.79202899732627 25.765197236090899 0.84637130121700366 1.4980123431887507 6.0899256188422459 0.87654589884914447 0.4934028515126555 8.635066096903758 0.9410408514086146 1.5942866324912759 2.7572179196868092 0.49555286322720338 1.1942271906882522 0.32142366422340274 0.60324488021433331 1.1244131843559442 3.0634369137696913 4.6037592086940995 0.71035040286369622 8.6775980717502517 0.82326315646059844 0.7235262095928191 1.2328617607709018 0.50429556448943813 7.4259366048499924 3.6343689756467938 77.144444639096037 1.7224648750852782 8.0452306019142252 58.695233687525615
leaf_count=763 1374 2106 146 166 956 156 83 1376 137 296 462 106 181 72 54 151 457 218 108 1647 141 100 187 76 1182 400 13972 191 1431 9756
internal_value=0.00214797 0.000510537 -0.001599 0.00429828 0.0204649 0.0650885 0.0947441 0.000325992 0.0162615 0.0519863 0.0224755 0.0559379 0.0964092 0.120852 -0.00441109 0.0236497 -0.000404331 -0.00885694 0.0458749 0.0109399 0.0302412 0.0757539 0.108239 -0.0109532 0.0112789 6.8524e-05 -0.0143508 -0.00672974 -0.00452336 -0.00736217
internal_weight=257.103 236.311 210.545 116.386 22.1376 2.86796 1.99142 94.2487 21.4403 7.30375 6.04128 3.28407 1.68978 1.26246 14.1365 5.50145 4.37703 94.1592 1.3136 19.2696 8.86958 2.77965 1.95639 89.5554 11.5646 11.0603 77.9908 10.4001 72.8084 66.7405
internal_count=38451 37077 34971 18977 3627 405 249 15350 3400 1254 1045 583 287 209 2146 770 619 15994 162 3222 1384 428 287 15776 1658 1582 14118 1838 11950 11187
is_linear=0
shrinkage=0.04


Tree=122
num_leaves=31
num_cat=0
split_feature=21 1 13 23 19 15 15 5 18 18 5 19 5 15 25 14 15 5 8 2 5 2 8 8 23 23 11 19 1 15
split_gain=5.11899 4.88056 4.44941 2.70026 5.6952 5.15618 4.38453 4.05783 5.30862 6.04536 8.33253 10.0978 6.88663 6.66533 6.28131 6.40451 5.09078 4.98828 5.00835 4.64812 4.35054 4.08033 4.07555 6.88273 4.71347 8.83724 5.47873 5.21634 5.83254 5.00445
threshold=1.0000000180025095e-35 -0.23663195187770344 1.5000000000000002 0.030849945828159819 7.4865223682111433 1.994624166128002 2.4435098913634756 1.8061782403412938 7.3441873263908226 7.5319669120737922 0.87812469174512886 6.2729468150550014 0.47854441352139049 1.3071552216612845 0.071950597627145077 0.071480805588422944 1.1937649331687796 0.68117144302592314 -0.16052651949945715 0.14045109079338544 1.0775936731043945 0.17049824275488409 -0.58791918172702007 -0.98754269504005221 0.0082018163884803458 0.0088276629994095343 7.1079828015205058 5.261085147019501 -0.29109857243955101 2.1445269627184955
decision_type=2 2 2 2 2 2 2 2 2 2 2 2 2 2 2 2 2 2 2 2 2 2 2 2 2 2 2 2 2 2
left_child=2 -2 3 7 -5 -6 -7 8 22 10 12 13 -10 -12 -15 19 17 -11 21 -16 -18 -19 23 -1 26 27 -24 -26 -29 -27
right_child=1 -3 -4 4 5 6 -8 -9 9 16 11 -13 -14 14 15 -17 20 18 -20 -21 -22 -23 24 -25 25 29 -28 28 -30 -31
leaf_value=0.024467989099628395 -0.025215649136182187 0.037878975413836863 0.029194555641123898 -0.0077921558101724788 -0.010563396850252671 0.118700722964987 -0.0041457322667067002 -0.016484298597767184 0.052922979154170449 -0.019232887712973674 -0.0021871852738327073 -0.020290978696222612 -0.021200720884021224 -0.010608426094221223 0.17103840383371993 0.033983060762512667 0.0076789594490893759 0.089802047716566996 -0.00072930974955580201 0.018874084068932494 -0.029291884605973526 -0.010513047139111435 -0.01453155400096769 -0.020152709086656898 -0.011423865306115742 0.020356562231860539 0.061668672920995544 -0.0089102479130167972 0.14381437760799887 -0.0095536355406973701
leaf_weight=6.0099399306345722 1.6745125208981342 9.5296294612344319 7.412182727828621 86.555134208174422 1.2951128364074969 0.55318484199233331 0.57035279599949718 14.530708569567649 1.9871035977266709 1.7257193035911793 1.2027023730333892 1.5173381748609243 5.1208197965752333 0.57101738592609752 1.8512239053379747 2.0164472553879023 14.002110717585312 2.6785706076771025 2.1226750961504877 0.66903141210786987 6.7523592526558778 0.55215224670246232 19.562463190639402 26.727002167608582 0.49579088459722598 21.883358891354874 0.64590262225828965 0.37441227980889369 0.76342936558648933 13.927465809509156
leaf_count=969 345 709 274 14124 205 65 86 2607 170 196 172 229 730 88 239 229 1878 270 274 79 1092 74 3034 4546 79 3195 54 55 102 2186
internal_value=0.00187359 0.0271557 0.000606963 -0.000407459 -0.00587542 0.0449329 0.0837536 0.002904 0.00512681 0.0165614 0.0362354 0.0622032 0.00349296 0.0821012 0.099057 0.112283 0.00511361 0.0320981 0.0490679 0.147481 -0.00514288 0.074225 -0.000405643 -0.0114787 0.00597045 0.014241 -0.00930312 0.0851571 0.112899 0.00878043
internal_weight=255.28 11.2041 244.076 236.664 88.9738 2.41865 1.12354 147.69 133.159 42.7693 14.9357 7.82776 7.10792 6.31042 5.10772 4.5367 27.8336 7.07912 5.3534 2.52026 20.7545 3.23072 90.3898 32.7369 57.6528 37.4445 20.2084 1.63363 1.13784 35.8108
internal_count=38355 1054 37301 37027 14480 356 151 22547 19940 5720 1936 1036 900 807 635 547 3784 814 618 318 2970 344 14220 5515 8705 5617 3088 236 157 5381
is_linear=0
shrinkage=0.04


Tree=123
num_leaves=31
num_cat=0
split_feature=17 14 23 14 2 0 9 2 8 9 23 23 1 25 25 26 24 15 1 19 0 19 17 8 25 19 26 15 25 14
split_gain=4.47522 4.76873 3.64464 3.33974 5.23454 3.62 3.05885 4.81545 4.21611 6.41644 4.75549 5.09205 7.31673 7.06272 8.22952 3.85242 4.01506 3.54522 3.14884 10.1304 8.17308 7.09387 6.13635 7.29718 4.44322 4.07671 6.39866 6.42781 5.73183 4.99776
threshold=9.5000000000000018 0.53217592904703948 0.2072074871879285 0.18013334774570519 0.38644018000782626 5.5237384172413195 0.11707578769420234 0.041671446104492464 -0.89090810985151736 0.48138221778760654 0.016235536842891096 0.030849945828159819 0.2930555486585934 0.17585196931418356 0.36764843052971513 0.020953001571603076 0.047321844951518692 0.64791987592580058 -1.0523765166162617 5.0328569944331667 7.463424806787935 4.4474451432556998 1.5000000000000002 0.32367120724537796 0.32355813538190153 5.8254230374584202 0.0016988283099008625 2.0174606324188482 0.48074273416018304 0.10172840460566689
decision_type=2 2 2 2 2 2 2 2 2 2 2 2 2 2 2 2 2 2 2 2 2 2 2 2 2 2 2 2 2 2
left_child=1 2 3 6 5 -5 18 -8 -9 15 -11 12 13 -12 -15 -10 -17 -13 19 20 21 -1 -21 -24 -23 26 27 -20 29 -27
right_child=-2 -3 -4 4 -6 -7 7 8 9 10 11 17 -14 14 -16 16 -18 -19 25 22 -22 24 23 -25 -26 28 -28 -29 -30 -31
leaf_value=0.0077495877399208326 0.028425023976457915 0.031891937526871347 0.02905395487792934 0.010727566463150231 0.021822255644749742 -0.03345343942023779 -0.031076699824584594 -0.025324880591259747 -0.013176645014890574 -0.02419262504825876 -0.01585786122691912 0.044053415316260579 -0.010990632089697952 0.14529906199356021 -0.013216476425056569 0.096241007534061979 -0.0088506311629625908 -0.017199056702127003 -0.018436060442496457 -0.025246904779163134 -0.0047301435437084047 0.13028289220219999 -0.0089637240170293096 0.084284403171559469 -0.0087957292787824888 0.0091745297671626397 -0.0073249982051578465 0.090004564372284254 0.047896173161761216 -0.022246272277220376
leaf_weight=1.5608400860801368 8.0602232534438354 6.1918866438791147 5.2238816805183879 3.1508293792139801 3.8452682525385162 14.722248363308607 11.310376997571437 7.6122918773908195 0.71577122597955467 7.8783155623823431 0.65076347603462492 0.88119534053839732 2.0150145604275167 1.1516981350723652 0.48783639422617842 1.554379844106734 0.54983411380089808 6.936378835234791 0.98223300068639163 7.7266152524389309 2.3803983808029443 2.1105772997252648 2.9238075804896653 1.2460518244188277 0.27974678692407895 49.15826506074518 87.315886264434084 1.1881489832885561 4.2573084360919884 8.6838647362310422
leaf_count=259 318 300 251 203 205 2588 2110 1356 137 1246 137 116 281 171 88 212 109 1149 145 1498 491 280 543 208 56 7191 14793 112 384 1480
internal_value=0.000819 -0.000202344 -0.00116525 -0.00196309 -0.0165373 -0.0255091 -0.000396154 -0.00996433 -0.00137904 0.00733621 -0.00165484 0.0137192 0.0440429 0.0810863 0.110995 0.054846 0.0747755 -0.00608162 0.00200047 0.0172493 0.054266 0.0835852 -0.00513201 0.0298142 0.116213 6.57904e-05 -0.00537667 0.0505929 0.00786938 0.00415941
internal_weight=252.752 244.692 238.5 233.276 21.7183 17.8731 211.558 41.7439 30.4335 22.8212 20.0012 12.1229 4.30531 2.2903 1.63953 2.81999 2.10421 7.81757 169.814 18.228 6.33156 3.95116 11.8965 4.16986 2.39032 151.586 89.4863 2.17038 62.0994 57.8421
internal_count=38417 38099 37799 37548 2996 2791 34552 7112 5002 3646 3188 1942 677 396 259 458 321 1265 27440 3335 1086 595 2249 751 336 24105 15050 257 9055 8671
is_linear=0
shrinkage=0.04


Tree=124
num_leaves=31
num_cat=0
split_feature=2 25 26 4 22 22 5 12 26 2 2 5 9 2 23 22 4 23 23 25 22 0 23 23 15 5 15 8 8 8
split_gain=3.91728 6.29336 5.25257 5.99168 6.02769 11.1199 9.44325 4.90091 4.63013 4.11132 5.26305 11.876 6.60483 7.77847 6.05314 3.95638 3.66183 3.6507 5.52806 6.33647 4.70603 5.07015 5.23118 9.20625 9.39069 7.33361 6.96782 6.6126 6.31885 5.41248
threshold=0.21534725436248517 0.086930628886028399 0.050515174705297747 3.5000000000000004 0.076169268247102587 0.032750563001702405 0.74297421980283451 1.0000000180025095e-35 0.2286563348599199 0.15230640758005412 0.12764221056631911 1.0400971486306307 -0.91464368413981523 0.14201013402719873 0.0089956105154855841 0.049026876957321296 18.500000000000004 0.091786958362344642 0.022530472390741203 0.024330401086530781 0.036581966180924991 8.2054633030654607 0.0075063271097244614 0.0098832328431727647 1.3897898257208194 1.1154775203237435 0.73522266985769724 -0.079100964959614842 0.1719833967170725 -0.21284904399688617
decision_type=2 2 2 2 2 2 2 2 2 2 2 2 2 2 2 2 2 2 2 2 2 2 2 2 2 2 2 2 2 2
left_child=8 -2 3 -3 5 -5 -7 -4 9 10 16 12 13 14 -12 -14 17 18 20 -20 -1 22 29 24 -24 -26 -25 -28 -29 -22
right_child=1 2 7 4 -6 6 -8 -9 -10 -11 11 -13 15 -15 -16 -17 -18 -19 19 -21 21 -23 23 26 25 -27 27 28 -30 -31
leaf_value=-0.0084349504795863048 -0.021749610284438822 0.016560029256128619 -0.0077049324966715288 0.005834976044046274 1.707181298376655e-05 0.0036008481702004785 0.16106152895174558 0.031270269085354671 0.024910719868135367 -0.017303177304424402 -0.0070982563731366776 -0.018552246929972663 0.044116338441239841 -0.0097196899482955013 0.15166264750970798 -0.013414187644938602 0.032854822241136061 0.017529593480361087 0.043200375246849262 -0.016022310970784742 0.020077041767426626 -0.010842471579713164 -0.017999740930152237 0.071627566430156969 0.13078716709352645 0.0015682298439706826 -0.019888138147398083 0.076416555862165128 -0.0002855697144211331 -0.029710713373323015
leaf_weight=32.435486540431157 6.6093857507221392 18.550179852871228 17.011476943967867 2.1219680435024193 1.9777188869193194 0.84704203717410598 1.7020619623363016 6.2521143865305921 10.81064325198531 20.66260425047949 0.35656230477616135 5.9820105528924605 3.8588423756882539 0.69101934041827906 1.3390508748125283 2.5400835210457444 3.9330975208431473 12.697856833459808 2.096991616068407 56.889354049460962 7.1574326609261334 11.415310642914845 0.98588919220492499 1.8912314136978228 2.3812275792006408 0.91802240046672512 7.9390922805759958 1.9630852453410703 4.0735924607142806 5.1126174572855216
leaf_count=5444 1067 2034 1929 234 186 70 159 321 538 3712 56 1079 534 107 178 422 199 1546 242 11057 1294 1605 171 263 256 180 1440 209 788 1014
internal_value=0.00326324 0.0125975 0.0176268 0.0299198 0.0601555 0.081125 0.124496 0.00362677 0.000618491 -0.000908296 0.00121546 0.0232132 0.0506408 0.0970525 0.128029 0.0225529 -0.00106112 -0.00217721 -0.00414231 -0.0132318 0.00296741 0.011404 0.0193267 0.0313809 0.0774783 0.10356 0.0150762 0.00315162 0.0319725 -0.00134386
internal_weight=253.203 55.0719 48.4626 25.199 6.64879 4.67107 2.5491 23.2636 198.131 187.32 166.658 14.7676 8.78556 2.38663 1.69561 6.39893 151.89 147.957 135.259 58.9863 76.273 43.8375 32.4222 20.1521 4.28514 3.29925 15.867 13.9758 6.03668 12.2701
internal_count=38334 6000 4933 2683 649 463 229 2250 32334 31796 28084 2376 1297 341 234 956 25708 25509 23963 11299 12664 7220 5615 3307 607 436 2700 2437 997 2308
is_linear=0
shrinkage=0.04


Tree=125
num_leaves=31
num_cat=0
split_feature=26 4 26 18 26 16 19 26 2 11 11 1 0 26 26 25 11 14 0 11 19 11 17 14 15 18 16 2 22 15
split_gain=4.22639 4.29636 4.36969 5.25243 5.07285 4.25052 4.01381 6.46643 5.58824 4.66432 5.49115 5.09963 3.28308 3.15771 6.87295 6.72354 4.9827 3.3961 3.54822 3.07565 6.68505 5.49695 5.15 7.0237 11.678 6.39497 7.33822 6.32267 4.63203 4.24369
threshold=0.18546620394262328 18.500000000000004 0.078129191416379626 6.8438922646504396 0.077364451408187582 1.0000000180025095e-35 6.8042418875244497 0.047786110731899666 0.038721708338677885 6.272522886588642 4.6661634382384287 3.495221482071571 7.804489081552509 0.094451692266665346 0.10634370877230985 0.2265231447173944 5.6826147651218895 0.10497062671236615 9.0756307197004649 6.2064150478474422 6.1824113060695103 6.6765938362220645 1.0000000180025095e-35 0.099488947468764091 2.556901090648517 7.5236195799707097 1.0000000180025095e-35 0.15419198590965746 0.075421358798877347 2.3542798554395685
decision_type=2 2 2 2 2 2 2 2 2 2 2 2 2 2 2 2 2 2 2 2 2 2 2 2 2 2 2 2 2 2
left_child=1 2 4 13 6 -5 19 -8 -9 10 -10 -12 -6 -4 15 17 -16 18 -15 20 -1 22 -21 24 27 26 -26 29 -22 -24
right_child=-2 -3 3 5 12 -7 7 8 9 -11 11 -13 -14 14 16 -17 -18 -19 -20 21 28 -23 23 -25 25 -27 -28 -29 -30 -31
leaf_value=0.0014766750772528755 0.019981713924284158 0.034340441878854974 -0.014852409813846978 -0.030720242662449774 -0.0093931184679186212 0.0030090165723207123 0.0042906422501382451 -0.018877764565168258 -0.012913639570448119 -0.0077758536420565131 0.13392071028941568 0.009727009654975553 0.093529812922292413 0.11915640685437191 0.022426666546403951 -0.01208222156659285 -0.026798143194189272 -0.0077999952179120396 0.0025524492561329461 -0.006966380184726827 -0.035605277999872079 -0.01114992564142042 0.048379613304625819 -0.01155937852863304 0.1626790875256405 -0.011693109737091879 -0.00080104053193985798 -0.021373766190442157 0.0048734543590222357 -0.020348532212644082
leaf_weight=96.395083682844415 19.691928357351571 5.0631484491750589 8.126892415108161 20.059045047033578 0.47716901218518504 8.1141938536893594 13.824770566308873 0.91657156753353675 0.49323517410084683 0.78484032093547274 1.7703984903637322 0.86014319723471988 0.60091849369928241 1.5214384589344265 5.5735772037878615 1.3935720515437422 5.5959489084780216 0.4001813179347663 0.55380976852029551 7.7913220215123173 13.793784506153317 12.851744557963682 8.1333203190006333 4.4390529785305253 1.3632170632481568 0.40888893231749524 0.52764847199432541 3.1018762891180804 6.1992537037003776 1.1315089846029867
leaf_count=15330 1345 260 1178 4261 89 842 1964 178 75 126 252 60 66 260 862 223 994 70 46 1421 2208 2239 1371 784 243 74 53 483 845 196
internal_value=0.00265752 0.00110939 0.000221609 -0.00993216 0.00322511 -0.0212357 0.00247203 0.0195101 0.0548935 0.0725144 0.089681 0.107176 0.0653766 0.00412484 0.0146669 0.0543377 -0.00241059 0.0844472 0.0989876 0.000325681 -0.00296308 0.00979193 0.0198393 0.0305735 0.0432496 0.111144 0.132563 0.0232534 -0.0234197 0.0388212
internal_weight=251.958 232.267 227.203 51.3387 175.865 28.1732 174.787 18.65 4.82519 3.90862 3.12378 2.63054 1.07809 23.1654 15.0385 3.869 11.1695 2.47543 2.07525 156.137 116.388 39.7486 26.8968 19.1055 14.6665 2.29975 1.89087 12.3667 19.993 9.26483
internal_count=38398 37053 36793 8736 28057 5103 27902 2655 691 513 387 312 155 3633 2455 599 1856 376 306 25247 18383 6864 4625 3204 2420 370 296 2050 3053 1567
is_linear=0
shrinkage=0.04


Tree=126
num_leaves=31
num_cat=0
split_feature=23 1 4 11 11 1 19 26 15 24 4 11 1 26 15 17 8 9 11 22 24 25 1 19 23 22 24 1 18 22
split_gain=4.01832 5.54542 3.84813 3.70608 6.93862 5.54827 4.42512 4.39159 4.17797 4.19995 4.13106 6.49521 5.46695 7.69268 7.08916 5.43121 4.44546 7.8346 4.47281 4.3648 4.26928 4.12748 3.66956 4.5585 3.92177 3.72816 3.51501 4.16992 7.38433 5.0216
threshold=0.083945771504502775 0.08073008299568081 18.500000000000004 5.6552409998975532 6.0330233445898696 -0.44917738944568325 6.714028157881752 0.055828291197601847 1.895620922209271 0.027899559356531101 3.5000000000000004 6.281207222508713 -0.1222321727429055 0.042123660047656365 1.9114018035314342 2.5000000000000004 -0.70797233647631275 -0.05963792059400435 6.2227608437175741 0.07912048834589111 0.066986562244604031 0.30266336493498647 -1.1195390982071902 4.9876458535780301 0.024720302357081499 0.026867924161523091 0.023452208146267906 1.6755970958062589 6.641480726709573 0.095645100639391037
decision_type=2 2 2 2 2 2 2 2 2 2 2 2 2 2 2 2 2 2 2 2 2 2 2 2 2 2 2 2 2 2
left_child=2 -2 3 -1 6 22 -5 -8 9 -9 12 16 13 -7 -15 -13 17 19 -18 -12 21 -16 23 24 25 -6 -3 28 -28 -30
right_child=1 26 -4 4 5 10 7 8 -10 -11 11 15 -14 14 20 -17 18 -19 -20 -21 -22 -23 -24 -25 -26 -27 27 -29 29 -31
leaf_value=0.0056363829237068511 -0.014354175726943166 0.0054942205180631889 0.033738672423459078 -0.023237320531530239 -0.013125802733707193 -0.015449949616592894 -0.016828868018428277 0.11036420541527746 -0.015031588668327782 -0.00076829724991918401 0.15164935703831359 -0.014641472668555637 -0.0055167024301011128 -0.0035460810863834481 0.15361257986423227 0.03374656588896937 -0.0041826009726763751 -0.0040022864428710218 0.068586759991628346 0.00028647666191566857 -0.0084700349747551477 -0.0067850737981647955 -0.031832183390757954 -0.018626660656459473 -0.018340259500504313 0.08774031814828509 -0.0087685266656827229 0.016128774526394694 0.10314487910436565 -0.012706519214555234
leaf_weight=105.01506247580983 6.1230993042700019 8.0411070480477083 4.6198635641485444 34.301836730446666 0.48319900874048771 2.2130313748493782 2.8917077316436908 0.65598951210267864 0.84250753326341499 0.7899186450522393 0.9462647973559799 8.3763759529683721 34.399877111194655 1.1594502592924985 0.8570327474735675 5.1690337243489912 3.7281964828725931 0.96273041190579522 1.0310893794521687 0.36592322611249983 0.2641909725498407 0.20311088976450264 9.8730591274797899 4.4910936637315899 0.83363853185437609 1.1995126039255408 1.4504791372455637 7.0632976314518601 3.22365331533365 0.46076943608932186
leaf_count=15996 1191 806 244 5753 90 458 465 70 130 81 111 1252 5950 234 162 273 435 111 110 38 49 50 2023 934 178 163 165 476 353 76
internal_value=0.00281192 0.0172894 0.0010519 0.000219911 -0.00468827 0.00236488 -0.0180851 0.0142712 0.0467371 0.0741593 0.00810726 0.0221559 0.00034425 0.0367036 0.0742684 0.00487437 0.0506852 0.0878451 0.0207543 0.127819 0.11461 0.134505 -0.0172537 0.00469658 0.0397823 0.06468 0.0270877 0.0398275 0.0644835 0.089037
internal_weight=252.036 26.3624 225.674 221.054 116.039 76.5568 39.482 5.18012 2.28842 1.44591 59.6763 20.5796 39.0967 4.69682 2.48378 13.5454 7.0342 2.27492 4.75929 1.31219 1.32433 1.06014 16.8805 7.00744 2.51635 1.68271 20.2393 12.1982 5.1349 3.68442
internal_count=38427 3067 35360 35116 19120 12621 6499 746 281 151 9233 2330 6903 953 495 1525 805 260 545 149 261 212 3388 1365 431 253 1876 1070 594 429
is_linear=0
shrinkage=0.04


Tree=127
num_leaves=31
num_cat=0
split_feature=17 23 24 15 19 9 1 26 22 9 14 15 1 9 22 22 11 19 8 5 5 1 1 24 23 26 5 13 22 2
split_gain=4.02398 4.04155 4.81624 4.13773 4.05333 3.70334 3.54427 3.50648 3.39186 3.33711 3.89213 4.21954 3.26915 5.57457 3.98655 4.24858 3.99115 3.24659 4.56311 4.63245 6.36393 4.29128 5.92781 5.97695 4.66992 3.18805 3.08187 3.02486 3.80998 3.97558
threshold=7.5000000000000009 0.083945771504502775 0.023452208146267906 1.0527597857183006 6.3720358728564088 -0.97605951411012548 8.8240742628521645 0.4676905408112913 0.18342535100948251 0.9822935704606458 0.033021963802105141 1.7636035144251019 1.6755970958062589 0.58440979868270426 0.10127591957241096 0.0085070624036806142 5.1102825886496683 6.6336536479397843 -0.16052651949945715 1.451482267013485 1.3298990338028227 0.6306522217814815 1.9442303477643728 0.013253527137053611 0.037005724164700111 0.01559539281428997 0.91016752140927448 1.0000000180025095e-35 0.027230259871540551 0.060632895596502541
decision_type=2 2 2 2 2 2 2 2 2 2 2 2 2 2 2 2 2 2 2 2 2 2 2 2 2 2 2 2 2 2
left_child=1 6 8 -4 5 -5 7 9 -3 17 -11 -12 13 14 15 -7 -17 27 19 20 21 -19 23 -23 -25 26 -20 -1 29 -29
right_child=-2 2 3 4 -6 12 -8 -9 -10 10 11 -13 -14 -15 -16 16 -18 18 25 -21 -22 22 -24 24 -26 -27 -28 28 -30 -31
leaf_value=-0.0065128977158361266 0.026481811390991428 -0.017027049981603485 -0.012727744668349422 -0.006289095508857338 -0.011654365254634322 -0.010009303767282294 0.019468033321837826 0.035149012082213715 0.03065180171977764 -0.020872618948359296 0.076378753803722998 0.0056955028381924303 0.022759739025573454 -0.014286380600182795 -0.0025770826151248361 0.019535764392782172 0.13432613673331623 -0.0032441867865647023 0.053018985306009035 -0.016491207219352415 0.1009098603067376 -0.014911693063695447 -0.00012326288739061318 0.12477031213361003 -0.0086890657627274864 -0.019499053376971505 -0.017381087390191362 -0.012805440624372005 -0.0021079956696519121 0.072861827704459051
leaf_weight=157.82420641824137 10.031387825496493 7.9499235851690191 2.543336378177627 1.573304995894431 1.8025629317853589 0.3305265258532003 12.94157966901548 3.1235502362251273 2.2719374799635261 1.5975114298053075 1.7561806465964762 2.9984453429933637 4.3732917739544064 0.67460207198746491 0.60688902903348196 1.0129326242022219 2.4547275113873184 6.0557661035563815 1.3193915630690747 3.0829961649142197 1.0070891482755531 0.58703054441139135 2.7140281812753528 1.4248917989898471 0.3577959369868039 9.2209212945308519 1.0800594212487338 0.87981972051784252 6.4086927948519588 1.7773954595904795
leaf_count=27641 392 1183 309 169 247 58 1159 71 136 251 153 343 272 112 83 138 313 1114 156 513 124 101 231 187 66 1457 195 143 804 209
internal_value=0.00285044 0.00176481 0.0164793 0.0299503 0.0387198 0.0472393 -4.53164e-05 -0.00137725 -0.00464273 -0.0021194 0.0243562 0.040539 0.0558976 0.0759911 0.0899017 0.102136 0.112673 -0.00310806 0.00956786 0.023349 0.0339463 0.0200785 0.0438272 0.0792622 0.104488 -0.00891259 0.0255389 -0.00519226 0.0161612 0.0487514
internal_weight=251.783 241.751 25.594 15.3722 12.8288 11.0263 216.157 203.216 10.2219 200.092 6.35214 4.75463 9.45297 5.07968 4.40508 3.79819 3.46766 193.74 26.85 15.2296 12.1466 11.1395 5.08375 2.36972 1.78269 11.6204 2.39945 166.89 9.06591 2.65722
internal_count=38330 37938 3020 1701 1392 1145 34918 33759 1319 33688 747 496 976 704 592 509 451 32941 4144 2336 1823 1699 585 354 253 1808 351 28797 1156 352
is_linear=0
shrinkage=0.04


Tree=128
num_leaves=31
num_cat=1
split_feature=18 2 26 25 25 15 8 22 24 18 22 15 23 14 1 8 6 1 25 2 14 15 18 18 25 14 1 1 1 23
split_gain=4.21154 4.93653 3.62124 3.49512 8.51881 10.6847 12.06 8.10631 8.01967 6.4956 5.31818 7.10257 4.04646 3.85881 3.7904 3.75352 3.50536 4.95726 4.73666 4.4054 7.10368 5.1912 4.08148 5.09537 3.99672 5.22272 5.5996 5.77117 6.59357 7.9662
threshold=3.6021870837399188 0.48470069411158639 0.17926969291675618 0.078610831299109687 0.068048718148225953 2.0342604713789414 -0.56420761596138025 0.064446826520855718 0.11843572739606358 7.7984530128281637 0.0059992987528998667 0.86932363577905469 0.025542870342630596 0.03259724283149399 -0.18644054689183739 -0.46056460276963646 0 -1.4923709512710983 0.15226032011560281 0.17509357554583291 0.055846424287609588 1.4008497895115479 6.6333503425481988 7.4601746356365437 0.12385511496409828 0.12377809614584952 -0.026276933855323748 -1.0297147082534768 -1.3545311547161436 0.02952972848019253
decision_type=2 2 2 2 2 2 2 2 2 2 2 2 2 2 2 2 1 2 2 2 2 2 2 2 2 2 2 2 2 2
left_child=-1 2 3 4 8 9 -7 -8 10 -6 15 13 -10 14 -12 -2 17 18 -5 21 -21 -19 -22 -24 -18 26 27 28 -26 -30
right_child=1 -3 -4 16 5 6 7 -9 12 -11 11 -13 -14 -15 -16 -17 24 19 -20 20 22 -23 23 -25 25 -27 -28 -29 29 -31
leaf_value=0.028279338251822047 0.070961231912115563 0.01657679426779974 0.016336212596975146 0.10198668049213935 -0.029133251934932828 -0.017565466715429828 0.15449733560601672 -0.011647002386549459 -0.0077380798616696672 0.06934320582593366 -0.012704113038486484 -0.025405514630465573 0.086624782488198021 -0.0055210064672073346 0.093053087451185804 -0.015565665401042912 -0.022094990141746221 0.023620339827172977 -0.0014368912004557735 -0.020766775650393018 -0.0045199782722268531 -0.017851586658501523 0.12438024983670878 -0.0031839679293015227 -0.01710610132391523 -0.021922675584447431 0.006896769925014529 -0.024901088015649987 0.069539596118193533 -0.024017327029573932
leaf_weight=8.3700959570705873 1.1336352846119551 27.508847162127495 16.450807692948729 0.69924393459223466 3.0504405584651972 0.95511782448738847 1.7168896486982705 0.4076145531143992 0.84387477557174806 0.45945084490813304 0.46089070057496428 18.367608314030804 1.2840936065185813 2.1101423560176045 0.87564268987626126 0.80458436207846418 24.744445137679577 6.1559115964919391 1.1683224441949276 1.6493313510436554 0.77445078012533519 13.966889102244748 1.0530243292450903 0.59815712948329736 6.1160888036247343 21.368028321652673 59.690216404385865 21.90129526797682 3.3102351943962258 1.5829558379482476
leaf_count=309 112 2226 1281 74 565 191 186 88 103 58 86 3261 81 328 106 129 4519 1025 222 313 113 2757 135 71 1274 3678 9423 4721 512 362
internal_value=0.00196689 0.000940844 -0.00113976 -0.00267233 0.00913901 0.0464082 0.0904533 0.129095 -0.00172368 -0.00372504 -0.00928893 -0.0154833 0.0586934 0.0312152 0.0667549 0.0419696 -0.00504087 0.00699456 0.0593481 0.00353488 0.0368926 -0.004647 0.0707159 0.0943984 -0.00731347 -0.00457602 -0.000381759 -0.013397 0.00965651 0.0403341
internal_weight=249.578 241.208 213.699 197.249 32.47 6.58951 3.07962 2.1245 25.8805 3.50989 23.7525 21.8143 2.12797 3.44668 1.33653 1.93822 164.779 26.0653 1.86757 24.1978 4.07496 20.1228 2.42563 1.65118 138.713 113.969 92.6008 32.9106 11.0093 4.89319
internal_count=38309 38000 35774 34493 5294 1088 465 274 4206 623 4022 3781 184 520 192 241 29199 4710 296 4414 632 3782 319 206 24489 19970 16292 6869 2148 874
cat_boundaries=0 1
cat_threshold=706
is_linear=0
shrinkage=0.04


Tree=129
num_leaves=31
num_cat=1
split_feature=6 2 25 26 4 24 14 1 18 22 3 9 26 25 24 11 23 8 26 15 24 2 24 24 11 14 15 2 14 15
split_gain=6.5164 4.70226 8.38369 4.60067 5.31878 6.42899 5.68663 5.10826 5.28112 5.06659 5.01197 4.8203 4.41847 5.76233 5.56727 4.31248 4.0548 5.27882 4.03877 5.62983 5.02389 4.05709 3.93129 3.92671 3.92295 3.80288 3.7137 6.0106 6.84521 8.65342
threshold=0 0.21534725436248517 0.14990340452914572 0.079588938780975602 2.5000000000000004 0.062882368332307023 0.014216555336698088 0.49455752559507143 6.7228201772045297 0.18342535100948251 1.0000000180025095e-35 -0.95369603593155461 0.054155446221428975 0.15226032011560281 0.10090979950124511 4.5861220968588743 0.0080419209739694738 -0.13936823229787107 0.13379952559280558 1.1937649331687796 0.15679920913117151 0.046446812610393733 0.014143501483552546 0.027599018426620613 6.2384615197064539 0.073065099349839083 1.4588773312613041 0.060632895596502541 0.024634825067767315 0.69305491042585643
decision_type=1 2 2 2 2 2 2 2 2 2 2 2 2 2 2 2 2 2 2 2 2 2 2 2 2 2 2 2 2 2
left_child=1 18 -3 4 26 6 7 8 -6 11 -8 16 15 -14 -15 -7 17 -5 20 21 25 -20 -12 -24 -10 -1 27 -2 -29 -30
right_child=3 2 -4 9 5 12 10 -9 24 -11 22 -13 13 14 -16 -17 -18 -19 19 -21 -22 -23 23 -25 -26 -27 -28 28 29 -31
leaf_value=0.0039341346122054926 -0.025255007829304749 -0.016807560061144235 0.031279982933486127 0.097042620712200309 -0.016633175644587359 0.06010419842378379 -0.018128793674130263 -0.011286751702214538 0.10289464098355806 0.03286370260717212 -0.015554400208530961 -0.03447714625004758 -0.012347436095584597 0.14411616332290186 -0.0014107209161428145 -0.0025064588220517505 -0.014407530535909041 -0.015021989823199777 -0.0029367155780834603 0.0054611593998530154 0.039924261257142615 0.077881605293782338 0.065070868633714807 -0.00047720197771795539 -0.0094989937122267522 -0.013315163097132552 -0.01951837791415385 -0.025987392105380855 -0.018344726060488686 0.073897700942893149
leaf_weight=57.187281702412292 5.2203251670580348 6.7979148186277625 24.658877877285704 0.47820384567603469 0.70607404294423703 1.5357066697906683 19.55954763432965 1.9981049904599784 1.7787105683237316 1.7599424652289588 2.9432033258490256 19.070477832341567 0.60160636133514334 0.73431087145581819 0.52990973694249988 5.5118290656246245 3.7391070502344519 0.81552784633823339 1.2566577752586443 11.31252880534157 3.7839686851948491 2.7462274024728686 2.4193600490689278 2.5295912042493001 0.4123556283302604 30.568297092104331 28.184710880042985 2.2567496530245972 1.9011774463579056 4.0752943519037217
leaf_count=8268 1062 938 1880 69 164 184 3677 326 223 170 504 4036 115 120 69 947 707 146 131 1064 300 184 337 487 85 4802 5950 427 328 758
internal_value=0.00137752 0.00685477 0.0206904 -0.00569273 -0.00153039 0.00854556 -8.86254e-05 0.0356698 0.0626411 -0.0205997 -0.00749472 -0.025657 0.0367275 0.0795611 0.109435 0.0169101 0.0079394 0.0506493 0.00326319 0.0215977 -4.58193e-06 0.0569941 0.0179352 0.0371185 0.0853942 -0.00215671 -0.0114811 0.00554206 0.0256895 0.046131
internal_weight=247.074 138.312 31.4568 108.762 82.8986 41.2603 32.3469 4.89525 2.89714 25.8633 27.4517 24.1033 8.91336 1.86583 1.26422 7.04754 5.03284 1.29373 106.855 15.3154 91.5395 4.00289 7.89215 4.94895 2.19107 87.7556 41.6383 13.4535 8.23322 5.97647
internal_count=38458 17567 2818 20891 15763 7238 5803 798 472 5128 5005 4958 1435 304 189 1131 922 215 14749 1379 13370 315 1328 824 308 13070 8525 2575 1513 1086
cat_boundaries=0 1
cat_threshold=968
is_linear=0
shrinkage=0.04


Tree=130
num_leaves=31
num_cat=0
split_feature=22 24 11 1 5 26 5 18 8 15 15 25 23 15 18 8 0 22 23 23 18 22 23 23 8 23 8 5 2 2
split_gain=3.61737 4.14861 3.65607 3.2706 3.25278 4.98254 3.69042 3.6264 3.09583 2.92262 10.3566 5.39735 5.78857 4.69979 4.64913 4.49286 5.05514 4.9475 4.65372 6.25014 4.54463 5.33775 5.45947 4.63575 8.12768 4.64466 4.27322 3.89845 4.74564 5.58271
threshold=0.20734162958880673 0.14091990189930997 5.4530152559409926 0.15477939537752969 1.5757751663603441 0.0034095035461971538 1.5077597939147382 7.2171667756025384 -0.52171592434450553 2.7889329263186915 2.8586949110436213 0.26305703970370847 0.040784610519838921 2.3542798554395685 6.4687670843139609 -0.98754269504005221 7.4141191140448397 0.0719095728184595 0.0078589449360286241 0.020566894726456359 6.0758304699801373 0.028651015791082469 0.0085060312418295623 0.022530472390741203 -0.079100964959614842 0.053073506487768297 -0.71488629966519801 0.55554498947375308 0.061281752888723222 0.15040865442217857
decision_type=2 2 2 2 2 2 2 2 2 2 2 2 2 2 2 2 2 2 2 2 2 2 2 2 2 2 2 2 2 2
left_child=1 4 -3 -2 6 -6 9 -8 -9 13 11 12 14 15 -11 16 17 18 -1 -20 21 -17 -23 24 -24 -25 -15 28 -22 -30
right_child=3 2 -4 -5 5 -7 7 8 -10 10 -12 -13 -14 26 -16 20 -18 -19 19 -21 27 22 23 25 -26 -27 -28 -29 29 -31
leaf_value=-0.011433565174033067 -0.022500031197790104 0.040740335609659395 -0.00077352995962034305 0.029987675016565168 0.043199852661819527 -0.015737166063545839 -0.0031798136454967208 0.082173506691106957 0.0037931587019547743 -0.0047804266136183922 0.0017374691130923466 -0.014284987357212509 -0.0097446376815310647 -0.037894879241289203 0.1336286813961608 -0.010555741272504637 0.0011206605754661876 -0.015210072740008681 0.14160448833317971 0.014720383877489652 -0.01439907580958363 -0.015289775589523649 0.0088784192274385942 -0.011649839162786583 0.12340200619557758 0.051329264922591912 -0.0051916888296059662 -0.0077561225955635705 0.049073667044069076 -0.0050596645366826334
leaf_weight=0.55634071328677137 1.514394576428457 6.4969440437853319 6.13563850405626 10.571757104247807 1.5105869143735606 32.389758952660486 2.7551190219819537 1.5051185959018769 1.3383358491118995 0.37880152044818149 22.792745203012601 0.68892898829653848 0.57491400209255505 8.7677455211523938 1.5472032360266892 6.7607359315734383 5.613696590764448 0.83206191798672069 0.98180961771868203 1.2848606284242121 6.069058331660929 2.5534924608655265 1.8892988902516665 3.4388930250424892 1.566231865901498 2.4692269873339683 19.648493656422943 82.489548754296266 6.4067337547894549 4.8888211962766945
leaf_count=100 246 478 676 655 199 6322 538 123 201 58 3314 112 99 1559 196 830 800 172 100 235 1050 356 239 456 145 269 3160 14158 877 683
internal_value=0.00172674 0.000581261 0.0219994 0.0221942 -0.000732468 -0.0119484 0.00134474 0.0307314 0.0558675 0.000278931 0.0124397 0.0702448 0.0909593 -0.00180994 0.114076 0.00149684 0.0268794 0.057702 0.0775495 0.0962041 -0.000696251 0.016894 0.0320782 0.0452245 0.0768327 0.0182916 -0.0162274 -0.00412143 0.0126271 0.0271383
internal_weight=246.417 234.331 12.6326 12.0862 221.699 33.9003 187.798 5.59857 2.84345 182.2 25.9826 3.18985 2.50092 156.217 1.926 127.801 9.26877 3.65507 2.82301 2.26667 118.532 18.6779 11.9171 9.36365 3.45553 5.90812 28.4162 99.8542 17.3646 11.2956
internal_count=38406 37505 1154 901 36351 6521 29830 862 324 28968 3779 465 353 25189 254 20470 1407 607 435 335 19063 2295 1465 1109 384 725 4719 16768 2610 1560
is_linear=0
shrinkage=0.04


Tree=131
num_leaves=31
num_cat=1
split_feature=6 15 18 1 15 26 26 5 19 8 23 15 26 5 18 1 18 19 26 19 1 18 1 25 25 24 5 15 25 24
split_gain=4.41955 4.53636 4.80087 4.2097 3.94469 6.02248 6.40144 6.36067 4.96314 4.9417 4.70781 4.44946 4.40732 4.48673 4.23132 7.04719 6.5186 5.4719 5.17212 4.7533 3.94484 3.89435 3.79974 6.97745 6.33142 5.10849 5.26587 4.43999 3.94284 4.29826
threshold=0 7.9189953302902163 7.0615493918519325 -0.36867092764284498 1.4690503949924267 0.076640709632648671 0.067559561919965358 0.99188368196086141 6.6336536479397843 0.16036906031022743 0.0093537259696931229 2.2700535572113112 0.0016988283099008625 1.2512794929559321 7.3441873263908226 0.52046082816212269 5.5577499104480088 6.301665891136099 0.045081205091640146 4.4474451432556998 0.28209815576998354 6.7377500439665514 -0.14709367479391972 0.078610831299109687 0.048849541697295128 0.020091283316608848 0.97293261528297836 1.9114018035314342 0.13924128947868875 0.037512065247219069
decision_type=1 2 2 2 2 2 2 2 2 2 2 2 2 2 2 2 2 2 2 2 2 2 2 2 2 2 2 2 2 2
left_child=3 4 -3 -1 5 6 10 21 12 11 -2 -10 13 -6 16 17 -12 18 19 -16 -18 -8 23 24 -5 26 -25 -28 29 -24
right_child=1 2 -4 22 8 -7 7 -9 9 -11 14 -13 -14 -15 15 -17 20 -19 -20 -21 -22 -23 28 25 -26 -27 27 -29 -30 -31
leaf_value=-0.0079581300669573415 -0.021221455762639896 -0.013161896558236146 0.058075832565544973 -0.01161272153287996 -0.018518692804698207 -0.02168127473895658 -0.0073766285555524344 -0.013380477310700689 0.057922107670855198 -0.022222775819047854 0.05887680817923914 -0.0055009839000295917 -0.016641325682703417 0.078503099510287083 -0.009934676841747668 -0.014197139543070732 -0.032223301857021922 -0.01744744291398188 -0.010974514053526119 0.10939277032239884 0.012879813603074526 0.12540855978233068 -0.014615771527764436 -0.017875004235668325 0.12971054178335659 -0.022041670441125462 -0.010401588406943855 0.11837453949797121 0.013941189621377135 0.013848045751337785
leaf_weight=22.82871109561529 5.9710995338391575 2.0212114003952584 2.7516389559023082 0.48693660646676906 0.84832544066011795 9.0323816642630828 0.30219214851967924 0.78722960152663279 3.5865217449609172 2.9740807404741645 1.6207226011902118 2.6213438136037439 62.680616430006921 0.65724523644894361 0.43647212744690422 2.3089649102184922 5.4359432017663476 0.76359287439845491 0.65228647086769331 2.9246532805263996 5.1970214003231376 0.95016923942603171 19.236452091019601 0.7991231041960416 0.87183512840420008 2.8944092674646527 0.38728252053260803 0.53575875912792981 69.927987381117418 13.648412898764944
leaf_count=4058 1079 432 387 74 138 1718 59 169 636 583 154 526 12465 62 65 355 1216 140 116 302 1016 136 2583 161 79 500 69 81 7418 1620
internal_value=0.00220258 -0.00347996 0.0308539 0.00687972 -0.00555239 0.00512274 0.0144272 0.0694331 -0.0108438 0.0154612 0.00752425 0.0340933 -0.0147863 0.0382629 0.0170065 0.0394729 0.00201672 0.0633814 0.0791726 0.0951722 -0.0109663 0.104318 0.0106641 0.0394096 0.0956131 0.00878938 0.0496684 0.0870313 0.00862996 -0.00274221
internal_weight=246.141 114.524 4.77285 131.617 109.751 36.3827 27.3503 2.03959 73.3681 9.18195 25.3108 6.20787 64.1862 1.50557 19.3397 7.08597 12.2537 4.777 4.01341 3.36113 10.633 1.25236 108.788 5.97535 1.35877 4.61657 1.72216 0.923041 102.813 32.8849
internal_count=38397 21754 819 16643 20935 6525 4807 364 14410 1745 4443 1162 12665 200 3364 978 2386 623 483 367 2232 195 12585 964 153 811 311 150 11621 4203
cat_boundaries=0 1
cat_threshold=904
is_linear=0
shrinkage=0.04


Tree=132
num_leaves=31
num_cat=1
split_feature=23 14 25 1 25 25 2 14 9 14 23 26 1 6 2 22 2 23 2 26 22 25 25 15 15 23 8 25 1 0
split_gain=3.48822 2.98049 5.31482 4.03902 3.55101 6.41223 7.26657 4.18755 6.52042 6.98155 4.67215 4.50619 4.1396 4.139 8.72444 6.11856 6.09817 8.46304 7.77796 6.41046 5.2764 8.37166 7.61786 4.70231 4.66879 4.5153 5.09742 4.09183 5.8277 4.05984
threshold=0.2072074871879285 0.0037858060866932173 0.16336720063617263 -0.60158923249819696 0.078610831299109687 0.075897668826592074 0.15419198590965746 0.034255388852680639 -0.89420561857343794 0.020046677681066414 0.01601063420915071 0.0090211988342887763 2.0001107658256259 0 0.034034998136848175 0.026508580103878156 0.047064989988540307 0.020566894726456359 0.21534725436248517 0.087237454658845623 0.04179574577113148 0.24233314489512331 0.19051263501270491 3.190579114976289 2.2870264025115064 0.0082018163884803458 -0.51360168250142457 0.3756669730444715 3.0799924433167853 8.0571158731150572
decision_type=2 2 2 2 2 2 2 2 2 2 2 2 2 1 2 2 2 2 2 2 2 2 2 2 2 2 2 2 2 2
left_child=1 2 -1 -4 5 6 7 8 -3 -10 -9 -11 -13 14 -6 -15 17 -16 19 -18 21 22 -21 24 -17 -25 -27 28 -28 -7
right_child=-2 4 3 -5 13 29 -8 10 9 11 -12 12 -14 15 16 23 18 -19 -20 20 -22 -23 -24 25 -26 26 27 -29 -30 -31
leaf_value=-0.015400592297078131 0.029983402750742117 -0.015107684031528817 -0.019218429794095694 0.055396649235354083 -0.019145700905406342 0.089325756044603133 -0.026686962913221014 -0.021764041517288314 0.011171263685356784 -0.012067019606671954 0.019070512512954507 0.11438460983874273 -0.0075479738352807624 -0.022206195677119994 0.074595136816320448 0.0009995522000480954 -0.012888880461209465 -0.0041445878819599173 0.025069221050738701 0.014447756592440329 -0.008511170862640317 -0.014792675907080442 0.1126724070144723 -0.024053589623214005 -0.024445949610145377 -0.013853503688153508 0.096118762161824023 0.00259344613343233 -0.015591386783557716 -0.01072586822211964
leaf_weight=3.3560542070772481 5.725935368333011 2.6440309931058437 0.9127116196323185 4.9096761534456164 19.60799615108408 1.5017542224377387 7.4625420656520864 6.4816053190734264 4.0286006659735012 0.42618541489355299 10.215497759520074 2.6000026292167608 0.37315609818324436 32.537318762158975 4.1516451442148528 45.514565222663805 32.570856347214431 3.6177496162708849 21.918708240846172 2.8278393708169443 5.9058530919719487 2.6057338293176144 1.9272326529026029 1.6973059163428823 14.421950323740019 1.8361764238215981 2.7439643775578593 1.7403592555783687 0.61961696087382723 0.61218489543534804
leaf_count=525 315 385 158 503 2861 195 1354 1021 557 58 1616 364 29 6284 517 8703 5025 571 1486 301 752 313 111 274 3010 317 376 268 81 104
internal_value=0.00156821 0.000774508 0.0219612 0.0425975 -0.000151995 0.0111587 0.00597614 0.0157149 0.0348026 0.0522531 0.00288495 0.0873336 0.101033 -0.00229275 0.00363188 -0.00747202 0.0101929 0.041639 0.00603393 -0.00340932 0.019136 0.0396832 0.0669187 -0.00133615 -0.00542385 0.0246486 0.0380888 0.0559835 0.0766831 0.0662116
internal_weight=247.495 241.769 9.17844 5.82239 232.59 36.3456 34.2316 26.7691 10.072 7.42794 16.6971 3.39934 2.97316 196.245 95.1336 101.111 75.5256 7.76939 67.7562 45.8375 13.2667 7.36081 4.75507 68.5739 59.9365 8.63742 6.94012 5.10394 3.36358 2.11394
internal_count=38434 38119 1186 661 36933 5683 5384 4030 1393 1008 2637 451 393 31250 11937 19313 9076 1088 7988 6502 1477 725 412 13029 11713 1316 1042 725 457 299
cat_boundaries=0 1
cat_threshold=962
is_linear=0
shrinkage=0.04


Tree=133
num_leaves=31
num_cat=0
split_feature=13 14 17 19 19 5 24 4 9 22 22 19 18 24 24 25 2 4 24 25 19 2 0 24 3 22 14 0 11 26
split_gain=5.05522 4.3425 3.67294 3.07098 4.19414 3.90063 3.65991 4.23785 3.7314 3.43636 4.017 4.4252 3.81552 3.32638 5.12628 4.25431 6.9164 3.46423 3.35799 5.54561 5.08386 5.8251 6.30102 6.23398 6.72512 5.11637 4.37651 4.33105 6.27967 5.09049
threshold=1.5000000000000002 0.53217592904703948 9.5000000000000018 6.7788413266989638 6.992131376126868 1.451482267013485 0.061454731504594642 2.5000000000000004 -0.36965007010790707 0.012440523258738836 0.019582241611913055 6.9027764224274319 7.303661097774957 0.11843572739606358 0.073478647052896431 0.064232358127733175 0.17293574456412855 2.5000000000000004 0.014549337990332993 0.14615229178045233 5.5137282868049287 0.045917595755695491 7.1414943876784651 0.0098509389574549956 1.0000000180025095e-35 0.017353624323507965 0.18013334774570519 7.4141191140448397 6.8034741032109478 0.011760456778763225
decision_type=2 2 2 2 2 2 2 2 2 2 2 2 2 2 2 2 2 2 2 2 2 2 2 2 2 2 2 2 2 2
left_child=1 2 3 13 5 9 -6 -8 -9 -5 -11 -12 -13 14 18 17 -17 -15 19 -1 21 22 23 24 25 -21 27 -20 29 -29
right_child=-2 -3 -4 4 6 -7 7 8 -10 10 11 12 -14 15 -16 16 -18 -19 26 20 -22 -23 -24 -25 -26 -27 -28 28 -30 -31
leaf_value=-0.0257883861700294 0.032605379742704187 0.031445415032538955 0.02904579670103476 -0.01636828716415412 -0.012148599098071112 -0.017574105209729466 -0.017613436328162563 0.075612875321836012 -0.012622080458866425 0.10614061379044742 -0.004731634600087342 0.084001217218364149 -0.011028264012902713 -0.013972574969770344 -0.023837823154544455 -0.02011141667929954 0.036780106416393406 0.077988295887663428 0.013581920667519851 -0.0085941963843246139 -0.016684876298948478 -0.0030785231032066178 0.0040261432567774962 -0.012704505378323969 -0.010485036799600144 0.1470146481681821 -0.024738570107276973 0.019460844734244014 0.042216965980801116 -0.012842239719695428
leaf_weight=22.106744042015634 6.6395385330542913 5.6409961981698862 5.1931130755692712 0.87583231134340334 12.45453020441346 1.5239528991514815 1.5508074674289667 1.726624404313043 0.71524295350536693 0.92081881756894279 3.043771302793175 1.5282157205510887 0.63621348747983564 0.53014658228494127 20.128506915294565 7.3543069344013912 4.7974147726781666 1.4613761603832243 41.471129467128776 0.27165027055889712 17.856958515592851 15.523108618799595 4.2991204282734543 0.76149868580978353 0.53918339521624137 1.3355063518974928 8.3035487657180038 8.5649425790179503 3.4700557210016987 42.909806522307917
leaf_count=4077 274 292 206 135 2004 263 269 153 95 84 438 176 98 87 3574 1098 375 73 7793 57 2829 2430 690 143 99 184 1453 1214 538 7244
internal_value=0.000577578 -0.000450767 -0.00135851 -0.00217964 0.0107848 0.0319045 -0.0013678 0.0279589 0.0536098 0.0435196 0.0531731 0.0282199 0.0614103 -0.00383041 -0.00526227 0.01425 0.00343777 0.0570206 -0.0029006 -0.0101444 -0.00120832 0.011141 0.0384116 0.0752097 0.100525 0.127505 0.00149109 0.0039808 -0.00337916 -0.00719886
internal_weight=244.135 237.495 231.854 226.661 24.976 8.5288 16.4472 3.99267 2.44187 7.00485 6.12902 5.2082 2.16443 201.685 187.542 14.1432 12.1517 1.99152 167.413 62.6938 40.587 22.7301 7.20696 2.90784 2.14634 1.60716 104.719 96.4159 54.9448 51.4747
internal_count=38445 38171 37879 37673 3715 1194 2521 517 248 931 796 712 274 33958 32325 1633 1473 160 28751 10509 6432 3603 1173 483 340 241 18242 16789 8996 8458
is_linear=0
shrinkage=0.04


Tree=134
num_leaves=31
num_cat=0
split_feature=25 13 19 19 15 25 25 0 8 22 14 11 23 24 25 22 8 22 0 19 15 26 0 0 0 25 24 14 8 18
split_gain=3.08805 3.15484 2.63488 3.13135 6.95704 5.39136 7.95007 5.41178 5.94664 5.90585 3.3882 2.87173 2.55422 5.00871 4.76042 3.6087 7.51575 6.59615 4.03978 4.39833 4.41094 3.54725 3.53654 5.23184 8.98365 5.95738 3.9962 3.41385 4.74665 5.72376
threshold=0.63750947092527643 1.5000000000000002 3.6165061341013969 4.1623143019034776 1.8441637281533991 0.31263797312553043 0.15359671558912599 9.3755702544797792 0.52970924171258504 0.013614950882652797 0.093325466475688276 3.8516712075938595 0.083945771504502775 0.012582655317800964 0.11589477638006114 0.0063486543975564439 -0.77422340276610335 0.004708356463830542 7.8398890504242633 5.2185175919106266 2.0174606324188482 0.024953799532097521 8.4429025532592892 8.0865290974051529 7.1066700502931939 0.19452257817550969 0.066986562244604031 0.073065099349839083 -0.95307953666290923 7.6091750707130101
decision_type=2 2 2 2 2 2 2 2 2 2 2 2 2 2 2 2 2 2 2 2 2 2 2 2 2 2 2 2 2 2
left_child=1 2 -1 4 11 6 10 8 9 -8 -6 -4 15 -14 -15 16 17 -5 19 20 21 -18 23 24 25 -16 -27 28 29 -17
right_child=-2 -3 3 12 5 -7 7 -9 -10 -11 -12 -13 13 14 22 27 18 -19 -20 -21 -22 -23 -24 -25 -26 26 -28 -29 -30 -31
leaf_value=-0.024012510233929075 0.025759258224188113 0.026877565938852647 0.037989569669672971 0.0098481731428989149 -0.022814126816226916 -0.013466631833467633 -0.0091268514980672247 -0.0093279305792193599 -0.010853727344363349 0.15232786908946985 0.0450934746073322 -0.02321468488925461 -0.022191059430028016 -0.013768079886828797 -0.014858819954132772 -0.03074731017996599 -0.010963075282868457 0.10275310483364812 -0.026675408579881345 -0.0098849009389882572 -0.015341096787323759 0.098348558334143951 0.0050842919521890137 0.10470201015377523 -0.024886996777149114 0.10208907742351818 -0.0098004233670009183 -0.010523551750040255 0.0042852313648977782 0.027107865072474851
leaf_weight=5.8509313368704161 7.5369533393532029 6.4501585895195594 0.58104443061165323 2.8435286129824808 1.8856801423244181 1.7506753945490343 0.29309671930968884 0.50442659761756647 0.36940203071571875 1.7277474047150461 1.0032867356203494 5.2769303048262373 4.106356896110813 3.5971853726077816 0.91975615243427311 12.113484659232197 0.37166772386990343 1.5187470152741296 4.8592717659194022 3.5517778454814106 0.76742789545096446 1.1824763703625647 4.3989438726566732 1.2812054408714173 2.6212439183145761 2.0972501703072344 0.41518599097616959 62.98800072434824 97.71545058186166 2.6273482850519931
leaf_count=1049 583 278 92 438 352 246 56 50 82 257 150 946 644 523 166 2088 60 174 658 658 144 130 375 136 425 248 64 10832 16025 393
internal_value=0.00212216 0.00126058 0.000426109 0.00117043 0.0192199 0.0424489 0.0588644 0.0962375 0.114696 0.133641 0.0063001 -0.0124897 -6.64141e-05 0.0133759 0.0236781 -0.00150036 0.0166425 0.0553237 -0.00245477 0.0185496 0.0519307 0.0781497 0.0353377 0.0506951 0.026041 0.0617755 0.086073 -0.00314681 0.00104132 -0.0193684
internal_weight=243.207 235.67 229.22 223.369 13.3923 7.53432 5.78364 2.89467 2.39025 2.02084 2.88897 5.85797 209.976 19.4371 15.3308 190.539 15.0949 4.36228 10.7326 5.87335 2.32157 1.55414 11.7336 7.33464 6.05344 3.43219 2.51244 175.444 112.456 14.7408
internal_count=38322 37739 37461 36412 2231 1193 947 445 395 313 502 1038 34181 2581 1937 31600 2262 612 1650 992 334 190 1414 1039 903 478 312 29338 18506 2481
is_linear=0
shrinkage=0.04


Tree=135
num_leaves=31
num_cat=1
split_feature=13 21 6 14 8 8 14 11 4 5 15 18 15 15 0 18 26 19 14 8 18 14 14 26 3 1 0 8 26 19
split_gain=4.04793 3.40014 4.53484 6.96166 6.60327 4.88099 4.83824 5.40642 5.55033 4.78593 8.78937 5.12268 6.083 6.65369 7.61692 6.46775 5.16354 4.69816 5.70743 6.99964 4.90262 4.69666 9.02407 5.66815 5.30331 4.77552 6.58306 4.72759 4.94813 5.01646
threshold=1.5000000000000002 1.0000000180025095e-35 0 0.21384626602472054 -0.86864049844560265 -0.83850603419877856 0.029391254905599618 6.3065614896120152 1.5000000000000002 1.308803775345097 8.4235150788479114 6.0758304699801373 2.3715278898160022 1.994624166128002 7.7260130241979423 5.2294131744341534 0.044632242653404312 6.714028157881752 0.043781573276805381 -0.18272849611474656 7.1793189330384104 0.074556746135755289 0.044823363060407038 0.10634370877230985 1.0000000180025095e-35 2.0632641511959977 7.2256934699423683 0.90064522178592432 0.0050806464007098285 6.8504080683354891
decision_type=2 2 1 2 2 2 2 2 2 2 2 2 2 2 2 2 2 2 2 2 2 2 2 2 2 2 2 2 2 2
left_child=1 2 3 17 -4 6 -6 8 -8 11 -11 12 13 16 -15 -16 -7 -1 19 20 -19 22 24 25 -13 26 -24 28 -28 -30
right_child=-2 -3 4 -5 5 9 7 -9 -10 10 -12 21 -14 14 15 -17 -18 18 -20 -21 -22 -23 23 -25 -26 -27 27 -29 29 -31
leaf_value=-0.022033840525423423 0.031987393590421187 0.023305347511856804 -0.011264641862378551 0.031488712871813096 -0.0098267751276853339 -0.010038315078261454 -0.012425261268534325 -0.015827784501549414 0.10108770149594888 -0.010132178482017954 0.086306494389476074 0.01059351953449704 -0.0072497713896384946 0.00027039433556572649 0.0078599541636236135 0.15220166869756618 0.045600132300356755 0.1131305802118245 -0.025414727917679902 -0.020186409376380485 -0.011105802770997762 -0.0061250455131248186 0.017534015814757734 -0.015204848920150241 -0.022257831431245673 -0.0031383011174358345 -0.013136020516364014 -0.014043099650402142 0.10572850662154937 -0.012023340048659369
leaf_weight=35.122322538867593 6.3150137625634661 10.177646899363024 36.725442511495203 4.4297796651953822 1.8291462217457581 4.2865653510671127 0.60842774063348848 0.81575517449527968 2.4764284705743194 36.383313091588207 0.58045920729637046 28.220662988955155 4.9516466411296269 1.2185385448392474 0.77710760850459371 1.3214282933622596 4.9670373355038464 1.1047802087850871 2.0988040519878268 1.0774536747485388 0.45210217055864621 31.568097402458079 5.5497085449751484 2.4793872423470011 9.7623348294291628 2.6454560044221571 0.48295808024704445 0.53506340482272197 5.349577403627336 0.42628698423504818
leaf_count=6840 279 1073 6323 451 216 485 113 114 274 6334 109 4318 519 174 40 110 503 147 428 200 80 5074 917 394 1572 275 76 112 847 85
internal_value=0.00267093 0.00176409 0.000706075 -0.00947161 0.00351612 0.00749125 0.0408482 0.0617677 0.0811385 0.00586342 -0.00638426 0.0102134 0.0293578 0.0432493 0.0852182 0.118538 0.0213612 -0.0170018 0.0176686 0.0495419 0.0868199 0.00606872 0.0129961 0.035934 0.00179574 0.0448149 0.0545571 0.07867 0.0874388 0.096546
internal_weight=244.739 238.424 228.246 44.2852 183.961 147.235 5.72976 3.90061 3.08486 141.506 36.9638 104.542 17.5223 12.5707 3.31707 2.09854 9.2536 39.8555 4.73314 2.63434 1.55688 87.0195 55.4514 17.4684 37.983 14.9891 12.3436 6.79389 6.25882 5.77586
internal_count=38482 38203 37130 8146 28984 22661 717 501 387 21944 6443 15501 1831 1312 324 150 988 7695 855 427 227 13670 8596 2706 5890 2312 2037 1120 1008 932
cat_boundaries=0 1
cat_threshold=50
is_linear=0
shrinkage=0.04


Tree=136
num_leaves=31
num_cat=1
split_feature=4 5 22 17 6 26 18 15 15 11 0 24 19 24 1 9 23 1 5 15 11 11 11 15 18 15 22 11 26 26
split_gain=5.69947 4.45498 3.41916 2.65359 2.40848 4.16508 6.76286 3.9681 4.13436 4.39257 3.81767 3.66883 3.06695 2.77131 4.08939 4.32495 5.29436 7.05721 7.67719 7.93043 5.03678 3.62691 4.33605 4.97942 4.16732 3.78447 6.08097 4.72917 4.06738 6.5777
threshold=12.500000000000002 2.0496474515952263 0.46597771892742823 3.5000000000000004 0 0.034240045242279311 6.7228201772045297 2.7889329263186915 1.4008497895115479 5.8231897012038791 10.377444602445314 0.027599018426620613 6.301665891136099 0.14091990189930997 -0.51708214342121306 -0.81957271806672938 0.014755018395206756 -1.0523765166162617 0.84757616725112261 1.4478548517427436 5.0820883617537227 6.0330233445898696 5.8157626321817224 1.4008497895115479 7.1208587332588902 0.31251298149041679 0.035380276046940461 6.3065614896120152 0.040026968911599341 0.048665464283327173
decision_type=2 2 2 2 1 2 2 2 2 2 2 2 2 2 2 2 2 2 2 2 2 2 2 2 2 2 2 2 2 2
left_child=1 2 4 -3 5 6 -1 8 9 12 -10 -9 -8 14 15 16 -6 18 -18 -20 -21 22 -16 24 -24 26 27 -23 -27 -30
right_child=-2 3 -4 -5 13 -7 7 11 10 -11 -12 -13 -14 -15 21 -17 17 -19 19 20 -22 25 23 -25 -26 28 -28 -29 29 -31
leaf_value=-0.031929927285227387 0.036014111597217166 -0.02486834593699094 0.033769852780486859 0.022760613431574352 -0.021358746096370021 -0.024191775466102985 0.089393163586586374 0.093900300055359334 -0.031313210242525237 -0.018548343543932162 0.045796708553159829 -0.012025910112338247 -0.010959924879476765 0.025501933044149584 0.0051866022602529696 -0.01949426724324009 -0.0096521679639083018 -0.01008391213346314 -0.015839333993833967 -0.0093887348016952685 0.13528150957685098 0.12790633677440805 -0.015876056908691715 -0.031903336626470241 0.045404679048357627 -0.0012735916024281038 -0.016891268340771096 0.0032312010172134654 0.064618099558874972 0.012203596733026715
leaf_weight=3.6955970963463205 7.0895015792921177 12.855994481826199 4.7383243362419298 1.3680251770419989 5.0398895284160963 13.891644371906294 1.1466681119054558 1.0555764222517607 3.4741262050811206 0.85228010267019261 0.39193978090770532 0.42648431984707702 0.37307803868316103 8.2962064938619715 80.026514507597312 22.110215256572701 1.6114208369981486 4.1409359979443243 0.64984067738987539 0.30458142305724356 1.721190452808514 0.66373202623799377 3.1177504886873093 10.641534156631677 2.241086647612974 22.48395463055931 0.89263038593344379 0.76336526754312217 3.7681628917343941 23.551096797920763
leaf_count=798 362 2708 277 124 907 3169 144 93 777 170 59 91 66 829 11497 4727 295 747 142 68 244 41 394 1728 281 3471 153 82 632 3425
internal_value=0.00299319 0.00185487 0.00327623 -0.0190934 0.00245977 -0.00738643 0.00741585 0.0277522 0.00913761 0.0422571 -0.0156909 0.0708542 0.0701851 0.00396617 0.00307564 -0.00893491 0.00854964 0.0268032 0.0576013 0.0897119 0.117616 0.00600053 0.00134638 -0.0170359 0.0128619 0.0143882 0.0561886 0.0900251 0.0113735 0.0214596
internal_weight=243.383 236.294 222.07 14.224 217.332 25.3074 11.4158 7.72015 6.23809 2.37203 3.86607 1.48206 1.51975 192.024 183.728 35.5781 13.4679 8.42797 4.28703 2.67561 2.02577 148.15 96.0269 16.0004 5.35884 52.1229 2.31973 1.4271 49.8032 27.3193
internal_count=38501 38139 35307 2832 35030 5367 2198 1400 1216 380 836 184 210 29663 28834 7130 2403 1496 749 454 312 21704 13900 2403 675 7804 276 123 7528 4057
cat_boundaries=0 1
cat_threshold=34
is_linear=0
shrinkage=0.04


Tree=137
num_leaves=31
num_cat=0
split_feature=3 21 1 18 1 1 9 9 0 26 2 5 24 24 9 23 23 18 18 17 19 1 26 5 1 24 26 2 26 5
split_gain=4.09164 3.5195 4.04978 3.27734 6.90072 4.93633 4.25279 9.36123 8.12782 5.10545 4.67779 4.12198 4.10535 6.52111 3.94427 6.49777 8.63875 5.03349 4.01612 3.84066 3.83606 3.65861 7.14315 5.66411 7.63756 6.10864 5.46807 5.04849 5.46551 5.04363
threshold=4.5000000000000009 1.0000000180025095e-35 -0.23663195187770344 6.0570682251178418 -0.061220779999356781 0.09334095438309617 -0.87786832340675269 -0.84808990315022348 7.3907851551759061 0.16900966151834398 0.017309786766659657 1.860805150739586 0.0074055107018166427 0.028554548708988225 -0.88790198815050803 0.022530472390741203 0.0086521153054313991 4.8492138126836855 4.6571820097870811 2.5000000000000004 6.6945949964017766 0.52046082816212269 0.10263644456554684 0.87009020995759956 -0.5878780182523119 0.069689954027492257 0.019648046301361671 0.053439396101265822 0.01118021625622276 1.5757751663603441
decision_type=2 2 2 2 2 2 2 2 2 2 2 2 2 2 2 2 2 2 2 2 2 2 2 2 2 2 2 2 2 2
left_child=1 3 -3 4 -1 -6 9 8 12 -5 -9 21 -8 -14 15 16 -7 -18 -16 -13 -20 22 23 -12 26 29 27 28 -25 -26
right_child=-2 2 -4 6 5 14 7 10 -10 -11 11 19 13 -15 18 -17 17 -19 20 -21 -22 -23 -24 24 25 -27 -28 -29 -30 -31
leaf_value=-0.022344003693032247 0.030245308688729062 -0.025013554363146864 0.032972388969285359 -0.016197721840038263 0.071294172539644929 -0.0084314514656578035 -0.01159772292894788 -0.024586704108016347 -0.001710380206504518 0.025155266378394162 0.0010821313418792396 -0.035673849217398995 0.13150268141414226 0.011470234785654771 0.02130813215036062 -0.00067457015254217777 0.012335561206626509 0.12494408020431305 -0.022779023087785837 0.018665886261617946 0.034468491277903225 -0.0044457528320103372 -0.024345108908857039 -0.012772453004769573 0.064677292392325225 -0.013351804883682112 -0.022496823819305203 -0.0039119724959745059 0.12154434362619075 -0.0081679076074817874
leaf_weight=7.7920748756732783 6.3580569960176936 1.6407795583363611 8.3595235205721092 50.801938195247203 1.5935193023178751 1.7053649178706125 0.4581094454042608 12.171101131127214 3.4953692345879972 4.3717630456667385 20.670501253451221 7.4648029635427502 1.5445751785300674 1.3037311106454579 8.4691945407539624 4.9968293372076005 1.1393960956484082 1.7426946095656601 9.6970733068883401 2.0616072881966829 1.3463652729988087 51.861346221645363 7.1448344165692097 0.46434029052033343 11.133169461856602 1.9838850605301566 5.6866701550316066 2.1909588924609125 0.48240602482110262 1.4996328580891702
leaf_count=1595 308 360 701 9069 247 154 82 2562 534 415 3729 1792 188 215 376 402 31 163 1375 273 195 7400 1563 89 1952 460 1344 383 68 360
internal_value=0.000872876 -4.55377e-05 0.0220494 -0.00111949 0.00936235 0.0178634 -0.0033173 0.000610678 0.0431239 -0.0125316 -0.00203041 0.000601677 0.0799115 0.0938186 0.0126656 0.0323327 0.0619717 0.095071 0.00190018 -0.0232581 -0.0135172 0.00300815 0.0104908 0.0165478 0.0295833 0.0463916 -0.000146262 0.0360083 0.082946 0.0560651
internal_weight=241.632 235.274 10.0003 225.273 38.4825 30.6904 186.791 131.617 6.80178 55.1737 124.815 112.644 3.30642 2.84831 29.0969 9.58428 4.58746 2.88209 19.5126 9.52641 11.0434 103.118 51.2564 44.1116 23.4411 14.6167 8.82438 3.13771 0.946746 12.6328
internal_count=38385 38077 1061 37016 4538 2943 32478 22994 1019 9484 21975 19413 485 403 2696 750 348 194 1946 2065 1570 17348 9948 8385 4656 2772 1884 540 157 2312
is_linear=0
shrinkage=0.04


Tree=138
num_leaves=31
num_cat=0
split_feature=26 22 3 14 26 9 26 22 9 23 15 14 9 23 22 14 0 14 14 14 1 18 1 14 1 5 8 8 1 0
split_gain=4.87373 4.0474 4.02066 4.10982 4.96152 4.86775 5.88576 5.51561 5.40161 5.22316 5.29034 5.44852 4.45285 7.55218 4.335 4.19431 4.13089 3.95897 3.84975 3.6841 3.90098 3.55827 3.60059 3.98031 3.41895 5.75837 5.15247 8.45769 6.4457 5.32219
threshold=0.4676905408112913 0.20734162958880673 5.5000000000000009 0.025040708013570386 0.0020501932247135881 -0.9718374344594034 0.038728225014806661 0.027230259871540551 -0.86313358816492436 0.047303179851610026 2.5767727896327974 0.037242172904492457 -0.84808990315022348 0.043592103292985074 0.032750563001702405 0.024634825067767315 9.0756307197004649 0.057567838902616519 0.09232742847407259 0.16023435527220867 2.3451399973130345 6.8374320554192725 -0.38258213130664659 0.13924868914877772 -0.13524464358455882 0.4855305652690316 -0.98895783289370998 -0.99629863564561294 -0.22367149485132656 7.4141191140448397
decision_type=2 2 2 2 2 2 2 2 2 2 2 2 2 2 2 2 2 2 2 2 2 2 2 2 2 2 2 2 2 2
left_child=1 2 3 15 14 6 -6 9 -7 10 11 -8 13 -10 -5 -1 24 -18 -9 20 -13 -20 -23 -24 26 -26 27 -14 -28 -29
right_child=-2 -3 -4 4 5 8 7 18 12 -11 -12 19 16 -15 -16 -17 17 -19 21 -21 -22 22 23 -25 25 -27 28 29 -30 -31
leaf_value=0.004926598411351399 0.032488579644542374 0.02317494770190363 0.029141550678796507 -0.020386389136553107 -0.013086962571586138 -0.026005586948979822 -0.013029760178219489 -0.016413264957277296 -0.011018148979365176 -0.018383571832923478 -0.013378251811211765 0.13015760271990759 -0.023055247880958151 0.099060992244746959 0.052255547709158127 0.064981250718441366 -0.014595412528187635 0.0203836852855762 -0.016746231551925218 -0.0057696419402466174 0.0081368857930887994 -0.015668710597829271 0.10292142271001296 -0.0041277646214543983 0.020452052263366868 -0.021603789191828586 -0.013023077722353744 0.11689889954755213 0.046225718769866149 -0.012464239347318223
leaf_weight=58.15311325294897 6.70219399081543 10.613094453001393 5.849464673548936 1.2623614093754429 10.070406569051558 25.119703007978387 0.55448516388423685 5.2817364239599538 1.94409553380683 0.92763042054139067 0.77751148003153492 2.2333129711914816 1.3396602100692692 0.73090570443309832 3.2685252882074565 0.93519606441259284 7.0692075567785677 13.888240601983851 1.1178096365183594 0.37072108546271909 0.64259276166558255 0.54482506331987735 1.024398549459874 0.66346055641770374 5.0527579784393373 46.870884527917951 23.856419864459902 1.0324046879541153 2.3452925691380981 0.44291323958896089
leaf_count=9358 308 878 314 197 1662 4361 70 894 290 160 105 274 326 109 300 157 843 1469 186 40 51 73 133 96 693 8813 5407 155 453 103
internal_value=0.00118088 0.000149662 -0.00104276 -0.00198411 -0.00533608 -0.00663439 0.00954667 0.0254675 -0.00970475 0.0533066 0.0685228 0.0845726 -0.00557984 0.0378304 0.0319899 0.0069427 -0.00707602 0.00845744 0.00401912 0.100385 0.112027 0.0325979 0.0548406 0.0749621 -0.0111521 -0.0172022 -0.000113568 0.0434235 -0.00621536 0.0887163
internal_weight=240.685 233.983 223.37 217.521 158.432 153.901 24.2089 14.1385 129.692 5.50625 4.57862 3.80111 104.573 2.675 4.53089 59.0883 101.898 20.9574 8.63223 3.24663 2.87591 3.35049 2.23268 1.68786 80.9403 51.9236 29.0167 2.81498 26.2017 1.47532
internal_count=38278 37970 37092 36778 27263 26766 3744 2082 23022 700 540 435 18661 399 497 9515 18262 2312 1382 365 325 488 302 229 15950 9506 6444 584 5860 258
is_linear=0
shrinkage=0.04


Tree=139
num_leaves=31
num_cat=1
split_feature=13 1 6 0 17 1 24 25 1 24 1 8 14 25 22 24 1 15 14 22 25 11 24 11 8 22 8 5 5 26
split_gain=5.52783 3.60421 3.03986 5.27387 4.4176 3.77557 5.40212 7.97464 4.70855 7.14113 4.48709 3.63092 4.25915 3.38997 5.31784 5.03809 4.65388 6.39252 5.19553 5.14403 3.86707 4.05739 3.8731 3.86419 3.52068 4.11193 5.42513 3.7595 3.50509 3.35347
threshold=1.5000000000000002 8.8240742628521645 0 8.6688314947230278 1.0000000180025095e-35 -0.19830758228685277 0.03151628301441993 0.14615229178045233 0.24658380821183781 0.018353130531239131 -0.14709367479391972 -0.52171592434450553 0.071480805588422944 0.083445524736996526 0.034253560757350345 0.0057817805855438298 -1.1410347344980394 2.0020450602273985 0.22030980136033096 0.061954327292880772 0.061506305522029715 5.5750767698793497 0.029512514133296298 6.2307420660649671 0.095059552713976883 0.053405340929428967 -0.22398969713867167 1.4984626772001701 0.32119001183255896 0.027042250249004252
decision_type=2 2 1 2 2 2 2 2 2 2 2 2 2 2 2 2 2 2 2 2 2 2 2 2 2 2 2 2 2 2
left_child=1 2 3 13 5 -4 7 -7 9 -9 -8 12 -10 20 15 29 17 19 24 -16 22 -22 -1 -23 25 26 -18 -27 -17 -15
right_child=-2 -3 4 -5 -6 6 10 8 11 -11 -12 -13 -14 14 16 28 18 -19 -20 -21 21 23 -24 -25 -26 27 -28 -29 -30 -31
leaf_value=-0.023729563712822893 0.036909346227020426 0.019327508528948909 -0.033948148169386468 -0.015024521108650379 -8.7360605012697294e-05 -0.027354851832567497 0.049455910834550379 -0.0042238369632266078 0.060086614957740155 0.11465955935313414 -0.030206445515256374 -0.011596769064156845 -0.019151519866085234 0.072506443991972397 0.11953761993559012 0.043469726134178634 0.0049679540610813632 -0.0063539435668424496 0.050818716614680036 0.0044432757008661143 -0.0017406987943993334 0.10164050711069504 0.032378180243460057 0.011454820590560098 -0.021680782535379035 -0.018417134018081704 0.09085413447086238 0.035924430346060424 -0.023587076337848321 -0.0052562972493701877
leaf_weight=2.6912187328562123 5.7971377703361204 13.93217850406654 11.3954336164752 13.675016414024865 110.44327671825886 5.5704379989765647 0.33813457470387298 1.2221066596684971 2.3507580035366122 1.0493517263093961 13.246129199047569 4.778983317781238 1.0291029195068402 0.80407038261182906 1.2588085464667527 0.44593630312010546 2.99133405322209 1.6790699297562239 3.0127777210436752 0.96742537722457189 1.4561788127757607 1.8618258507922294 3.2871183183742687 1.4215610080864278 6.3336661683861157 6.5174634535796923 1.0839246076066142 1.8035175665281711 14.513589816750025 1.5015069243963806
leaf_count=457 271 1329 2688 1979 18335 1017 57 263 341 134 2313 747 190 118 111 34 512 265 267 179 233 210 422 174 1239 1222 109 326 2576 274
internal_value=0.00135247 0.000312344 -0.000981292 0.00559023 -0.00402261 -0.0153317 -0.00728559 0.00831236 0.0280876 0.0689576 -0.0249684 0.0104225 0.037096 0.0120487 0.00666487 -0.0101509 0.0179407 0.0533569 0.009513 0.0864024 0.0311966 0.0547673 0.00733958 0.0743841 0.000629853 0.0127966 0.0412121 -0.00404843 -0.0189896 0.0355938
internal_weight=238.459 232.662 218.73 67.306 151.424 40.9804 29.585 16.0007 10.4303 2.27146 13.5843 8.15884 3.37986 53.631 42.9131 17.2651 25.648 3.9053 21.7427 2.22623 10.7179 4.73957 5.97834 3.28339 18.7299 12.3962 4.07526 8.32098 14.9595 2.30558
internal_count=38392 38121 36792 10707 26085 7750 5062 2692 1675 397 2370 1278 531 8728 7232 3002 4230 555 3675 290 1496 617 879 384 3408 2169 621 1548 2610 392
cat_boundaries=0 1
cat_threshold=728
is_linear=0
shrinkage=0.04


Tree=140
num_leaves=31
num_cat=1
split_feature=4 8 5 25 16 4 1 1 5 6 8 23 5 19 18 26 24 20 22 1 0 4 11 5 19 19 1 1 5 8
split_gain=4.23674 5.34676 7.29458 7.62837 4.67304 5.4932 4.54437 5.46428 4.52677 5.93103 7.25328 5.64062 7.04354 6.16587 6.6023 6.94128 7.067 4.46755 4.31827 4.01816 3.7077 3.5758 3.55115 3.54049 3.48148 5.80299 3.62016 7.40192 6.25966 5.89898
threshold=3.5000000000000004 0.77142415590171642 0.97293261528297836 0.29337885572885186 1.0000000180025095e-35 6.5000000000000009 0.68567076908449753 0.78284826382900152 1.0887834180460001 0 0.3005966161384544 0.013621858118424439 1.2110040533084243 6.479926217975529 6.2695058332829072 0.10263644456554684 0.070509757979724572 1.0000000180025095e-35 0.03776548268266313 8.8240742628521645 7.1177816052745069 6.5000000000000009 6.6635596217745627 1.0726299393644545 3.8935329739035818 4.1623143019034776 -0.88114617198637157 -1.3287384885868747 0.68117144302592314 -0.5724950310789837
decision_type=2 2 2 2 2 2 2 2 2 1 2 2 2 2 2 2 2 2 2 2 2 2 2 2 2 2 2 2 2 2
left_child=8 6 -3 4 5 -4 -2 18 22 10 11 -10 -13 14 -14 16 17 -16 -8 -11 21 -9 24 -22 -1 -26 27 -27 -29 -30
right_child=1 2 3 -5 -6 -7 7 20 9 19 -12 12 13 -15 15 -17 -18 -19 -20 -21 23 -23 -24 -25 25 26 -28 28 29 -31
leaf_value=-0.026451670445850693 -0.0049621912628041208 0.00037097731595947135 0.14176324561937506 -0.01056940162930213 -0.0034167924004691146 0.0069963830017651801 0.099748462991540485 -0.037127925885084713 -0.0083142697765704061 -0.023525711344467803 -0.026707726579272555 -0.022471034798395489 -0.0081617898556293894 -0.01708797796828888 0.13370220148416614 -0.012384869536447032 -0.0074972690731194913 -0.0079605831938573211 -0.0011834103801780487 0.015779350501046341 0.0038895453600834812 0.018052345650994048 -0.020287339901694332 0.032979362903998589 0.052151123747387597 -0.0089267711606198057 0.0014948310418221099 -0.0023899910320137403 -0.0016643113539837216 0.10355398498207023
leaf_weight=4.1325450334697953 35.029902101145126 4.6215989410411549 1.6411586520262069 1.1978458289522675 0.5686700849328189 0.72506001032888878 1.0566312153823667 3.7215843744343138 4.4493615899700698 40.472765593673103 4.6472131299087769 1.5285488631343449 1.1362613617675377 1.0466626392444593 3.3611574897076939 0.69658696081023652 0.63713504164479662 0.26992153003811825 0.97734674089588214 3.9336452733259639 16.026440110523257 2.3376701772212982 8.3188325895462167 10.892390605062245 3.4396712998859575 5.2408926844364032 69.168371588224545 2.1597897997125965 1.0772456645499917 2.588214392773807
leaf_count=751 5282 548 311 172 62 35 96 671 915 8352 1060 315 198 233 652 150 134 60 116 323 1338 133 1540 966 526 1003 11350 423 255 411
internal_value=0.00159745 0.00911548 0.036905 0.0697287 0.0968588 0.114814 0.00517155 0.0151667 -0.00217838 -0.0105016 0.00814452 0.0272671 0.0444875 0.0598071 0.0735475 0.090481 0.106433 0.123726 0.0668448 -0.0162044 0.0101059 -0.0162977 0.00325824 0.01642 0.00569228 0.00757347 0.00504396 0.0252652 0.0528281 0.0789026
internal_weight=237.101 78.7963 8.75433 4.13273 2.93489 2.36622 70.042 35.0121 158.305 62.1793 17.7728 13.1256 8.67627 7.14773 6.10106 4.9648 4.26821 3.63108 2.03398 44.4064 32.9781 6.05925 96.1256 26.9188 87.8067 83.6742 80.2345 11.0661 5.82525 3.66546
internal_count=38381 9730 1128 580 408 346 8602 3320 28651 12392 3717 2657 1742 1427 1194 996 846 712 212 8675 3108 804 16259 2304 14719 13968 13442 2092 1089 666
cat_boundaries=0 1
cat_threshold=650
is_linear=0
shrinkage=0.04


Tree=141
num_leaves=31
num_cat=0
split_feature=14 18 0 14 8 25 1 9 5 24 14 0 17 4 23 26 9 18 9 24 1 0 18 25 23 14 19 26 8 0
split_gain=3.13274 2.72018 2.69933 7.09052 9.53268 8.75203 7.64821 7.62576 7.23473 7.204 5.86542 5.17197 5.10888 10.1704 8.64344 5.06543 4.95098 4.29096 5.85409 4.13206 3.99752 4.29294 3.92718 5.86866 5.33192 4.04828 3.80065 5.41161 5.66269 5.83407
threshold=0.45940432964303174 3.6021870837399188 7.2496965455647056 0.016749065851108986 -0.99150629425446035 0.14990340452914572 -1.1195390982071902 -0.38986882333586548 0.6299183832288634 0.0016283715672504317 0.10172840460566689 7.3796872359277295 1.0000000180025095e-35 3.5000000000000004 0.02102607961592512 0.073596204394008519 -0.87786832340675269 7.0419847211631188 -0.78932223172138338 0.042645537310497077 -1.0742258117636112 7.4141191140448397 7.1527982951065541 0.39713807232223081 0.01936150082573557 0.051444903456731826 5.8254230374584202 0.045946011341554051 -0.23414397231328435 7.7517856040253736
decision_type=2 2 2 2 2 2 2 2 2 2 2 2 2 2 2 2 2 2 2 2 2 2 2 2 2 2 2 2 2 2
left_child=1 -1 3 6 5 -5 7 -3 -6 -8 15 -4 13 -11 -15 -7 -10 -18 19 -19 -13 -22 24 -24 25 -20 -23 -28 -29 -30
right_child=-2 2 11 4 8 10 9 -9 16 12 -12 20 -14 14 -16 -17 17 18 22 -21 21 26 23 -25 -26 -27 27 28 29 -31
leaf_value=0.025375218701305387 0.027147961634184412 0.11285716430106306 -0.031065292453004587 -0.017955807897799152 0.022253332536626522 0.13433061055256573 0.089018617557917956 -0.01576801048241476 -0.027183064824082722 -0.016118321471520352 -0.0098574826385195245 -0.024143999955013196 -0.013092607241845428 0.14112541367937545 -0.012251041883616873 -0.008947932270302647 -0.014351717025905241 0.07863758830645752 -0.0093353700914824075 -0.014905277699416622 0.047785960558030416 -0.0049628813676749293 -0.018551726576431986 0.045903889566516864 -0.018316908542055862 0.11051255594490575 -0.0037039616036872378 0.0043118919339834088 -0.020504815153368737 0.053245520140283116
leaf_weight=7.0776862604543558 7.6225581620819858 1.8591302377171817 7.9866813181433818 1.3716264237882563 13.946101339068262 1.5238082407740878 0.84952302952296754 0.69569023372605521 15.826613177079706 2.322934086201712 0.57848514732904721 8.9024904279503954 8.6113232930656505 0.79405173030681886 0.65504088834859431 0.32699701562523831 17.772860874771141 2.00691673299298 0.42465819208882682 0.63584288558922697 2.2296787325758478 69.714880716288462 11.429532786132766 1.7801328425994132 0.97171255643479515 0.62157030939124525 25.02286843478214 13.61188384704292 1.5004175533540536 9.5260530714876932
leaf_count=305 447 215 1641 279 2192 210 89 136 3029 500 124 2064 1510 80 85 72 3785 295 86 133 380 11200 2230 267 225 115 3581 1781 317 1164
internal_value=0.00346055 0.00256362 0.00173142 0.00729924 0.00161895 0.0560323 0.0306231 0.0832491 -0.00233873 0.0153275 0.0908616 -0.00171378 0.00399847 0.0375837 0.0951007 0.114757 -0.00929924 -0.000833188 0.0126596 0.0582179 0.000304998 0.00227718 0.00165262 -0.0072465 0.0430056 0.081078 0.00103727 0.00939203 0.0223181 0.0423395
internal_weight=238.2 230.577 223.5 85.0046 69.2169 3.80092 15.7877 2.55482 65.4159 13.2329 2.42929 138.495 12.3833 3.77203 1.44909 1.85081 51.4698 35.6432 17.8704 2.64276 130.508 121.606 15.2276 13.2097 2.01794 1.04623 119.376 49.6612 24.6384 11.0265
internal_count=38537 38090 37785 15657 13042 685 2615 351 12357 2264 406 22128 2175 665 165 282 10165 7136 3351 428 20487 18423 2923 2497 426 201 18043 6843 3262 1481
is_linear=0
shrinkage=0.04


Tree=142
num_leaves=31
num_cat=1
split_feature=2 25 6 11 23 23 1 1 1 19 19 4 24 9 25 1 14 14 23 26 17 26 4 9 11 17 1 1 15 13
split_gain=3.07847 3.33417 2.80368 4.60699 4.35233 7.6572 5.76544 5.2525 7.73331 7.64038 4.90869 4.19374 6.21447 5.14566 4.86492 4.0144 4.05759 3.76034 3.65993 5.89699 6.85419 6.02608 4.78253 5.25802 4.15476 6.19103 3.67806 3.82927 5.60106 3.60313
threshold=0.48470069411158639 0.094161548261026948 0 4.4625136230352185 0.0091669712388749523 0.0086521153054313991 0.13146246906915623 0.6306522217814815 0.9643865699886629 5.2895431651600759 5.9256034922730807 1.0000000180025095e-35 0.029201808119917457 -0.12331816132072869 0.34446811888858636 0.98296549805170286 0.016410575160838065 0.013530133929163744 0.053674029757762927 0.039146278891834814 2.5000000000000004 0.090209997473590889 2.5000000000000004 -0.099101508400058297 4.7874138984635088 1.5000000000000002 1.0770152507728148 0.90929033423320738 1.9600109331190614 1.0000000180025095e-35
decision_type=2 2 1 2 2 2 2 2 2 2 2 2 2 2 2 2 2 2 2 2 2 2 2 2 2 2 2 2 2 2
left_child=2 -2 4 -4 5 7 -7 -1 9 -9 -8 12 13 15 18 16 -5 -16 24 -20 21 22 -21 -24 25 -13 27 -26 -29 -6
right_child=1 -3 3 11 29 6 10 8 -10 -11 -12 14 -14 -15 17 -17 -18 -19 19 20 -22 -23 23 -25 26 -27 -28 28 -30 -31
leaf_value=-0.014511297706353302 -0.02615570258213621 0.01879423159389124 -0.016512066923820772 -0.0096431132010134785 -0.010926883081342821 -0.016773854084855912 0.12785514676298643 -0.010435806792170555 0.0012611236865135316 0.098426783914322122 0.0026294982317609178 -0.007082281243819555 -0.012260866062831584 -0.013645428193132223 0.029129289375497251 -0.0088819423252073301 0.11530393381879242 -0.028374043405232766 -0.0020428880771076099 0.015815809302124756 -0.027973424650587449 0.0089230702679989355 0.14047878400397518 -0.0067637844427202642 0.0037550077707685999 0.091384454260402759 -0.021220002911797216 -0.015755517234373052 0.094299489171051437 0.014087791595184895
leaf_weight=14.766358079505155 2.07943519484252 23.714144442463294 11.733627086156046 0.31244116509333375 85.199719560565427 0.6827858483884478 0.90331214270554461 1.2934173608664417 12.087347826804033 2.0494185576681048 0.73783370363526046 1.7189550185576075 2.0681551576126367 0.75329365557990868 1.3974748877808441 0.45214245724491764 2.0616619766224176 8.4420140640577284 5.2846863206941617 1.2928695689188319 0.88208362576551724 2.1840061778202653 1.7965274644084277 0.34751297067850817 33.143802656792104 1.117566106142476 7.8588482373161233 0.83275740290991851 0.82252427691128105 9.4528132628183794
leaf_count=3032 376 1872 1941 52 15189 110 83 195 1372 242 60 297 454 159 177 85 268 1476 918 284 121 362 191 75 5985 148 1526 166 128 850
internal_value=0.00155537 0.0143295 -6.12713e-05 0.00521439 -0.00369841 0.00846099 0.0660937 0.00204911 0.0178157 0.0636015 0.0938675 0.00960085 0.0400026 0.0662825 0.00649314 0.0855846 0.100876 -0.0182731 0.0109878 0.0299449 0.0527476 0.0677268 0.0946609 0.122053 0.00553762 0.0454204 0.00190601 0.00757554 0.0538501 -0.00830754
internal_weight=237.47 25.7936 211.676 84.503 127.173 32.5205 2.32393 30.1965 15.4302 3.34284 1.64115 72.7693 5.64769 3.57954 67.1216 2.82625 2.3741 9.83949 57.2821 11.7877 6.503 5.62092 3.43691 2.14404 45.4945 2.83652 42.6579 34.7991 1.65528 94.6525
internal_count=38194 2248 35946 14813 21133 5094 253 4841 1809 437 143 12872 1018 564 11854 405 320 1653 10201 1951 1033 912 550 266 8250 445 7805 6279 294 16039
cat_boundaries=0 1
cat_threshold=291
is_linear=0
shrinkage=0.04


Tree=143
num_leaves=31
num_cat=1
split_feature=18 18 23 15 26 26 9 25 26 2 11 22 6 1 0 14 0 26 23 22 18 11 18 26 26 18 22 1 9 25
split_gain=3.28633 6.78816 5.47299 4.0202 5.7905 5.2447 6.62979 5.46513 4.15354 3.80576 3.82045 3.76376 3.7121 5.22298 4.03659 6.73679 5.08622 5.84554 4.50558 4.18282 3.87996 4.293 6.80208 3.77178 5.19 7.41743 5.63991 4.66409 4.81449 4.76507
threshold=7.3441873263908226 7.2051373792848876 0.096231935234963831 1.4690503949924267 0.077364451408187582 0.039597042293240112 -0.82822122867117487 0.34123250540112093 0.034646430703088864 0.1988828289742163 6.6097017465552339 0.20734162958880673 0 -0.39611265366784704 7.7517856040253736 0.07696534124922437 8.3525186119841148 0.064991786751009403 0.0086521153054313991 0.080687706598565959 7.1400508285051565 4.4926831117026298 6.1096463774255403 0.01118021625622276 0.021994033204724855 6.8163106363213588 0.06086584306372373 3.0799924433167853 0.32829378822629596 0.12973332737522911
decision_type=2 2 2 2 2 2 2 2 2 2 2 2 1 2 2 2 2 2 2 2 2 2 2 2 2 2 2 2 2 2
left_child=1 11 -3 5 -5 6 8 -7 -2 10 -8 12 13 -1 20 16 17 18 -16 -20 21 22 -15 -14 25 -25 27 28 29 -27
right_child=3 2 -4 4 -6 7 9 -9 -10 -11 -12 -13 23 14 15 -17 -18 -19 19 -21 -22 -23 -24 24 -26 26 -28 -29 -30 -31
leaf_value=-0.036344465566537532 -0.027006956533225556 -0.031863134924114626 0.037629102660753637 -0.0056924137434404814 0.024680837954011232 -0.011535690381182745 0.071643705501750643 0.048185080968806721 0.056133130180640881 -0.0026199631143502713 -0.014258157621523382 0.025944773916082992 -0.014755905471019928 0.082989823268618521 -0.01103133007214614 -0.028238656353979496 -0.003345837492587067 -0.016196988720670484 0.1271248007637415 -0.0087832110607701137 0.03968052492640594 -0.030376123061018188 -0.024189312740767716 0.0040603892456735676 0.0028188423123093821 0.0096823811019872159 -0.00082295891661979942 -0.00025599007556272502 -0.0092724655524969064 0.13773888171711474
leaf_weight=9.4325675438158232 2.9891488756984468 14.804809828987347 1.2023488851264108 36.225590290385298 12.766139376559293 9.6257691461360064 7.3914067600853759 2.1896685351384795 0.28108388767577697 1.5048953338991848 0.58713827864266921 8.763117583235724 13.686642210115677 0.62230024742894174 0.37842389219440509 2.3602144124452025 2.2432587733492255 0.67459548357874144 1.6146350349299607 0.27778578759171058 1.0031743334839109 11.137006182922049 1.5037968988763166 9.2687780403066409 79.465454039047472 0.74307150556705881 1.7949537530075756 0.91002277913503338 0.41809533536434162 1.9325298937037585
leaf_count=2647 469 3024 161 5671 1990 1480 718 240 42 174 89 669 2140 87 94 598 496 164 227 63 227 2726 346 1414 11688 124 269 88 78 249
internal_value=0.00235849 -0.000798524 -0.0247377 0.00932327 0.00255755 0.0221867 0.0389842 0.00242823 -0.00838913 0.0545622 0.0644383 0.00193508 0.000252517 -0.00996956 -0.001842 0.0202474 0.0433017 0.0706721 0.0935404 0.111036 -0.0140911 -0.0206551 0.0236939 0.00383043 0.00704864 0.0277927 0.0595502 0.0813719 0.0995802 0.114485
internal_weight=237.798 164.238 16.0072 73.5608 48.9917 24.5691 12.7537 11.8154 3.27023 9.48344 7.97855 148.23 139.467 31.2478 21.8152 7.54891 5.1887 2.94544 2.27084 1.89242 14.2663 13.2631 2.1261 108.22 94.5329 15.0675 5.79867 4.00372 3.0937 2.6756
internal_count=38452 27579 3185 10873 7661 3212 1492 1720 511 981 807 24394 23725 7675 5028 1642 1044 548 384 290 3386 3159 433 16050 13910 2222 808 539 451 373
cat_boundaries=0 1
cat_threshold=5
is_linear=0
shrinkage=0.04


Tree=144
num_leaves=31
num_cat=0
split_feature=1 14 0 0 23 23 15 2 26 23 2 23 18 1 15 17 26 14 9 0 5 2 0 1 24 2 5 15 2 15
split_gain=3.63795 7.57276 7.34582 6.98411 4.39338 13.8218 7.29401 7.00168 6.98556 5.06719 4.81605 4.71649 4.29263 4.79041 6.76828 8.69991 8.35931 5.03604 4.71022 4.30486 4.12609 5.55015 7.08868 10.1604 4.07247 4.00103 3.88096 3.8983 3.83281 3.80726
threshold=-0.51708214342121306 0.016749065851108986 7.7013097772001098 6.776244543041126 0.0091669712388749523 0.0082018163884803458 1.8280184168649882 0.047064989988540307 0.020329445326077788 0.0043175970474257719 0.016744313938789387 0.083945771504502775 6.1096463774255403 -0.13524464358455882 2.2870264025115064 1.5000000000000002 0.029087487463369251 0.023104300254870081 -0.99415474558111383 8.5419832922681511 0.71236333354811976 0.10569204175299139 8.174712227512865 0.73398529949857372 0.023452208146267906 0.17293574456412855 1.5285049822493235 2.4343200155997926 0.48470069411158639 2.7615650277309243
decision_type=2 2 2 2 2 2 2 2 2 2 2 2 2 2 2 2 2 2 2 2 2 2 2 2 2 2 2 2 2 2
left_child=1 2 3 29 5 7 -7 8 9 -2 -11 12 18 14 -14 16 -16 -18 19 -6 21 -9 23 -23 -13 -8 27 -5 -15 -1
right_child=4 -3 -4 26 11 6 25 20 -10 10 -12 24 13 28 15 -17 17 -19 -20 -21 -22 22 -24 -25 -26 -27 -28 -29 -30 -31
leaf_value=-0.026714964377979992 0.0115459069654674 -0.015081757535916047 -0.028221939694465736 0.097474334673622987 0.086784838202686357 0.0030359398257560296 0.11275434479888458 -0.02189554021212313 0.0061895124611890482 -0.0021166377916420733 0.11975639365533772 -0.0034834581981465175 -0.0041257259067133747 -0.011991869213885656 -0.017199822875256687 -0.021088115700847922 -0.0087756587261853848 0.1301424011464411 0.0064824335189106741 -0.00750113126712444 -0.013372350749381158 -0.0032999836412104045 -0.0039112286599003003 0.1353693578271411 0.031519535935777138 0.012497516499668591 -0.012919164031818836 -0.011221853311231164 0.010395845062083615 0.054902863548426675
leaf_weight=2.3739744329359369 2.1285044294781974 37.0724878301844 2.352863892680034 2.9998628256144011 1.4024933103937685 2.0890871970914295 2.9239418022334576 2.85099532781169 8.092792167211881 0.5993140090722594 1.7089847490424288 8.1812876822659764 8.9416907198028621 72.890405057813041 0.74487250682432149 1.3800485379761083 0.34801133035216514 1.8523011615034191 20.20861464261543 0.92557134851813305 21.108868305804208 1.3562517970567571 2.9754223669879138 1.057693690061569 13.285184064065104 1.0863190873060373 0.47270076617132861 0.3868497076909988 13.860881358617915 0.26175874029286195
leaf_count=449 289 7838 550 364 100 308 289 442 1409 68 118 1031 1799 13133 161 316 74 327 2416 46 3236 218 290 137 1352 94 109 83 1316 36
internal_value=0.00288204 -0.00712676 0.024351 0.04462 0.00530037 0.0156516 0.0673151 0.00673273 0.0305578 0.065692 0.0970387 0.0017679 -0.00131032 -0.00488462 0.0166929 0.0524246 0.0834851 0.112294 0.0140861 0.058309 -0.00411025 0.0184954 0.0399452 0.0793138 0.018618 0.0935112 0.0731148 0.0853306 -0.00833712 -0.00573789
internal_weight=237.92 45.9205 8.84801 6.49515 192 47.9782 6.09935 41.8788 12.5296 4.4368 2.3083 144.021 122.555 100.018 13.2669 4.32523 2.94518 2.20031 22.5367 2.32806 29.3492 8.24036 5.38937 2.41395 21.4665 4.01026 3.85941 3.38671 86.7513 2.63573
internal_count=38398 9429 1591 1041 28969 6898 691 6207 1884 475 186 22071 19688 17126 2677 878 562 401 2562 146 4323 1087 645 355 2383 383 556 447 14449 485
is_linear=0
shrinkage=0.04


Tree=145
num_leaves=31
num_cat=0
split_feature=4 8 23 25 22 11 25 22 22 25 9 22 9 9 15 25 15 11 23 15 24 22 9 0 18 11 18 11 2 15
split_gain=3.33186 3.37314 2.83178 4.53901 4.13058 5.68695 5.60825 5.57586 4.92405 4.67456 3.74611 6.86863 6.30861 7.22748 7.46463 6.21207 8.6494 6.6027 6.17131 6.00233 6.3692 5.87983 5.44677 5.44673 7.90288 6.42733 6.1464 5.56244 4.93039 5.12142
threshold=18.500000000000004 0.91959262568313471 0.02952972848019253 0.056945693414417672 0.012743504553318302 5.7165884668461446 0.15359671558912599 0.004708356463830542 0.20734162958880673 0.28493236216812051 -0.94032010294751989 0.055458173736705564 -0.53934108034571793 -0.49846138994909289 2.1744529431324797 0.19051263501270491 2.3213739607271551 4.8690408703607249 0.026394942257816374 2.5981854926023025 0.085067183359516421 0.022212328371136448 0.10002432678360819 7.0845603824018406 7.0076675798607573 5.5208562595082311 7.8126840879350947 6.6635596217745627 0.08266547808109391 2.7755193335321287
decision_type=2 2 2 2 2 2 2 2 2 2 2 2 2 2 2 2 2 2 2 2 2 2 2 2 2 2 2 2 2 2
left_child=1 2 3 -1 5 6 7 -4 9 -6 11 15 -12 14 -14 16 -5 -17 23 20 -19 -18 -20 24 -15 -26 27 -27 -25 -30
right_child=-2 -3 4 10 8 -7 -8 -9 -10 -11 12 -13 13 18 -16 17 21 19 22 -21 -22 -23 -24 28 25 26 -28 -29 29 -31
leaf_value=-0.016121304569981086 0.033501566715780869 -0.016634538807317384 -0.014787462471754107 -0.020744585631387907 -0.016658803566510189 -0.011314832945581032 0.0047650861215780219 0.09055368727817889 0.025831009973980974 0.0060552160458094738 -0.0062845663038270166 -0.0038330126031057288 0.0032831351235865229 -0.0093963654334271954 0.11263109798416747 -0.0059066601948302554 -0.01124030940900763 0.095516668003467448 -0.013549523883097984 -0.00399575408849678 -0.012090317981879985 0.091174601619758794 0.083754827100859672 -0.023393425501539302 -0.00063906143982141725 0.098061823641348272 -0.01750976356499969 -0.014251179224223025 -0.0049161146260730407 0.041728284274767498
leaf_weight=11.671053435653446 4.4702507159672669 13.744607603061011 0.70933723077177857 5.461503773578448 45.564700230606832 6.0943021215498447 4.4303725825157017 2.6290765091544017 5.9453493426553896 20.426840200321749 42.101362509769388 10.815619385335593 1.8518221247941249 6.2319240826182059 1.3387356174644081 2.1358274053782216 1.0921492043416949 6.0080683249980193 0.96207414835225735 1.3964692731387911 0.76757221249863494 1.4952417009044436 2.0709786844672635 12.108136722701603 3.016255322378127 4.1338288937695324 0.76327486778609444 0.5480437884107231 12.10022825561464 4.3574161006836212
leaf_count=1912 270 2464 132 931 8805 1149 712 272 451 3015 6878 1663 272 1303 141 291 163 702 215 192 106 167 286 2247 531 543 135 117 1883 443
internal_value=0.00263516 0.0018991 0.00313695 0.00678506 -0.002507 0.0167499 0.0375452 0.0699218 -0.0063968 -0.00964253 0.00911317 0.021363 0.00502261 0.014577 0.0650933 0.0356393 0.00772968 0.0548216 0.00979253 0.0696068 0.0833393 0.056862 0.0571835 0.00525283 0.0242126 0.0473429 0.069897 0.0847205 -0.00498856 0.00911655
internal_weight=236.442 231.972 218.228 132.428 85.8 13.8631 7.76879 3.33841 71.9369 65.9915 120.757 29.1725 91.5841 49.4827 3.19056 18.3568 8.04889 10.3079 46.2922 8.17211 6.77564 2.58739 3.03305 43.2591 14.6933 8.4614 5.44515 4.68187 28.5658 16.4576
internal_count=38391 38121 35657 21121 14536 2265 1116 404 12271 11820 19209 4215 14994 8116 413 2552 1261 1291 7703 1000 808 330 501 7202 2629 1326 795 660 4573 2326
is_linear=0
shrinkage=0.04


Tree=146
num_leaves=31
num_cat=1
split_feature=23 24 6 1 22 23 19 19 15 5 19 0 5 0 24 19 25 23 5 15 24 14 1 1 8 8 11 23 22 5
split_gain=3.94848 5.30531 4.69753 3.64202 3.52704 3.48736 3.75732 4.05392 6.56098 5.18727 6.89217 6.06716 6.90628 5.75299 4.35704 3.88137 3.22611 3.21868 3.11369 4.33713 3.06563 6.48734 7.38502 4.18945 2.99041 8.66348 5.23224 5.02994 4.61681 4.73687
threshold=0.083945771504502775 0.023452208146267906 0 10.147478347213218 0.18342535100948251 0.067475514941275419 4.7098034438578589 5.2292107338512901 0.71290590425345102 0.97772139804203417 5.1062984830210008 8.3183351200436011 1.5886319109618567 6.5696383110663481 0.042645537310497077 4.79852719310417 0.024330401086530781 0.013621858118424439 1.3881891426089006 2.6093010518499105 0.040415634027550856 0.039114376930888234 0.84434787610153628 0.08073008299568081 -0.051541369287949106 0.10645840780252648 5.2040824848906775 0.0075063271097244614 0.089491208417972382 1.5886319109618567
decision_type=2 2 1 2 2 2 2 2 2 2 2 2 2 2 2 2 2 2 2 2 2 2 2 2 2 2 2 2 2 2
left_child=2 4 16 5 -2 6 18 8 14 15 17 12 13 -12 -8 -10 -1 -11 -4 -20 21 -3 23 -23 -9 26 -26 -28 29 -29
right_child=1 20 3 -5 -6 -7 7 24 9 10 11 -13 -14 -15 -16 -17 -18 -19 19 -21 -22 22 -24 -25 25 -27 27 28 -30 -31
leaf_value=0.031406921611229481 -0.020387143158227081 -0.010128951962652762 -0.017639568659856466 0.03032346510803732 0.030583680142930496 -0.023938374339521951 0.086756630179739461 -0.0042221742810738217 0.031325815270395407 -0.023548379824027861 -0.0061314337604489516 -0.012293215176107175 -0.0023641728500625159 0.15678580254105862 -0.0084466937426669279 -0.018827189641598401 -0.013550034858095025 0.023812472973856535 -0.0054812289574993336 0.060881951052119118 0.013987597151918281 0.010495265222873511 0.0060729216910007083 0.14493727185430585 -0.01426691327341493 0.001268946624827757 -0.013813371512884504 0.11449413910432935 -0.010694196199533757 -0.0087504445370229361
leaf_weight=1.7449419080512587 7.4493751745903882 1.6356298008467991 21.059765114565383 6.208065212937071 1.9630149839213116 7.3489673141157246 2.3071640849811987 52.859454002231359 2.2569739196915206 2.6902119162259606 0.32952217210549939 0.79926336917560536 0.7821018372196703 1.0532073148060588 0.78681041277013708 9.5747523289173824 56.852441485505551 5.2101985048502684 5.5246127891587085 1.1302408026531336 9.9720610736403597 0.65076319896616075 1.6274988681543616 1.1362971283961085 1.1376246012514446 28.288590854848735 0.68774189217947412 2.6799276786623532 0.49886399321258057 0.42104950733482827
leaf_count=231 1145 208 3360 468 130 1281 229 8124 277 515 69 120 134 154 131 1448 11659 877 927 206 1175 128 138 61 163 4497 108 262 83 62
internal_value=0.000361277 0.0152567 -0.00141716 0.00240233 -0.00784054 0.00119206 0.00267082 0.00592774 0.0195285 0.010607 0.0293659 0.0725083 0.0978089 0.131682 0.0663965 -0.00756449 -0.0100247 0.00685156 -0.0102803 0.0122707 0.0293147 0.0522653 0.0776773 0.117312 0.00169934 0.0108378 0.0527696 0.0698907 0.0854086 0.0997068
internal_weight=236.667 24.4346 212.232 153.635 9.41239 147.427 140.078 112.363 25.7902 22.6962 10.8645 2.96409 2.16483 1.38273 3.09397 11.8317 58.5974 7.90041 27.7146 6.65485 15.0223 5.05019 3.41456 1.78706 86.5733 33.7138 5.42521 4.28758 3.59984 3.10098
internal_count=38370 2985 35385 23495 1275 23027 21746 17253 3954 3594 1869 477 357 223 360 1725 11890 1392 4493 1133 1710 535 327 189 13299 5175 678 515 407 324
cat_boundaries=0 1
cat_threshold=54
is_linear=0
shrinkage=0.04


Tree=147
num_leaves=31
num_cat=2
split_feature=3 14 25 15 25 18 22 11 25 1 14 11 15 13 6 22 19 19 23 15 5 26 26 14 25 11 26 5 1 7
split_gain=2.97582 2.6417 4.26657 3.36234 4.51295 3.26968 3.96734 3.2135 2.79895 2.909 2.56052 2.7493 3.51533 2.2947 2.35831 4.42872 4.12208 4.83407 4.04992 5.66375 4.45719 5.63867 9.23984 7.78623 6.23339 5.15144 3.84637 7.70303 5.45495 4.17784
threshold=5.5000000000000009 0.0041565627189478005 0.28493236216812051 1.8522492300870292 0.37959298007801473 6.8791895645972199 0.049496933078904105 5.8476233386429666 0.63750947092527643 2.0632641511959977 0.16023435527220867 4.9439370330210943 7.5455056751750815 1.5000000000000002 0 0.0023305083476226015 5.2185175919106266 4.5954523805399896 0.030849945828159819 2.6788770337228249 1.1868140253010502 0.058055246685975205 0.029087487463369251 0.026978391812085206 0.36453956461303844 6.5303670531171321 0.0047702797841957245 1.3160809861278195 0.50792048461892347 1
decision_type=2 2 2 2 2 2 2 2 2 2 2 2 2 2 1 2 2 2 2 2 2 2 2 2 2 2 2 2 2 1
left_child=1 2 5 4 -4 6 -1 -8 10 -10 13 12 -12 14 18 16 17 -16 20 -20 21 22 -3 -24 -23 -25 27 -17 -29 -28
right_child=-2 8 3 -5 -6 -7 7 -9 9 -11 11 -13 -14 -15 15 26 -18 -19 19 -21 -22 24 23 25 -26 -27 29 28 -30 -31
leaf_value=-0.015366114635708984 0.028988537568533243 0.011396847846281772 0.096611672134803192 0.00053055002859991255 -0.0091144886041517985 -0.022699951403902116 0.081323868397612104 -0.010165432058597363 -0.013477694999056655 0.037564870355618049 -0.0082924085452025335 -0.021869296092382525 0.045511913593906064 0.02759498072211752 -0.014924535574801641 -0.0042866992844669558 -0.0027892781906885657 0.092984398461976467 -0.017229239432859613 0.042739356329183499 -0.0037377894715457504 -0.020871369020499624 -0.0037063383783629985 0.11867314836132355 0.060229779655674234 -0.010944058212271332 0.013343173526597535 -0.0016084143951047968 0.10664057927263518 -0.0068680085571970022
leaf_weight=1.6288911588489994 5.7721917335875323 6.621058689313946 1.597498327028007 1.5350987231358884 0.64647287782281626 3.6727266339585185 1.0457300669513641 0.59165182383730996 1.9024623229634006 5.2697721407748759 6.7064216126455012 14.89281698153354 1.6174716951791195 4.3399440636858335 0.58740739244967599 6.1118519140873087 2.505039272364229 1.3277545892633495 12.535579132614656 2.1124679862987241 8.8279508083360252 5.123526179464533 1.2461872822605071 3.2987078547012065 1.0155541470739988 0.37379531445913006 9.0707285271491855 1.0752445086836817 1.2265665633603928 120.44938931253273
leaf_count=238 321 1141 88 161 64 582 116 102 239 370 872 2710 146 224 107 860 367 99 2811 418 1915 1081 237 531 150 85 1133 203 135 20838
internal_value=0.00284504 0.00206275 0.0205671 0.0496513 0.0727324 0.000468616 0.0257346 0.0569454 0.00106429 0.0240332 0.000174138 -0.012072 0.00592256 0.00174358 0.00098595 -0.00161974 0.0337583 0.066121 0.00825062 -0.00640226 0.0192859 0.0303674 0.0457455 0.0822447 -0.000897874 0.105962 -0.00310486 0.0216301 0.0709018 -0.00486506
internal_weight=234.728 228.956 10.7181 3.77907 2.24397 6.939 3.26627 1.63738 218.238 7.17223 211.065 23.2167 8.32389 187.849 183.509 142.354 4.4202 1.91516 41.1548 14.648 26.5068 17.6788 11.5397 4.91869 6.13908 3.6725 137.934 8.41366 2.30181 129.52
internal_count=38344 38023 1351 313 152 1038 456 218 36672 609 36063 3728 1018 32335 32111 23742 573 206 8369 3229 5140 3225 1994 853 1231 616 23169 1198 338 21971
cat_boundaries=0 1 2
cat_threshold=705 4
is_linear=0
shrinkage=0.04


Tree=148
num_leaves=31
num_cat=0
split_feature=17 2 18 17 15 22 26 22 22 1 8 8 24 18 15 14 11 19 2 8 8 2 8 24 24 19 14 14 24 14
split_gain=3.91787 3.77009 3.39165 3.79994 4.0643 3.046 2.69833 2.64488 4.98132 2.43675 2.31593 6.18428 7.05722 6.388 4.33384 7.34233 3.63131 3.11902 4.30964 2.964 4.25131 3.55156 3.21091 4.12997 5.33689 5.43255 6.22631 4.22891 5.71298 4.70518
threshold=7.5000000000000009 0.017882771668830393 6.6916846335465126 1.0000000180025095e-35 1.9679075469862892 0.056452841804201702 0.0060386018415424696 0.20734162958880673 0.11803046213099293 0.15477939537752969 0.72493530529761341 0.93749341583401635 0.03529920115552615 6.6762615419456015 1.7539351310653344 0.099488947468764091 4.5861220968588743 6.3720358728564088 0.02297975502323928 0.64434371274430002 0.59831633499671721 0.10248929646632297 0.3005966161384544 0.032241012591655328 0.019836424511203422 6.479926217975529 0.026544563151694175 0.03259724283149399 0.024246651026913545 0.046377887380106238
decision_type=2 2 2 2 2 2 2 2 2 2 2 2 2 2 2 2 2 2 2 2 2 2 2 2 2 2 2 2 2 2
left_child=1 2 3 4 5 -1 -5 8 10 -9 19 12 17 -14 -15 16 -16 18 -12 20 22 -22 23 24 -3 26 -26 28 -28 -29
right_child=-2 7 -4 6 -6 -7 -8 9 -10 -11 11 -13 13 14 15 -17 -18 -19 -20 -21 21 -23 -24 -25 25 -27 27 29 -30 -31
leaf_value=0.087192967674040486 0.029160062094225139 0.0042491435770597545 -0.02307487864821756 0.039237886837312046 -0.017598503895790756 -0.0061679627288234538 -0.020479295130226186 -0.019315197721850169 -0.017139708176046136 0.031575289335098906 0.059960191491784373 -0.0078777967500672594 -0.00035095714964896677 0.015066481961413759 0.0032779656627965766 -0.0049676387576580005 0.14566684296242088 0.039680325190056327 -0.023533063814014144 -0.026000170938464243 0.068891816259553318 -0.0065629064008544229 -0.013143907966053938 -0.0025828775737457071 -0.0024331100929821238 -0.016400317260432368 0.13900529975868176 -0.013238038028435173 0.0062605809330130383 0.044945773773928784
leaf_weight=1.1722260477254187 8.3696830710396153 51.378220235696062 14.959712754935024 0.52418014779686917 0.91708300204481918 0.58518662303686131 5.5974661315558478 1.1033312906511117 16.212741545168683 8.2228647330775839 0.19964036485180425 9.2417462707962823 2.0370658434694633 1.5735314420890061 0.37002954329364079 0.70720102009363461 1.8943916616262866 1.7022818574914707 5.2275241944007576 4.2569638071581712 1.913704814622178 1.2739986452506853 15.67966107430402 57.070320825674571 5.2413217801367926 3.3194456696510306 0.77964715403504559 2.26447145466227 0.87171920714899898 10.723082578741012
leaf_count=171 383 8492 2994 66 204 95 971 206 3260 573 34 1720 295 244 37 127 225 244 969 769 242 197 2870 9523 836 552 84 356 131 1564
internal_value=0.00379703 0.00273818 -0.0120249 0.00720506 0.0397028 0.0651428 -0.0105742 0.00451398 0.00344446 0.0242672 0.00540761 0.0170021 0.0331669 0.060053 0.0823063 0.105153 0.130531 0.00401077 -0.0116104 0.00358999 0.00459296 0.0443695 0.00343899 0.00549826 0.0116347 0.0271392 0.0348464 0.047496 0.0977226 0.0345799
internal_weight=235.39 227.021 23.7559 8.79614 2.6745 1.75741 6.12165 203.265 193.939 9.3262 177.726 22.9534 13.7117 6.58222 4.54515 2.97162 2.26442 7.12945 5.42716 154.773 150.516 3.1877 147.328 131.648 74.5779 23.1997 19.8802 14.6389 1.65137 12.9876
internal_count=38434 38051 4501 1507 470 266 1037 33550 32771 779 29511 3895 2175 928 633 389 262 1247 1003 25616 24847 439 24408 21538 12015 3523 2971 2135 215 1920
is_linear=0
shrinkage=0.04


Tree=149
num_leaves=31
num_cat=1
split_feature=25 6 9 19 9 1 1 0 0 14 15 23 4 15 18 4 23 22 19 19 23 23 19 1 3 23 25 9 15 19
split_gain=2.60035 2.77952 5.2738 6.83062 9.493 7.28684 8.28408 4.37068 4.0897 3.88267 3.85651 3.62153 3.5442 3.50501 3.10027 3.0239 2.97359 2.78621 4.14989 4.30809 3.31333 6.68372 6.49767 5.63725 5.25619 7.64248 4.74135 5.49884 5.92643 4.39153
threshold=0.63750947092527643 0 -0.87786832340675269 4.7098034438578589 -0.49846138994909289 -0.3037581961884383 -0.44917738944568325 7.8164300624462859 6.8737163650131992 0.016410575160838065 2.6203036822464303 0.013224098057299837 3.5000000000000004 0.81497540616551534 4.3462688871763069 4.5000000000000009 0.0089956105154855841 0.0023305083476226015 5.2185175919106266 4.5954523805399896 0.0091669712388749523 0.0082018163884803458 5.855238387294821 -0.16096588023154301 1.0000000180025095e-35 0.0052338331055546928 0.32355813538190153 -0.045105740821627875 1.8280184168649882 5.9582743932786402
decision_type=2 1 2 2 2 2 2 2 2 2 2 2 2 2 2 2 2 2 2 2 2 2 2 2 2 2 2 2 2 2
left_child=1 2 -1 4 10 6 9 -8 11 -5 13 16 -11 -4 -3 -15 -6 18 19 -16 21 22 -19 -23 29 -26 27 28 -25 -24
right_child=-2 14 3 5 8 -7 7 -9 -10 12 -12 -13 -14 15 17 -17 -18 20 -20 -21 -22 23 24 26 25 -27 -28 -29 -30 -31
leaf_value=-0.0098385692525160603 0.025428762021288031 0.021200856442395145 -0.0088628994740230817 0.05032473517090489 -0.0078720271592503076 -0.0064991027549270147 0.11505748547523867 -0.01054592263278026 -0.025282485937543356 -0.02454720152241649 -0.0098825859257094025 -0.011830888680111215 0.028215565499956529 0.11934467422932392 -0.015954265899649815 0.0090234589287729594 0.099885378371243602 -0.013998100741651889 -0.0092155732019444572 0.079799728344762608 -0.006615204217633599 -0.020894261004137195 0.0486850236437434 0.0043846802186718334 0.079324472256035672 -0.020209040202141804 -0.012998393182869486 -0.01226350712090766 0.12486167213112508 -0.0099363085269525107
leaf_weight=14.061183248064479 6.6614250701386473 8.5525838611647469 0.31409985816571895 2.0276465286733565 0.38131706626154283 18.946759364451285 1.3749428475275625 0.35212920838966955 2.5678679031552747 4.1190995211945847 0.42839613766409446 0.99744646542239934 2.3969564203871414 2.7252359992126007 0.65492734126746599 0.63893029699102033 0.45630300883203745 21.709513673442416 2.6375215394655243 1.5803068955428896 118.466481686919 1.1954318142961708 1.5898502592463035 0.93679997394792769 3.0654705386841661 1.28169870597776 0.81846053642220784 0.65790249337442164 1.9349045972339807 8.7532414975576085
leaf_count=2770 585 378 64 279 72 3528 224 72 609 1095 84 216 376 358 126 56 26 3762 416 128 20360 217 163 125 375 198 78 95 133 1291
internal_value=0.00250297 0.00171687 0.00888857 0.0182373 0.0477798 0.00833663 0.0338529 0.094972 0.00384115 0.0128412 0.0849112 0.0391377 -0.00396651 0.0957041 -0.000914408 0.105261 0.0732413 -0.00223438 0.0248576 0.0554843 -0.00320625 0.00635198 -0.000329788 0.0435713 0.0194743 0.0516872 0.0618879 0.0782888 0.0968435 0.00257211
internal_weight=232.285 225.623 51.7883 37.7271 8.5096 29.2175 10.2708 1.72707 4.40293 8.5437 4.10666 1.83507 6.51606 3.67827 173.835 3.36417 0.83762 165.283 4.87276 2.23523 160.41 41.9433 36.3998 5.5435 14.6903 4.34717 4.34807 3.52961 2.8717 10.3431
internal_count=38259 37674 9829 7059 1485 5574 2046 296 923 1750 562 314 1471 478 27845 414 98 27467 670 254 26797 6437 5789 648 2027 573 431 353 258 1454
cat_boundaries=0 1
cat_threshold=705
is_linear=0
shrinkage=0.04


Tree=150
num_leaves=31
num_cat=0
split_feature=2 4 18 1 21 1 8 15 18 15 15 18 9 24 24 14 23 14 24 5 24 8 5 14 17 1 1 23 11 14
split_gain=2.33525 2.11247 2.01783 1.99257 1.91412 3.29444 2.43147 2.91288 5.29496 4.0748 4.81156 4.20768 4.34901 3.60212 3.56912 4.54385 5.06741 4.35288 7.48978 7.87255 9.59623 7.19402 5.63055 7.72869 6.48739 6.10438 5.69307 3.71847 7.30813 4.03481
threshold=0.86761921223609584 18.500000000000004 3.6021870837399188 0.49455752559507143 1.0000000180025095e-35 -0.23663195187770344 0.928662449003676 7.9189953302902163 6.9678589110109108 2.9338730466235119 2.7889329263186915 7.4762452357041065 -0.045105740821627875 0.040814976886219247 0.016670446801149878 0.012454464392393521 0.05186879412606802 0.033840916681304643 0.024553679873567599 0.80728033472829053 0.020091283316608848 0.44764863787822534 0.58244385859777814 0.12218512173036687 1.5000000000000002 -0.013186018224389898 1.4161546534424094 0.0022845777483026953 5.9390292280063663 0.041430544962254352
decision_type=2 2 2 2 2 2 2 2 2 2 2 2 2 2 2 2 2 2 2 2 2 2 2 2 2 2 2 2 2 2
left_child=1 2 3 -1 6 -6 7 9 -9 10 14 12 13 -12 -4 16 -16 18 19 20 -17 -20 23 -19 25 -25 -27 28 -24 -29
right_child=-2 -3 4 -5 5 -7 -8 8 -10 -11 11 -13 -14 -15 15 17 -18 22 21 -21 -22 -23 27 24 -26 26 -28 29 -30 -31
leaf_value=-0.017464764617159508 0.028462570981799159 0.026497049256394213 -0.0078068381338316697 0.030771291813491166 -0.024194168024775552 0.030334438348481242 -0.017575195851542016 -0.016698538106987147 0.047781598696602839 -0.020373194626421346 0.085190343219038026 -0.019185947254041477 -0.01496510302765113 0.0015408862435853901 -0.027337130592821907 -0.012707369866869973 0.021319890138179524 0.0054241451648194333 -0.0018196526254659756 0.0096552995934693128 0.13270803476080972 0.052427013158666873 -0.015218571430229061 -0.012043551835888573 -0.011761127693125708 0.15610438740696037 -0.000205501114147202 -0.035725979739687483 0.073287074120881632 -0.0024076681409060546
leaf_weight=1.0427742023020972 4.3634031442925325 4.3905368060804895 58.962760497001 5.3878235816955566 1.5039570857770739 6.4911531719844779 11.299694931018164 2.6357664314564309 4.3524261907441542 13.848561267135663 2.613465542672202 1.3049672089982776 0.96215176372788791 1.1152663336833937 12.034046433400361 0.75986803788692059 3.8130522345891213 9.2239178512245399 19.676504736766223 3.3597358944825828 1.813271766528487 3.8631553305312982 2.5755071735475203 0.42745218379423056 0.82744958694092918 1.0280102600809176 0.45356975751928974 5.6583559291902921 1.8274878907250238 47.414955348009244
leaf_count=17 299 259 10469 286 355 641 2146 561 593 2189 382 207 192 199 2058 130 540 1385 3269 566 159 612 437 94 147 95 50 1131 290 8726
internal_value=0.00235943 0.00174493 0.00115018 0.0216517 0.000455178 0.0185277 -0.000310707 0.0007444 0.0244155 -0.000231289 0.00142496 0.0339494 0.0495051 0.0657876 0.000114511 0.00421685 -0.015059 0.007425 0.0200315 0.0566973 0.0982275 0.00885655 0.00186572 0.0256978 0.074294 0.102815 0.127452 -0.00344822 0.0282814 -0.00655487
internal_weight=235.031 230.668 226.277 6.4306 219.847 7.99511 211.851 200.552 6.98819 193.564 179.715 5.99585 4.69088 3.72873 173.719 114.756 15.8471 98.9092 29.4725 5.93288 2.57314 23.5397 69.4367 11.9604 2.73648 1.90903 1.48158 57.4763 4.403 53.0733
internal_count=38484 38185 37926 303 37623 996 36627 34481 1154 33327 31138 980 773 581 30158 19689 2598 17091 4736 855 289 3881 12355 1771 386 239 145 10584 727 9857
is_linear=0
shrinkage=0.04


Tree=151
num_leaves=31
num_cat=1
split_feature=2 14 9 9 26 11 14 19 2 17 24 9 14 8 25 19 19 8 23 14 1 2 6 2 2 9 25 2 8 23
split_gain=4.03189 3.62 4.09628 6.11889 5.59848 6.88348 5.50962 5.66152 5.52074 5.42049 6.32187 5.29843 4.22112 4.09159 4.07398 3.85963 4.58543 3.94758 5.7002 3.60163 3.54572 4.68703 3.46064 4.24322 6.68201 4.19848 4.89228 8.40287 6.80692 10.741
threshold=0.016744313938789387 0.044823363060407038 -0.97022635312312 -0.87441553923191728 0.040441424070385194 5.0097145009056616 0.13924868914877772 5.9808966889187269 0.28920184992673442 2.5000000000000004 0.0040024308660656397 -0.84808990315022348 0.054680591765942886 0.48331679210404171 0.27061063216785192 5.8254230374584202 5.9158855963442472 -0.98895783289370998 0.018192491637358896 0.10172840460566689 -0.47782847919516908 0.019604904478434555 0 0.050850952594181119 0.035177975410162675 -0.96132896751181041 0.10931905923599762 0.15419198590965746 -0.58791918172702007 0.016235536842891096
decision_type=2 2 2 2 2 2 2 2 2 2 2 2 2 2 2 2 2 2 2 2 2 2 1 2 2 2 2 2 2 2
left_child=-1 22 4 -4 12 -6 7 8 9 10 -7 13 -3 -5 -12 20 -17 18 -18 -20 21 -13 23 24 -2 -24 27 28 -27 -30
right_child=1 2 3 11 5 6 -8 -9 -10 -11 14 15 -14 -15 -16 16 17 -19 19 -21 -22 -23 25 -25 -26 26 -28 -29 29 -31
leaf_value=-0.013059983427463642 -0.027429861682075788 0.045272258894014553 -0.016673048897220818 0.070725826407692871 -0.012648201726667615 -0.011697480658633222 -0.011809264906385616 0.0081297927807168317 -0.011141702262698521 0.0085945306934144591 0.14765371193868451 0.056061785464083996 -0.015611313821983669 -0.013078776301998385 0.01079126598977634 0.05571127521774117 -0.013952583677789546 0.0054025110091027017 0.10973786111702385 -0.0062261878930413078 0.0057017254897178127 -0.028458709250677946 -0.016159895368596296 -0.027582935674381335 0.048450967637795883 0.0063349150193133807 0.00071953497873808675 -0.023685161364929024 0.10607916556467137 0.011172831925830498
leaf_weight=22.509306892286986 2.8338382703950655 1.4154121025931115 15.573657792876473 2.7149632050422947 2.4685291558271265 0.37470736354589318 1.2670561758568508 2.0861138463951647 0.59510667552240182 1.0367984941694883 2.8205868047662084 0.24578659585676987 6.4182854150421917 0.87661592150107015 0.56600672216154624 3.6361120057990801 1.0575447888113623 23.088671970413994 0.9607124248286707 0.41731112659908831 41.454971908126026 8.75392466643825 13.062026696745304 16.149630352971144 2.6721088591730222 5.9993906636955225 42.369789329706691 3.6095076297642654 3.4297083211131403 3.8160213282098994
leaf_count=4242 614 169 2818 319 332 46 224 279 69 62 346 45 1122 172 93 491 168 3842 131 81 6335 2096 1834 3222 472 903 6482 631 390 463
internal_value=0.0026795 0.00440598 0.00904586 0.00563483 0.0255711 0.0424991 0.0577643 0.0695533 0.0883243 0.100455 0.118653 0.00995858 -0.000731066 0.0518776 0.132454 0.00744747 0.0187682 0.0116034 0.0517038 0.0867695 0.000667063 -0.0207749 -0.00144767 -0.0122577 0.0111829 0.00315582 0.00813753 0.0257004 0.0398767 0.0635127
internal_weight=234.28 211.771 117.829 98.7803 19.0486 11.2149 8.74638 7.47932 5.39321 4.7981 3.7613 83.2066 7.8337 3.59158 3.38659 79.615 29.1604 25.5242 2.43557 1.37802 50.4547 8.99971 93.942 21.6556 5.50595 72.2864 59.2244 16.8546 13.2451 7.24573
internal_count=38493 34251 19240 16498 2742 1451 1119 895 616 547 485 13680 1291 491 439 13189 4713 4222 380 212 8476 2141 15011 4308 1086 10703 8869 2387 1756 853
cat_boundaries=0 1
cat_threshold=22
is_linear=0
shrinkage=0.04


Tree=152
num_leaves=31
num_cat=1
split_feature=25 2 25 8 1 22 26 22 9 18 14 11 24 19 22 6 2 19 22 15 9 18 1 14 15 20 2 18 11 11
split_gain=3.37389 4.25693 3.73921 3.54059 2.88129 7.1174 7.9492 4.8842 5.305 4.30597 4.25531 5.4883 4.26233 4.07693 4.11024 3.71118 6.66703 6.15167 6.90483 6.35449 7.38703 4.15873 3.75352 3.98832 3.50996 3.45472 5.37379 3.77828 3.61377 5.87043
threshold=0.056945693414417672 0.019604904478434555 0.078610831299109687 -0.44441953190038114 -0.36867092764284498 0.0097053446624257283 0.052006759337539871 0.004708356463830542 -0.87108729358372772 6.4883654857183286 0.016749065851108986 5.5941356765428996 0.11021459891887998 5.0008567463017242 0.032346170699656097 0 0.020195489741601413 4.1623143019034776 0.028988549037051174 1.3897898257208194 -0.91755667544514941 7.6009103627110202 -0.31678635229044189 0.30544883234180348 1.8702480135340369 1.5000000000000002 0.25457247910796349 5.390228737737174 6.0494489993854783 6.0565419126802729
decision_type=2 2 2 2 2 2 2 2 2 2 2 2 2 2 2 1 2 2 2 2 2 2 2 2 2 2 2 2 2 2
left_child=1 3 -2 -1 5 6 7 -4 -9 -10 11 13 -12 -7 -15 16 -6 18 -17 -20 -21 -22 24 25 -19 27 -27 -24 -29 -30
right_child=2 -3 4 -5 15 10 -8 8 9 -11 12 -13 -14 14 -16 17 -18 22 19 20 21 -23 23 -25 -26 26 -28 28 29 -31
leaf_value=0.054118896802735357 0.022135934619364285 -0.020331920526744828 -0.0038732761159880054 -0.017760522784443043 -0.018414585894953334 -0.019042856275152897 -0.024140229643779973 -0.013337750112624535 -0.0094614851498570681 0.1219893030218276 -0.024645069505002823 -0.020939918587380327 0.023640036557624068 -0.015250261888626056 0.077895661923685564 -0.023574948926478396 0.014795863340967044 0.071707086504264481 -0.017397595653378603 -0.016601299012289669 0.11289097744034823 -0.0091090708211861281 0.019710493209583704 0.026368323025201926 -0.015141149111177843 -0.02185332226704886 0.062882972498726 -0.025775281020645843 0.077679477582916365 -0.0087406076691445827
leaf_weight=1.6106722071999686 15.304502674145622 17.651212801458314 1.26990206784103 1.2336923142429466 10.200525948777793 0.89768179238308166 2.1422185486881062 0.49550566182006184 0.30790722265373949 1.7008052377495912 27.4645042733755 3.4667539770016447 2.4684955127304411 0.60907575779128853 2.3268552937079221 2.0341730631189412 75.747887167730369 0.82935638283379265 1.1568494410021228 0.81240293732844282 2.4542578766122469 0.35089439654257137 3.9025695340242228 3.7608795298729083 0.7683991122758016 1.5928446062607684 1.4623046674532814 30.554921385250054 0.35558160720393317 16.587506452342495
leaf_count=202 2413 3043 282 237 1605 192 464 107 78 183 6563 776 405 123 309 381 9680 125 191 125 311 60 366 283 142 335 94 5996 42 3301
internal_value=0.00220208 -0.0129143 0.00372422 0.0264322 0.0021793 -0.00684204 0.0307247 0.0603998 0.0847972 0.105392 -0.0134588 0.0126426 -0.0200276 0.0410607 0.0596069 0.00475863 0.00958549 -0.00255736 0.0305442 0.0536916 0.0752695 0.0992468 -0.00718607 -0.00914302 0.0401894 -0.0120268 0.0242099 -0.0146015 -0.017769 -0.00269879
internal_weight=231.521 20.4956 211.026 2.84436 195.721 43.1497 5.91634 3.77412 2.50422 2.00871 37.2334 7.30037 29.933 3.83361 2.93593 152.571 85.9484 66.6229 6.80858 4.7744 3.61756 2.80515 59.8144 58.2166 1.59776 54.4557 3.05515 51.4006 47.498 16.9431
internal_count=38414 3482 34932 439 32519 9482 1114 650 368 261 8368 1400 6968 624 432 23037 11285 11752 1068 687 496 371 10684 10417 267 10134 429 9705 9339 3343
cat_boundaries=0 1
cat_threshold=902
is_linear=0
shrinkage=0.04


Tree=153
num_leaves=31
num_cat=1
split_feature=6 4 23 25 22 9 9 18 2 23 24 19 13 0 23 9 1 15 3 1 25 23 15 24 0 23 9 0 0 22
split_gain=2.76726 4.07963 5.9604 4.65581 4.09028 3.32257 4.85401 3.77366 3.26377 3.24287 5.12344 4.3714 4.49801 3.83635 4.34385 7.12053 7.37878 6.46269 6.58181 5.28172 9.18267 6.82025 5.77728 5.63993 5.05384 5.23653 4.55105 4.506 4.96736 4.4558
threshold=0 3.5000000000000004 0.079390472062858056 0.20847600218219112 0.075421358798877347 -0.013076718697683141 -0.65223408400112481 6.6762615419456015 0.48470069411158639 0.030849945828159819 0.11843572739606358 7.4865223682111433 1.0000000180025095e-35 8.3183351200436011 0.0073481905412307617 -0.9800432156167127 0.30633376102118631 2.1532990456678309 1.0000000180025095e-35 -1.0297147082534768 0.15114322004665789 0.010245699200408033 1.3326330648727496 0.0096812720425756456 8.2665822616024389 0.030470188715266383 0.37843511017006859 7.8164300624462859 6.1696424280618691 0.021873251055328863
decision_type=1 2 2 2 2 2 2 2 2 2 2 2 2 2 2 2 2 2 2 2 2 2 2 2 2 2 2 2 2 2
left_child=1 2 -1 5 -4 6 -3 -8 9 13 11 12 -11 14 -2 16 -16 18 -18 20 -17 22 -21 -22 25 -23 29 28 -25 -24
right_child=8 3 4 -5 -6 -7 7 -9 -10 10 -12 -13 -14 -15 15 19 17 -19 -20 21 23 24 26 27 -26 -27 -28 -29 -30 -31
leaf_value=-0.021273159131363267 -0.0012227925320413241 0.0076290410258843776 -0.011391950427255177 -0.015355955038496688 0.054173689101308646 -0.015961896315217893 -0.0075253011607823439 0.093735923366289844 0.022480469009568033 -0.012434395696215739 0.034161008214221987 0.046542678201173873 0.021161765889918339 -0.0041694286662182882 0.0050641903147537913 -0.016338755606650178 0.13153653568350121 0.0041293169119646983 0.00088022464445175073 -0.022603606473627091 -0.017166986931891517 -0.0098283011503488178 0.0008338728757379169 -0.0095051735584985569 0.066987399796385474 0.065449662286828567 -0.018441220800551369 -0.013031721633523827 0.10662590106219993 0.080566731379542775
leaf_weight=26.439947317936461 25.074990522814915 3.6958111963467668 2.3403029148466876 5.2412586495047435 2.2271902647335082 1.4589298599166776 0.559383495012299 1.9739608339732511 15.711027354700489 52.097297640400939 4.4184946308378121 1.416441493667661 6.32780020777136 29.431965588242747 3.5302810866851351 2.6937663563294327 2.2625069918576632 1.4117835527285931 0.77742757415398944 1.5428184201009552 0.74227854434866447 30.033192387549214 1.4575655278749762 0.49980604043230403 0.57714924425817926 0.56026647507678617 0.8446275726892053 0.47392226045485575 3.5133048135321587 4.1880578289274126
leaf_count=5814 4475 587 373 818 198 274 113 232 1201 9871 527 237 606 3815 598 470 228 188 89 292 152 5544 205 85 84 73 166 107 377 505
internal_value=0.00333671 -0.00508204 -0.0139642 0.0120441 0.0245669 0.0303413 0.0418938 0.0755749 0.00529311 0.00392311 -0.00318104 -0.00645441 -0.00850085 0.00807888 0.0125707 0.0187568 0.0516149 0.08083 0.106611 0.0122347 0.0400658 0.00575332 0.0363708 0.0670799 -0.0030225 -0.00642173 0.0515359 0.0816054 0.0931516 0.0632046
internal_weight=233.524 43.9368 31.0074 12.9293 4.56749 7.68809 6.22916 2.53334 189.587 173.876 64.26 59.8415 58.4251 109.616 80.1837 55.1088 7.982 4.45172 3.03993 47.1268 7.92308 39.2037 8.03307 5.22931 31.1706 30.5935 6.49025 4.48703 4.01311 5.64562
internal_count=38304 8409 6385 2024 571 1206 932 345 29895 28694 11241 10714 10477 17453 13638 9163 1103 505 317 8060 1191 6869 1168 721 5701 5617 876 569 462 710
cat_boundaries=0 1
cat_threshold=50
is_linear=0
shrinkage=0.04


Tree=154
num_leaves=31
num_cat=1
split_feature=1 14 6 2 2 9 23 1 25 23 5 15 15 1 14 5 2 1 24 11 9 1 25 2 25 23 15 9 14 25
split_gain=3.84502 5.16824 4.7238 5.7279 4.91261 5.52034 5.03295 6.44338 8.68672 5.27657 5.12574 4.46025 8.68639 6.79889 6.10221 5.48864 5.12079 4.41299 4.37199 4.32909 4.10444 4.38482 5.89227 3.9991 3.83589 3.79324 7.57565 4.4729 4.05271 3.77917
threshold=-0.51708214342121306 0.016749065851108986 0 0.12635022124435805 0.063428640448604065 -0.58454947163109827 0.027355663017313635 0.4065680394641023 0.29337885572885186 0.10146005057873873 1.3970783986918496 2.214756077441574 1.8191520750779133 1.7146656382863588 0.020821243450517113 1.3012108047832858 0.014567099590785421 0.05789263851344912 0.0063160462942874942 6.5303670531171321 -0.51374193364939524 0.36612150603855836 0.14990340452914572 0.01066191427878471 0.35440657995569913 0.032979959396220247 2.1905338288969642 -0.84808990315022348 0.0011991808257208806 0.024330401086530781
decision_type=2 2 1 2 2 2 2 2 2 2 2 2 2 2 2 2 2 2 2 2 2 2 2 2 2 2 2 2 2 2
left_child=1 -1 3 11 5 25 7 8 10 -8 19 12 -2 14 -14 16 -16 -18 -19 23 -5 22 -22 -7 -9 28 -27 -28 -4 -3
right_child=2 29 4 20 -6 6 9 24 -10 -11 -12 -13 13 -15 15 -17 17 18 -20 -21 21 -23 -24 -25 -26 26 27 -29 -30 -31
leaf_value=0.017966852244984708 -0.00078620775295248945 0.033604876919183256 0.050712852851358285 0.011597657979126643 -0.0082636355902291382 -0.0078517034732958485 -0.022449398139261653 -0.01406380741618974 -0.019369349298184929 0.041869122279139116 -6.617368231389861e-05 -0.010549946940271601 -0.0025713578160005911 -0.0057182891190076029 -0.012015578213815247 0.00014688032014143523 0.0068328759928540095 -0.007528125824492065 0.12828100295249939 -0.0087678027154169513 -0.012562817369443464 0.025894768018932951 0.10212388401064898 0.12496020594374602 0.049785761049540564 -0.016236780677205832 0.08746295815980229 -0.01232091800435779 -0.025464496731153134 -0.017728428928790008
leaf_weight=9.1082751743961108 26.089732494321652 1.5504865313414473 0.30797854578122752 19.593421013560146 59.756218578899279 0.27299913926981645 5.1348012848757199 4.0061367977177724 1.1482105823233721 2.0587730058468878 0.89977720065508027 19.80726621998474 2.0170722010079754 3.5974118475569403 0.48249426495749492 1.2921844428637994 0.80051317485049356 0.29864252102561328 3.3156460518948734 0.35349145391955961 0.66708944272250237 13.23266915977001 2.164722410030663 3.1406058329157531 1.1689061447978017 3.9618372367694965 1.6033777163829657 0.68646418838761736 10.720346094341947 33.05857726582326
leaf_count=1580 3627 157 18 1845 10805 67 1324 806 219 157 168 2851 288 351 85 268 132 55 345 79 134 1194 268 380 159 793 253 164 2180 7671
internal_value=0.00304703 -0.00752465 0.00552458 0.0112443 -0.00118714 0.0103108 0.0251116 0.0409828 0.0665896 -0.0011783 0.0874244 0.00449404 0.0124267 0.0394111 0.0576663 0.0749241 0.091284 0.102708 0.11786 0.103952 0.0248142 0.0393098 0.0788792 0.114966 0.00608503 -0.00578585 0.0174244 0.0628967 -0.0192979 -0.0145496
internal_weight=232.296 43.7173 188.579 93.3589 95.2199 35.4637 18.1837 10.9901 5.81508 7.19357 4.66687 57.701 37.8937 11.804 8.20655 6.18948 4.8973 4.4148 3.61429 3.7671 35.6579 16.0645 2.83181 3.4136 5.17504 17.28 6.25168 2.28984 11.0283 34.6091
internal_count=38423 9408 29015 11443 17572 6767 3359 1878 913 1481 694 8002 5151 1524 1173 885 617 532 400 526 3441 1596 402 447 965 3408 1210 417 2198 7828
cat_boundaries=0 1
cat_threshold=900
is_linear=0
shrinkage=0.04


Tree=155
num_leaves=31
num_cat=0
split_feature=3 17 13 11 11 15 19 9 23 1 11 11 14 0 19 25 2 5 5 23 23 15 2 1 25 23 18 11 15 3
split_gain=4.63073 3.35612 2.54218 2.49602 5.20251 5.48499 5.75953 5.66511 5.08876 5.32215 4.11203 4.16737 4.51484 4.68297 9.65059 3.80678 3.75946 3.5942 3.64733 3.12325 6.01 5.87896 5.00195 5.11833 4.18152 4.09854 3.5629 3.83103 3.1578 3.11429
threshold=5.5000000000000009 9.5000000000000018 1.5000000000000002 6.2903503271028267 6.1740205166983477 2.0588393999663834 4.9086330546223209 -0.19484578963517946 0.0212832265758198 -0.44917738944568325 6.4078063155147928 6.6635596217745627 0.022005145007581651 7.463424806787935 5.1976533166979104 0.19602081586370029 0.28920184992673442 0.8965023262259314 1.0618072655657758 0.0075063271097244614 0.0091669712388749523 1.8522492300870292 0.36538598397135452 0.13146246906915623 0.44166847616379207 0.015380545419208658 6.6840105073171205 5.4430785521917437 2.009492445783517 1.0000000180025095e-35
decision_type=2 2 2 2 2 2 2 2 2 2 2 2 2 2 2 2 2 2 2 2 2 2 2 2 2 2 2 2 2 2
left_child=1 2 3 4 19 6 -6 15 9 -5 -11 12 -12 14 -14 16 -7 -15 -19 24 21 -21 23 -23 -1 26 27 28 -22 -27
right_child=-2 -3 -4 8 5 7 -8 -9 -10 10 11 -13 13 17 -16 -17 -18 18 -20 20 25 22 -24 -25 -26 29 -28 -29 -30 -31
leaf_value=-0.016515485051548276 0.034981218502471198 0.026920894788695127 0.032984824442989481 -0.028253031343403536 0.046185015196324571 0.11005216037555059 -0.024397316951129611 -0.0080923390890378696 -0.02139887054163438 -0.017964995714246503 -0.0099245489122857227 0.0011324061611793659 -0.016842170514031397 -0.021880747252214811 0.12891297993326553 0.011307551940300465 -0.0096912913313795777 0.080104748752240176 -0.0016496151381408944 -0.009671643723457168 0.052795483164570306 0.0044520675444963123 -0.025968130234728558 0.091074302824368555 0.023575830923968595 0.0084197697995604844 -0.026277827753484875 -0.023643074209056602 -0.0067385026232265532 -0.0080759754855212057
leaf_weight=26.966732162516568 5.8752385904081157 7.101913201622664 2.8332452154718331 5.1849659525323686 1.8221725992625559 2.1882268361514443 4.3684438895434141 1.6174229246098546 22.22536856518127 4.2099218397634131 1.8035985880997012 7.4530213894322515 0.71960899268742684 1.4148380593396725 1.5932596439961342 1.4827932206680996 0.30731460149399925 0.92887266888283226 1.5231807746458796 2.9385737872216833 2.3023592428071451 1.6165617502992971 0.53602275764569629 3.2201500422088429 3.9873219951987258 71.926146316342056 13.671985607245004 3.0033045466989279 2.1540145940380171 23.572344946558587
leaf_count=4927 337 339 143 1150 302 300 817 316 4446 656 275 1227 157 218 252 241 52 71 223 516 331 251 45 278 435 12494 2412 576 285 4188
internal_value=0.00263861 0.00164158 0.000697031 0.00012011 0.00241074 0.0269397 -8.81069e-05 0.0523207 -0.00792263 0.00450081 0.0140948 0.0233994 0.0417471 0.0561097 0.0921687 0.073574 0.0967523 0.0200356 0.0435537 0.000396353 0.00322761 0.0341538 0.05588 0.0678458 -0.010775 0.000752134 -0.0147798 0.00690876 0.0280583 0.00430655
internal_weight=230.549 224.674 217.572 214.739 167.682 11.7864 6.19062 5.59576 47.0566 24.8313 19.6463 15.4364 7.98336 6.17976 2.31287 3.97833 2.49554 3.86689 2.45205 155.896 124.941 8.31131 5.37273 4.83671 30.9541 116.63 21.1317 7.45968 4.45637 95.4985
internal_count=38260 37923 37584 37441 28766 2028 1119 909 8675 4229 3079 2423 1196 921 409 593 352 512 294 26738 21376 1090 574 529 5362 20286 3604 1192 616 16682
is_linear=0
shrinkage=0.04


Tree=156
num_leaves=31
num_cat=1
split_feature=17 26 15 15 5 2 22 15 25 5 24 14 25 11 8 14 24 19 10 6 26 2 17 11 2 25 15 8 25 19
split_gain=3.4744 2.62954 2.28593 8.85209 7.56116 7.20216 6.88194 6.92714 4.7297 3.83353 3.586 3.36677 3.70112 2.88927 2.8753 2.7 2.62497 2.46103 2.60886 2.40485 4.08944 5.21966 5.30608 4.17739 6.00514 5.40703 4.11815 4.09055 3.702 3.72957
threshold=7.5000000000000009 0.4676905408112913 2.7889329263186915 2.8586949110436213 0.98715597572562586 0.17293574456412855 0.075421358798877347 8.4235150788479114 0.26305703970370847 1.1805225089109566 0.027286165245382868 0.068040459511532661 0.22965120501460348 0.8244682908732629 0.62155741573496537 0.14757368263126666 0.14091990189930997 4.3403059370535289 1.0000000180025095e-35 0 0.029087487463369251 0.15040865442217857 2.5000000000000004 4.6661634382384287 0.018969098957122569 0.34446811888858636 2.5664473083645185 0.82918772740367641 0.066818420065928349 4.0526801045891743
decision_type=2 2 2 2 2 2 2 2 2 2 2 2 2 2 2 2 2 2 2 1 2 2 2 2 2 2 2 2 2 2
left_child=1 2 16 4 8 6 17 14 -4 -9 11 -7 15 -12 -8 -13 19 18 -5 20 -1 22 23 -22 -25 26 27 28 -26 -30
right_child=-2 -3 3 5 -6 10 7 9 -10 -11 13 12 -14 -15 -16 -17 -18 -19 -20 -21 21 -23 -24 24 25 -27 -28 -29 29 -31
leaf_value=-0.0085176660905765585 0.027820339555617517 0.034351421815741821 0.11593082776476449 -0.021026108918576109 -0.0047744101615538872 -0.0042285258833907984 -0.020783814993911621 -0.009851272775321239 -0.0092478251417611318 0.1159552737075603 0.02689844039983507 0.13530996402648232 0.018653234251181351 -0.023483496547724844 0.035776104207044128 0.011156230754401919 0.020597581994943416 -0.033358874050980591 0.046094737953915603 -0.0029778389533101461 -0.01041970010972946 -0.017291489802879693 -0.023226564860027908 -0.014433218386286218 0.0037435103665455715 -0.017099886505155298 -0.014473968507241482 -0.012864436126020996 -0.0093906511057910251 0.098696672104850475
leaf_weight=10.79719757824205 8.0837922664359194 3.0888658370822659 1.8189696255140004 1.165928789996548 1.6863713170168919 1.1533089238218943 3.373391101602464 0.32437433721497644 0.41437092144042242 0.53268201777245849 3.1315995932091027 0.58591819508001231 1.9633331336081026 2.287374394829385 1.1464900758583096 0.57828214997425675 8.6114352981094253 11.298430929891763 0.68379993736743916 148.81621621060185 1.8661619543563599 3.7431460557272649 1.7917322720168147 1.6481567018199701 0.93652344867586546 0.91636991163250137 0.56119282683357674 0.50724799511954177 0.3721274499548598 6.2712911946000531
leaf_count=2056 394 108 201 237 314 120 620 72 72 65 192 42 183 340 220 59 933 2212 57 26269 381 715 359 365 192 191 136 123 84 1005
internal_value=0.00355888 0.00255497 0.00195235 0.0116335 0.0611621 0.00289779 -0.0116576 0.0236121 0.0970283 0.0886757 0.0291877 0.0527129 0.0696479 0.0052866 -0.00255489 0.107291 0.000233693 -0.0267306 0.0112548 -0.000859666 0.00796392 0.0215314 0.0317773 0.040427 0.0490496 0.0603195 0.0694448 0.0762201 0.0829862 0.0922057
internal_weight=230.156 222.072 218.983 32.1446 3.91971 28.2249 18.5251 5.37694 2.23334 0.857056 9.69982 4.28084 3.12753 5.41897 4.51988 1.1642 186.839 13.1482 1.84973 178.227 29.4111 18.6139 14.8708 13.0791 11.2129 9.56475 8.64838 8.08719 7.57994 6.64342
internal_count=38317 37923 37815 5006 587 4419 3483 977 273 137 936 404 284 532 840 101 32809 2506 294 31876 5607 3551 2836 2477 2096 1731 1540 1404 1281 1089
cat_boundaries=0 1
cat_threshold=708
is_linear=0
shrinkage=0.04


Tree=157
num_leaves=31
num_cat=0
split_feature=4 0 15 19 9 9 0 14 5 2 18 8 18 19 2 22 9 15 26 17 9 0 26 18 5 25 5 15 19 26
split_gain=3.35436 3.46303 5.06706 4.57519 4.00775 4.3419 5.32241 4.38085 4.30247 3.51541 3.79053 3.4303 5.75531 4.47482 7.5059 12.2899 5.67844 5.27589 4.35857 4.01232 3.70093 4.01115 3.41456 3.38605 4.87979 3.24189 4.37893 5.18423 12.4023 5.05596
threshold=18.500000000000004 8.9542948057105747 2.7889329263186915 7.4181231686352023 -0.099101508400058297 -0.14706852183599436 7.463424806787935 0.16582994706593648 0.3380120420443587 0.66514445241800801 3.6021870837399188 -0.47858602230848996 7.04845438796493 5.2185175919106266 0.048938995193869593 0.038604884000659617 -0.36965007010790707 2.4171247646263168 0.18546620394262328 2.5000000000000004 -0.81108308482038105 6.4349040270501829 0.02983905744125764 6.5289130698983664 0.74767872478024333 0.29337885572885186 1.308803775345097 2.1366962286624616 5.261085147019501 0.011760456778763225
decision_type=2 2 2 2 2 2 2 2 2 2 2 2 2 2 2 2 2 2 2 2 2 2 2 2 2 2 2 2 2 2
left_child=1 4 3 9 5 7 22 11 -6 10 -3 13 25 14 15 -1 17 19 20 -17 -14 -22 -7 24 -16 26 27 -13 -29 -30
right_child=-2 2 -4 -5 8 6 -8 -9 -10 -11 -12 12 18 -15 23 16 -18 -19 -20 -21 21 -23 -24 -25 -26 -27 -28 28 29 -31
leaf_value=-0.014393088570464183 0.032832924956558769 0.02867442461595969 0.035989426884439353 0.054102428841305852 0.040501604245574141 -0.011679220509911985 -0.019755313435180447 -0.025143507538190089 -0.014831296984870828 0.020369152246534284 -0.010523574957398026 0.0051443362220593356 -0.029327235425996516 0.00016973808691133951 0.069950778359255464 0.13620441229380029 -0.011876909880144608 -0.0087717688739076399 0.028537728160142595 -0.0043477167063106408 0.043111905633342142 -0.014717155964265349 0.089861232589994552 -0.0096220708057739579 -0.0101870120994191 -0.016477979941448815 -0.012318796701463916 -0.016918041910689061 -0.013842807544528539 0.088918032284986931
leaf_weight=2.1674432153813568 4.0579176610335699 3.5249711475335053 8.0588323343545181 1.662811359623446 1.4124161865329359 0.40757671021856312 1.0363224163884295 9.4376916164765117 47.468121590907685 9.5856252460507658 31.304783606901765 13.345605830196297 20.587590939132504 27.334288545767777 1.5406326395459458 2.5786078999517499 0.50121496117208142 0.3983339276164769 2.2696237431373438 0.29081170784775157 1.7932928431546304 5.1697248364798725 1.482160398038104 7.8231502224225551 1.9103240602416915 6.7662045300239688 7.618939424166455 3.0397012918256205 0.60097294452134509 4.6796270298073068
leaf_count=492 269 189 698 142 149 78 228 1726 9515 904 3961 2418 4197 5049 156 348 133 95 153 51 281 1031 179 1530 383 1306 1502 502 115 643
internal_value=0.000617139 -0.000104042 0.0086239 0.00317501 -0.0028906 0.000985992 0.042379 -0.00036686 -0.0124525 0.000119108 -0.00586694 0.00195756 -0.00382833 0.0104097 0.0257708 0.0585497 0.0947195 0.110021 -0.0165532 0.124517 -0.0211372 0.00372012 0.0714981 0.00514699 0.0332674 0.00685993 0.0126182 0.021544 0.0444745 0.0768811
internal_weight=229.855 225.797 54.137 46.0782 171.66 122.78 2.92606 119.854 48.8805 44.4154 34.8298 110.416 65.8713 44.5448 17.2105 5.93641 3.76897 3.26775 29.8202 2.86942 27.5506 6.96302 1.88974 11.2741 3.45096 36.0511 29.2848 21.6659 8.3203 5.2806
internal_count=38423 38154 5894 5196 32260 22596 485 22111 9664 5054 4150 20385 12148 8237 3188 1119 627 494 5662 399 5509 1312 257 2069 539 6486 5180 3678 1260 758
is_linear=0
shrinkage=0.04


Tree=158
num_leaves=31
num_cat=0
split_feature=1 18 25 9 25 18 1 15 19 19 24 1 18 9 11 4 1 8 24 15 8 24 17 15 24 18 11 14 9 9
split_gain=2.62837 2.19777 4.30346 4.17121 8.08339 5.00568 5.90684 4.24932 6.28261 3.90775 3.64586 3.49126 3.45427 3.46141 3.23483 4.7521 5.28572 5.81178 4.15638 4.01533 3.58805 3.61953 5.28577 3.49743 3.16476 3.77257 3.22033 3.14167 3.12912 2.62284
threshold=8.8240742628521645 6.7301892337179092 0.25104385365864651 -0.99669349067366486 0.22178660446707024 6.617790386517961 0.70179063788232221 1.8191520750779133 5.3834507796929021 7.3594723674648685 0.062131087720297545 1.0770152507728148 6.5554402694723439 2.9621597756810043e-05 5.1383065887208108 1.5000000000000002 1.5398786435263132 -0.75774152318512034 0.078787224802367425 1.4008497895115479 -0.95307953666290923 0.0068292482672363802 1.0000000180025095e-35 1.8280184168649882 0.10753063518190782 4.6571820097870811 7.1079828015205058 0.047758606059974597 0.99145093642244408 0.72617521537126783
decision_type=2 2 2 2 2 2 2 2 2 2 2 2 2 2 2 2 2 2 2 2 2 2 2 2 2 2 2 2 2 2
left_child=1 2 3 4 10 12 7 -7 -9 11 -1 29 13 14 15 -5 17 -17 19 -19 23 22 27 -16 25 -23 -27 -22 -3 -4
right_child=-2 28 9 5 -6 6 -8 8 -10 -11 -12 -13 -14 -15 20 16 -18 18 -20 -21 21 24 -24 -25 -26 26 -28 -29 -30 -31
leaf_value=-0.021640571248027065 0.018728122974444591 -0.0036828976363668417 -0.031856524528046937 -0.018911610913721046 0.11145472387032557 0.0048883086791214024 -0.010387074352671334 -0.0012020172423113881 0.11386671086594788 0.046370695153113949 0.048684094562428525 0.0044561181113716578 -0.030707643312142655 -0.015418970349542569 -0.010578615547840181 -0.016557891352488214 -0.005076890313542466 0.0088271481977117566 -0.010706481939833123 0.11831438701384089 -0.0067147536687252743 0.018923894339263211 -0.0061525698248545502 0.067148449037146687 0.03066383954120051 -0.029847837529155603 0.033997626236784678 0.1021041003991308 0.034149367357707877 0.012597092028295859
leaf_weight=2.2293370797997336 12.30964053259231 132.45441769028548 11.363253657240426 1.6881625580135713 0.91713405982591201 1.7164419763721515 2.4759377042064443 1.0058246708940717 1.8561943498207254 1.0233309745090071 0.86896588490344573 11.498375132679937 3.451429682550951 8.3021840096916986 1.0771438035881105 0.7507539786165579 2.0609555160626769 0.84405400906689543 0.43615043640602369 2.3079782056156546 0.41244803252630935 3.2840215784963283 2.5631213780725375 1.5611079026712102 1.8318766468437377 12.3418621456949 0.56996002607047636 0.67781510099302977 2.5975012541748574 2.0002371243899679
leaf_count=354 1344 23445 2588 362 50 390 482 205 235 132 82 1057 681 1540 201 173 217 120 75 296 78 172 407 215 215 2536 59 84 226 399
internal_value=0.00147553 0.000411372 0.00557727 0.0118177 0.046811 0.00823021 0.0372453 0.0602484 0.083587 -0.00768224 0.0051495 -0.0116141 0.00287318 0.00638818 0.0122691 0.0326711 0.0469945 0.0680462 0.0854986 0.098183 0.00446149 -0.00163303 0.0300653 0.0412289 -0.00929929 -0.0153398 -0.0247883 0.0774197 -0.0027096 -0.024789
internal_weight=228.478 216.168 81.1161 55.2309 4.01544 51.2154 7.0544 4.57846 2.86202 25.8852 3.0983 24.8619 44.161 40.7096 32.4074 8.08805 6.39989 4.33894 3.58818 3.15203 24.3194 21.6811 3.65338 2.63825 18.0277 16.1958 12.9118 1.09026 135.052 13.3635
internal_count=38420 37076 13405 9229 486 8743 1312 830 440 4176 436 4044 7431 6750 5210 1243 881 664 491 416 3967 3551 569 416 2982 2767 2595 162 23671 2987
is_linear=0
shrinkage=0.04


Tree=159
num_leaves=31
num_cat=0
split_feature=18 18 23 25 2 1 25 26 5 1 5 18 8 11 24 24 26 23 22 11 23 18 18 25 4 22 22 3 5 17
split_gain=3.74059 4.71632 5.02643 3.95242 9.66319 6.90792 6.3189 8.44118 5.23897 6.93215 5.67391 5.37965 5.1521 4.72261 8.02849 5.95808 9.30979 4.92692 6.33103 5.97904 5.05327 5.39092 4.80279 4.79356 4.59735 4.56305 4.35738 4.34346 4.07606 3.8829
threshold=7.3441873263908226 7.2051373792848876 0.096231935234963831 0.23594053893251976 0.25457247910796349 0.98296549805170286 0.21312207526270407 0.032850507533100558 0.71236333354811976 2.0632641511959977 0.64969687504752593 4.6571820097870811 -0.10495382371287314 5.6552409998975532 0.032241012591655328 0.019095273752761197 0.031691218654746924 0.0096994130916608738 0.061954327292880772 6.0818561941709781 0.051243762070495552 6.641480726709573 7.0076675798607573 0.1708724672029365 4.5000000000000009 0.001979234683382547 0.023211175140075421 1.0000000180025095e-35 0.54499885602688358 1.0000000180025095e-35
decision_type=2 2 2 2 2 2 2 2 2 2 2 2 2 2 2 2 2 2 2 2 2 2 2 2 2 2 2 2 2 2
left_child=1 3 -3 5 25 6 13 -8 9 10 -7 -10 -9 14 15 16 27 18 19 -15 -19 -22 26 -21 -16 -5 -23 -1 -17 -28
right_child=-2 2 -4 4 -6 8 7 12 11 -11 -12 -13 -14 17 24 28 -18 20 -20 23 21 22 -24 -25 -26 -27 29 -29 -30 -31
leaf_value=0.073727508402323561 0.010399800439950885 -0.028723127567747624 0.037672457423351582 0.044360150696813608 0.020110187898990068 0.011863976879619454 -0.011733789958834777 0.018229675086687869 0.017232379260284713 -0.010803032722985235 0.10314125954743 -0.026225742135768428 0.11784777921535027 -0.013162052725078418 -0.020589112130662394 -0.012231907159017204 -0.020359749306577184 -0.024594125446928416 -0.024811913317910449 0.08311642656625147 -0.025034954867379527 -0.01373909954449244 -0.017660718651778498 -0.014021839221841621 0.034640803302302986 -0.019832567570206582 -0.0093524467333035433 -0.014383813074150081 0.086957779674469174 0.11040591022891393
leaf_weight=3.1447159230010606 71.830237648799084 13.63207994145341 1.2111178612103675 0.93386327812913705 14.498871492687611 3.0111564192920905 1.9329602883663017 1.8026293385773897 5.1116992495954063 6.1707882031332701 1.0361354359192771 19.385388543247245 1.7795462283538654 1.7259900640929133 6.9987288289703411 0.50171958492137392 4.2782149156555533 13.502299964893611 2.3459995079319924 3.2708451208891351 2.0293586921179658 0.51456833083648312 0.94198170781601209 0.68320271652191866 2.4634366331156343 37.677342364215292 0.35088953445665527 0.77383027866017062 4.0570111026754603 1.3632335119182242
leaf_count=460 10916 2973 145 144 1209 395 423 382 251 700 119 3457 236 335 1617 81 959 2969 529 476 508 107 210 134 250 7278 81 163 684 167
internal_value=0.00290623 -0.000563482 -0.0212697 0.00172995 -0.00683051 0.00684744 0.0156262 0.0528369 -0.00697662 0.0160573 0.0510368 -0.0168373 0.0826364 0.0104595 0.0236574 0.0431813 0.0187677 -0.000968701 0.0235403 0.0442357 -0.0121476 0.018925 0.0463175 0.0668899 -0.00427354 -0.0171993 0.0704533 0.0569406 0.0758046 0.0914774
internal_weight=228.96 157.13 14.8432 142.286 53.1101 89.1763 54.4612 5.51514 34.7152 10.2181 4.04729 24.4971 3.58218 48.946 22.2177 12.7555 8.19676 26.7284 8.02604 5.68004 18.7023 5.20003 3.17067 3.95405 9.46217 38.6112 2.22869 3.91855 4.55873 1.71412
internal_count=38358 27442 3118 24324 8631 15693 10771 1041 4922 1214 514 3708 618 9730 4214 2347 1582 5516 1474 945 4042 1073 565 610 1867 7422 355 623 765 248
is_linear=0
shrinkage=0.04


Tree=160
num_leaves=31
num_cat=0
split_feature=1 22 18 1 26 24 8 26 23 2 19 24 24 9 19 12 0 14 0 11 22 2 2 23 24 22 22 14 24 9
split_gain=2.89038 3.02508 4.70774 5.02743 5.2508 4.00459 4.26253 5.24748 6.21087 5.19536 3.90438 4.02212 4.58712 3.07384 2.67544 2.48455 3.17458 3.72999 4.9045 3.6667 3.08837 4.13746 4.38237 7.61451 5.84028 5.49613 5.28192 4.98766 4.7601 5.11362
threshold=-0.50496521183013343 0.0097053446624257283 6.8507951924557853 -0.88114617198637157 0.058644547072408383 0.14091990189930997 -0.33943678109141284 0.045946011341554051 0.011938419868243315 0.03243376195978611 4.6532137680522387 0.012346322534777398 0.047321844951518692 -0.56995839802498172 6.7548864770648089 1.0000000180025095e-35 8.501419456021944 0.025040708013570386 6.9729087297645753 0.74546944398548676 0.0085070624036806142 0.016744313938789387 0.055269954646279519 0.0098832328431727647 0.050620937486886626 0.019252190649319972 0.010651525373363366 0.0098670141764411919 0.0040024308660656397 0.51408366389202931
decision_type=2 2 2 2 2 2 2 2 2 2 2 2 2 2 2 2 2 2 2 2 2 2 2 2 2 2 2 2 2 2
left_child=1 2 -1 4 -4 6 14 -8 -9 -10 -11 -12 13 -13 -3 20 17 18 19 -17 -2 -22 23 24 25 -23 -24 -25 -27 -30
right_child=15 5 3 -5 -6 -7 7 8 9 10 11 12 -14 -15 -16 16 -18 -19 -20 -21 21 22 26 27 -26 28 -28 -29 29 -31
leaf_value=-0.025586091433898936 -0.012652827418190064 -0.034241911272158289 0.085010626769733075 -0.019890745960989612 -0.015931678323071036 0.03688890885893352 -0.020781991743930132 -0.027948371655719499 -0.021814418024390082 -0.012154406108334443 -0.0017350687764030521 0.12160365737232551 0.0018359404866883475 0.0087523818984028747 0.0097555099642282692 -0.010818006771740012 0.035113096402126585 -0.01098476282126854 -0.010961605323862263 0.10456570897005275 -0.015711445238230211 -0.015744160446484183 0.042479174728255895 0.047605442753819491 -0.0044136659842232218 -0.01471356000369012 0.0001300258382495083 -0.0012261434902512674 0.089004686389819648 -0.013791301033610004
leaf_weight=1.9580761191900808 17.525248331250623 14.733393632341178 2.1642079249722883 1.1732155692297968 0.74039750511292357 1.6548489463748399 9.5488708784105274 2.4153157743858156 1.3006664499407632 0.90325847070198495 1.0709047564305363 1.8991467100568113 0.92786557495128352 0.635329555487261 2.1255919310497111 0.36602389020845583 8.1401598324300704 8.1429225225001556 1.4902313644997773 0.66500855749472976 13.470463930745607 1.0028192953905071 3.9643184946617103 2.9055489754537147 2.8450726441806173 0.64894612343050528 92.904546776902862 23.06874672905542 6.1685415981337428 0.59187779657077033
leaf_count=472 2640 3713 263 259 161 214 2130 616 320 203 217 225 219 151 423 57 623 1182 201 57 2602 163 469 430 437 113 14928 4086 688 102
internal_value=0.00221102 -0.00698644 0.0173896 0.0390004 0.0617896 -0.0112916 -0.0144814 -0.00107574 0.0195059 0.0379319 0.0533944 0.0662913 0.0830056 0.103795 -0.028459 0.00440023 0.0178009 0.00270875 0.0374946 0.0784454 0.00277592 0.00468104 0.00683061 0.0183024 0.0443259 0.0595276 0.00227948 0.00579862 0.070376 0.0793874
internal_weight=227.152 43.2511 6.0359 4.07782 2.90461 37.2152 35.5603 18.7014 9.15249 6.73717 5.43651 4.53325 3.46234 2.53448 16.859 183.9 18.8043 10.6642 2.52126 1.03103 165.096 147.571 134.1 37.2316 11.2573 8.41218 96.8689 25.9743 7.40937 6.76042
internal_count=38364 9586 1155 683 424 8431 8217 4081 1951 1335 1015 812 595 376 4136 28778 2120 1497 315 114 26658 24018 21416 6019 1503 1066 15397 4516 903 790
is_linear=0
shrinkage=0.04


Tree=161
num_leaves=31
num_cat=0
split_feature=8 5 23 8 8 9 8 22 18 4 11 17 18 15 11 11 2 19 23 26 14 22 19 15 19 19 4 5 24 26
split_gain=3.17626 2.56153 3.09843 3.07348 5.60532 5.42423 3.91539 6.39104 5.83534 4.62695 4.70802 3.90867 3.82379 3.55877 3.53609 4.4881 7.3523 4.12025 4.58294 6.39069 5.65379 4.54579 4.37791 4.18644 4.05786 3.95799 4.00479 3.75919 3.70552 3.41052
threshold=0.94530356533936588 0.55554498947375308 0.039506050874695768 -0.87359265244175666 -0.98895783289370998 -0.099101508400058297 -0.83261026230485513 0.080687706598565959 6.7151938208552453 1.5000000000000002 6.3065614896120152 7.5000000000000009 7.6270021619255317 0.62467672547246356 5.2657959766506561 5.1639710136718637 0.13753447760858525 5.855238387294821 0.010245699200408033 0.050515174705297747 0.0098670141764411919 0.053869881742836044 5.4834692677425894 1.0689602094757349 6.2729468150550014 5.4627370292774264 5.5000000000000009 0.74297421980283451 0.0084918698770602881 0.02983905744125764
decision_type=2 2 2 2 2 2 2 2 2 2 2 2 2 2 2 2 2 2 2 2 2 2 2 2 2 2 2 2 2 2
left_child=1 2 -1 4 5 29 7 8 -5 -10 -11 14 -6 -14 15 -8 24 22 21 -20 -21 23 25 -19 27 26 -16 -17 -29 -3
right_child=-2 3 -4 6 12 -7 11 -9 9 10 -12 -13 13 -15 17 16 -18 18 19 20 -22 -23 -24 -25 -26 -27 -28 28 -30 -31
leaf_value=0.0039433349814085809 -0.018823511960664362 -0.014436152207415995 0.029790776145693795 -0.017342197535433385 -0.026358184866655018 -0.0045473497989981185 0.0049328679322035822 -0.030378073302952391 -0.014684396056270232 0.093591733998144119 -0.013372882982912275 0.035125539980954995 0.058548229876688826 -0.0086143554067704374 -0.011059451354225661 -0.0097915203147032788 -0.016332967001648283 -0.016479713140871086 -0.022856964357308 0.069259924765159894 0.003132729025697801 -0.0059857357749509166 -0.029842989939889632 0.056482024192917576 -0.01202565521855079 0.057152677226969283 0.023667327500031466 -0.0084872802170375076 0.12024543298153333 0.066715701755355752
leaf_weight=21.712164204218425 10.407377876457756 0.67946990288328324 10.576096024946308 1.3059386302484188 21.084845824749213 8.9142903776373696 40.184538713539951 1.4677366320975123 0.66188304859679181 3.3979455808876087 0.50490290578454722 4.4778024880215517 0.80517350591253389 3.5366867150878534 36.761214721365832 0.34108625072985876 1.7520606333855537 1.0682765196543167 12.033034827560188 1.6296294148778532 10.197789574856868 4.0915640629827976 13.164606995880602 5.8796166129177436 0.4838451943360268 0.63762330380268295 5.2268702366854987 0.26721634808927808 1.7348881249781696 2.5206972006708384
leaf_count=3097 2053 139 1307 264 4360 1689 6368 260 134 295 70 216 53 659 7492 74 217 177 2449 195 1658 655 2445 754 97 106 391 61 265 282
internal_value=0.00176616 0.00283498 0.0130503 0.00098963 -0.00907991 0.012624 0.00360042 0.0302369 0.0476071 0.0659659 0.0798488 0.00199889 -0.0195071 0.0124693 0.000654407 0.00973121 0.0434081 -0.00388307 0.00677788 -0.00324564 0.0169331 0.0269126 -0.010554 0.0446018 0.075026 -0.00404923 -0.00628651 0.0912216 0.10596 0.0501506
internal_weight=227.507 217.099 32.2883 184.811 37.5412 12.1145 147.27 7.33841 5.87067 4.56473 3.90285 139.932 25.4267 4.34186 135.454 44.7636 4.5791 90.6902 34.8999 23.8605 11.8274 11.0395 55.7903 6.94789 2.82704 42.6257 41.9881 2.34319 2.0021 3.20017
internal_count=38282 36229 4404 31825 7182 2110 24643 1023 763 499 365 23620 5072 712 23404 7082 714 16322 5888 4302 1853 1586 10434 931 497 7989 7883 400 326 421
is_linear=0
shrinkage=0.04


Tree=162
num_leaves=31
num_cat=0
split_feature=11 11 1 15 22 25 14 24 23 1 18 2 2 25 15 2 18 23 4 15 15 1 1 25 2 0 15 2 2 9
split_gain=2.84948 4.27311 5.00251 4.11607 4.26461 3.75273 3.75 3.98749 3.40664 4.33564 3.14088 3.04698 6.12874 4.84187 4.69784 4.42344 5.86738 4.3082 3.26336 3.03288 4.49003 4.71581 4.89847 5.15702 4.43724 4.48827 4.26115 3.91798 5.79245 5.06963
threshold=5.5941356765428996 6.0330233445898696 -0.44917738944568325 7.6584030289522236 0.036581966180924991 0.021256930781233866 0.11357319581333547 0.031851753621718243 0.0046164388389383299 -1.4208817451955158 7.7444158408265009 0.66514445241800801 0.14364113687376359 0.43507571911879267 2.8410018893337665 0.12893058472700639 6.8374320554192725 0.015380545419208658 5.5000000000000009 1.9365150459923186 2.3294368191031105 -0.5878780182523119 1.6378239059543747 0.36453956461303844 0.021879573617454007 7.9027442764782103 1.6616510530082762 0.014567099590785421 0.045917595755695491 0.10002432678360819
decision_type=2 2 2 2 2 2 2 2 2 2 2 2 2 2 2 2 2 2 2 2 2 2 2 2 2 2 2 2 2 2
left_child=3 -2 8 5 -5 -1 -6 -8 9 -3 -4 12 14 18 15 19 -17 -18 -14 24 21 -21 23 27 25 26 -7 -23 29 -29
right_child=1 2 10 4 6 11 7 -9 -10 -11 -12 -13 13 -15 -16 16 17 -19 -20 20 -22 22 -24 -25 -26 -27 -28 28 -30 -31
leaf_value=0.044346870249758572 -0.012148343347724938 0.06140799915357513 0.010747794509400816 -0.01172509679521532 -0.010765758093616721 0.062049921269311616 0.10561426561204637 0.0066876650025603883 -0.025315383498227009 -0.021887452546385688 -0.017869148685294604 0.026678003304041735 -0.030600459301981294 0.018446219889344244 -0.024943411880677085 -0.014992319632600599 -0.013128125915649658 0.088937441501188458 0.017569569332566249 -0.013981721773547244 -0.0017056659168775985 -0.0094367446552021013 -0.011243377888248075 -0.019377578375796144 -0.0094519232301521067 -0.018091337277484788 -0.018046325654422761 0.12727143139860889 0.031976051211126899 -0.0091996774430605915
leaf_weight=2.6203330355929202 46.217498136800714 0.94872651004698161 58.373227044823579 1.5073388622840855 0.70594375708606127 3.5000468223588568 1.4599811604712161 1.0824112247209994 12.4784585298039 1.2819237725343544 5.9367551936302325 6.8459475759882471 17.01666584901978 4.3616588959703213 5.707458732998929 1.4162559300893907 0.53439683467149768 2.3418516690144315 1.9144394914619614 2.3895369861274967 11.005754605401306 0.80868239724077096 1.8573489991249523 0.90459863503929216 24.108774578315206 1.9963496320415286 0.89581853454001237 2.3589710099622612 4.3499619704671204 0.35282701579853881
leaf_count=224 8144 113 9152 262 131 614 144 125 3167 341 992 594 3225 369 1000 253 115 204 164 588 2037 153 234 171 4351 346 195 272 635 78
internal_value=0.00141438 -0.00262149 0.00303286 0.00634492 0.0392606 0.00435284 0.0601105 0.0772742 -0.0172824 0.0215814 0.00787288 0.00279385 0.000652614 -0.0165156 0.00700727 0.0104726 0.0455071 0.0714794 -0.0250921 0.00694482 0.0172671 0.0322804 0.0429856 0.0544398 -0.00147675 0.0258119 0.0454079 0.0641522 0.0727045 0.111821
internal_weight=227.28 125.237 79.0191 102.043 4.75568 97.2877 3.24834 2.54239 14.7091 2.23065 64.31 94.6673 87.8214 23.2928 64.5286 58.8212 4.2925 2.87625 18.9311 54.5287 24.0277 13.0219 10.6324 8.77504 30.501 6.39221 4.39587 7.87044 7.06176 2.7118
internal_count=38393 21909 13765 16484 662 15822 400 269 3621 454 10144 15598 15004 3758 11246 10246 572 319 3389 9674 4168 2131 1543 1309 5506 1155 809 1138 985 350
is_linear=0
shrinkage=0.04


Tree=163
num_leaves=31
num_cat=0
split_feature=22 4 5 8 25 9 25 1 23 25 1 5 9 14 14 24 26 22 14 8 0 1 14 25 1 23 22 16 17 19
split_gain=2.89977 2.51383 6.27893 4.76163 5.66364 4.81315 4.24556 5.60604 3.68955 3.6769 3.84196 3.65261 3.85301 3.58545 3.48395 3.47083 3.32476 4.31516 3.22859 3.31147 4.11703 4.12781 7.32348 5.94166 6.36573 5.51816 4.93037 3.43731 3.27479 3.57451
threshold=0.46597771892742823 3.5000000000000004 0.95833361035538256 0.72493530529761341 0.15359671558912599 -0.38986882333586548 0.14990340452914572 -0.038441749856819439 0.0086521153054313991 0.15583013441786478 0.6722437099298052 1.0347632034317111 -0.87108729358372772 0.05703816364689477 0.023104300254870081 0.015678578634166749 0.045946011341554051 0.049496933078904105 0.30544883234180348 0.10645840780252648 8.2054633030654607 0.94691840049210219 0.082649926017237377 0.19178897884648458 1.9442303477643728 0.0052338331055546928 0.11342965795599093 1.0000000180025095e-35 2.5000000000000004 5.855238387294821
decision_type=2 2 2 2 2 2 2 2 2 2 2 2 2 2 2 2 2 2 2 2 2 2 2 2 2 2 2 2 2 2
left_child=1 6 -3 -4 5 -5 7 8 11 10 15 12 -1 14 -10 -8 -16 -18 19 20 21 28 23 -23 25 -25 -27 -21 29 -11
right_child=-2 2 3 4 -6 -7 9 -9 13 18 -12 -13 -14 -15 16 -17 17 -19 -20 27 -22 22 -24 24 -26 26 -28 -29 -30 -31
leaf_value=-0.016037459743698166 0.032175053047493338 -0.0049913964676787164 0.011516369179364605 0.12411713758345695 0.0072335616587975906 0.008734905358786604 -0.012938357492693602 -0.021584032310639125 -0.016777227894895476 -0.0029197509255299821 -0.013241755235043558 -0.011052309109884417 0.070301476997443532 -0.028179508315134022 -0.0064238451250758647 0.083113306619532035 0.069418371726153449 -0.017550609747462139 0.028665017268928721 -0.020585722155016441 -0.0093383919029044766 -0.020064235756524447 -0.017464858968951457 -0.013008723844451635 0.0032131293307647579 0.12087396806614951 -0.010481949266514396 0.010822167882882053 -0.030106312010634937 0.027228803740356539
leaf_weight=0.66385899228043843 3.7678536088205865 37.492505103931762 32.647760907188058 1.071377306012437 2.7943550964118913 1.0284025996224944 0.47327041870448727 32.098087300430052 4.0328723469283414 15.403629941865807 1.1337416827445848 1.7518211879068983 2.4881137136835636 5.5587780249770722 2.5309210469713435 1.5415757793234659 2.4535580143565316 0.77599406382068981 5.2831546654924741 19.924375215196054 21.535984042217024 1.0014520363183672 2.6670784368179739 0.47136647324077818 1.8127942454302681 2.9436197718605404 0.34628458041697729 6.8836506294319397 2.9294202169403425 9.4431472353171539
leaf_count=164 301 4645 4380 95 423 158 116 6724 864 3362 192 495 336 1445 569 220 290 229 476 4797 3140 205 486 86 217 420 71 790 691 1883
internal_value=0.00130988 0.000641649 0.00654476 0.0178963 0.0512812 0.0886551 -0.00241296 -0.0114263 0.004928 0.00268557 0.0395129 0.0318645 0.0526341 -0.00509856 0.00939939 0.0637436 0.0274964 0.0493127 0.000989189 -0.00103576 0.00429812 0.0122682 0.0340015 0.0544265 0.068826 0.0931324 0.107827 -0.0124218 0.00410616 0.00914853
internal_weight=224.951 221.183 75.0344 37.5419 4.89414 2.09978 146.149 52.354 20.2559 93.7945 3.14859 4.90379 3.15197 15.3521 9.79335 2.01485 5.76047 3.22955 90.646 85.3628 58.5548 37.0188 9.2426 6.57552 5.57407 3.76127 3.2899 26.808 27.7762 24.8468
internal_count=38270 37969 9701 5056 676 253 28268 11116 4392 17152 528 995 500 3397 1952 336 1088 519 16624 16148 10561 7421 1485 999 794 577 491 5587 5936 5245
is_linear=0
shrinkage=0.04


Tree=164
num_leaves=31
num_cat=0
split_feature=13 14 5 15 15 8 22 9 18 18 25 9 26 5 11 8 1 1 8 22 26 1 1 18 22 25 5 25 1 9
split_gain=2.53948 2.6623 2.30641 3.67386 5.64225 4.37381 5.81153 5.99194 5.9369 9.44755 7.1029 6.51438 7.75476 5.55664 5.82898 6.85906 4.99341 4.6867 4.46471 5.55343 4.18456 4.13712 3.82001 3.67075 5.6194 7.58008 5.04949 5.14157 4.89372 3.51487
threshold=1.5000000000000002 0.36340119394990783 0.86126089226230962 1.0527597857183006 1.0980292780520677 -0.87359265244175666 0.061954327292880772 -0.91755667544514941 7.1208587332588902 7.3729053496090948 0.12385511496409828 -0.90598851614771847 0.097830148085590915 1.0175330317809592 5.7828258865279443 0.074796353040796043 2.1290877930167644 0.34184370564260796 -0.97946176472741764 0.012743504553318302 0.078129191416379626 0.18966323059949688 9.6920236917728868 6.7301892337179092 0.055975299302159547 0.22808115786927649 0.50482284382949671 0.29337885572885186 2.0001107658256259 -0.7791168472849207
decision_type=2 2 2 2 2 2 2 2 2 2 2 2 2 2 2 2 2 2 2 2 2 2 2 2 2 2 2 2 2 2
left_child=1 2 23 -4 21 18 13 -8 11 10 -10 -9 -13 14 -7 -16 -12 -14 19 -6 -17 -5 -21 24 25 28 27 -25 29 -1
right_child=-2 -3 3 4 5 6 7 8 9 -11 16 12 17 -15 15 20 -18 -19 -20 22 -22 -23 -24 26 -26 -27 -28 -29 -30 -31
leaf_value=0.065886917300281081 0.028383593353823757 0.021517701925960347 -0.010484944853395833 -0.012695287799049569 0.060560481245397785 -0.0049087934685630693 -0.0042496081031193267 0.092336858653586179 -0.01294491362901589 0.021051507683132117 0.14660273860185716 -0.016390650990927066 0.090890598580744802 -0.0061688171546743923 0.0058304062395616151 0.098634495956328339 -0.00068619134145395002 -0.0014764178747919358 -0.027918640988787966 -0.019251214122164708 -0.0041940451780753431 0.090502852510233697 0.054077350806705587 -0.006597364888963432 -0.014558847958102548 -0.013906141477127168 -0.018014655806226406 0.040733920107838308 -0.012746832479819892 0.018077157589145992
leaf_weight=5.5850560588296485 4.6431547603569916 8.8638544243294728 22.59564456960652 0.56662442872766305 1.5316183055983881 6.4959093659417686 8.3724954137578624 0.50737235834822314 0.4754034072393537 5.4827311695553362 1.986622632830404 8.233870557160115 1.1235619342187413 39.318848281400278 3.9411838992964476 2.5049659252399583 0.40948737517464895 1.4459972484037278 10.40726299851667 6.0872122276341543 0.67626034631393839 1.1359810698777435 0.3700990923680364 11.124546980485318 12.572426329017615 7.1026491262018672 40.799870703136548 4.3277669334784141 2.3923674314282826 5.5919196481118014
leaf_count=673 270 750 4061 130 248 1024 1569 63 140 1003 325 1685 181 7549 530 338 59 195 2358 1339 106 142 41 1646 2055 1144 7191 472 322 970
internal_value=0.00188037 0.00120135 0.000260025 0.00378725 0.00704935 0.00544111 0.00943747 0.0238195 0.0353974 0.0592514 0.107912 0.0143969 0.00322375 0.0015198 0.0226219 0.0452439 0.128641 0.0530599 -0.0117294 0.0101202 0.0810002 0.0641691 -0.0083604 -0.00460199 0.0058262 0.0183238 -0.0107591 0.00832897 0.0349906 0.0454162
internal_weight=226.673 222.03 213.166 123.669 101.074 99.3709 80.9747 28.0375 19.665 8.35424 2.87151 11.3108 10.8034 52.9372 13.6183 7.12241 2.39611 2.56956 18.3962 7.98893 3.18123 1.70261 6.45731 89.4966 33.2444 20.672 56.2522 15.4523 13.5693 11.177
internal_count=38579 38309 37559 23086 19025 18753 14767 5220 3651 1527 524 2124 2061 9547 1998 974 384 376 3986 1628 444 272 1380 14473 5164 3109 9309 2118 1965 1643
is_linear=0
shrinkage=0.04


Tree=165
num_leaves=31
num_cat=0
split_feature=26 4 22 23 23 15 1 15 8 8 22 23 19 23 11 15 19 24 25 2 26 11 24 8 1 0 0 19 18 2
split_gain=2.80066 2.53167 2.42567 2.12184 8.50209 8.16547 6.99608 4.09569 4.95717 5.91245 10.7779 5.47441 6.65589 4.15214 3.97226 3.89613 4.37518 3.80989 4.36477 4.50418 4.13682 4.02578 9.42659 3.92918 3.56352 4.62673 4.11863 3.52192 3.79557 4.93358
threshold=0.4676905408112913 18.500000000000004 0.46597771892742823 0.0078589449360286241 0.0091669712388749523 1.8280184168649882 -0.29109857243955101 1.4241059628642756 0.052629963597029296 0.23455293392799301 0.053405340929428967 0.026394942257816374 5.8349316160915228 0.028884370507841397 7.1079828015205058 1.3796665263777614 5.6899610465572588 0.013479214219671545 0.068048718148225953 0.14867428561732385 0.062610979172536982 5.2414977646439267 0.024246651026913545 -0.85916164685847674 -1.0297147082534768 7.4028755660442878 6.5041368873128071 7.3594723674648685 7.1793189330384104 0.055269954646279519
decision_type=2 2 2 2 2 2 2 2 2 2 2 2 2 2 2 2 2 2 2 2 2 2 2 2 2 2 2 2 2 2
left_child=1 2 3 14 5 -5 -7 15 13 10 11 12 -10 -9 -1 17 -17 -6 19 20 -19 22 23 -20 25 26 -11 28 29 -15
right_child=-2 -3 -4 4 7 6 -8 8 9 24 -12 -13 -14 27 -16 16 -18 18 21 -21 -22 -23 -24 -25 -26 -27 -28 -29 -30 -31
leaf_value=-0.008411081112690233 0.029698273577874114 0.032099885958690039 0.029995078456835755 -0.010794715111850584 -0.011477206825581787 -0.020399782383007752 0.076789906632344002 -0.019980027029233356 0.11327755002205668 -0.014964582875825043 -0.024966821169375573 0.014130604980152997 -0.011103368539327328 0.029267185555059055 0.04558478608146161 0.078203507841048236 -0.014081360454362108 0.080359721273976739 -0.011572174178119952 -0.019109413231166689 -4.5963071198038832e-05 -0.0032425437836676274 -0.00056256250993396784 0.094919793262122867 -0.0056566260881731672 -0.022157511369877168 0.0756030025452048 0.046515654155121697 -0.019659937550662258 -0.0074986841168678299
leaf_weight=44.583936813171022 5.4302616689819834 3.6513654664158812 3.9303612476214758 3.4001331737963465 11.558852622983975 1.0051059010438619 5.5344562515383586 31.224597793887369 2.5430571371689425 0.70205555739812542 2.7293628907063976 2.9180228702025488 0.64725228445604432 8.303612694959158 1.3024474451085541 1.6174007764784613 0.81081565213389684 2.9708920721895984 0.42764697305392507 0.96761482523288567 1.3779133135685695 19.270414380473085 6.6930038203718141 2.2216906298417616 28.141949670622125 1.2298140065977348 2.024854990770109 1.4029344929149363 13.352277484722434 14.891812774701974
leaf_count=7836 300 256 296 550 2239 201 442 5841 199 154 562 433 107 1550 129 250 181 358 82 204 190 3340 1113 242 5236 372 243 229 2622 2727
internal_value=0.0036509 0.0028815 0.00224714 0.00159994 0.0036824 0.037787 0.0611278 0.00131316 -0.00294153 0.00797107 0.035101 0.0616773 0.0914154 -0.00942093 -0.0059389 0.0109507 0.0522695 0.00766812 0.0143323 0.044549 0.0596377 0.00740308 0.0275521 0.0792695 -0.000333387 0.0310307 0.0545271 -0.000443329 -0.00343675 0.00632859
internal_weight=226.866 221.436 217.784 213.854 167.968 9.9397 6.53956 158.028 110.112 40.9364 8.8377 6.10833 3.19031 69.1752 45.8864 47.9162 2.42822 45.488 33.9292 5.31642 4.34881 28.6128 9.34234 2.64934 32.0987 3.95672 2.72691 37.9506 36.5477 23.1954
internal_count=38484 38184 37928 37632 29667 1193 643 28474 20275 7306 1301 739 306 12969 7965 8199 431 7768 5529 752 548 4777 1437 324 6005 769 397 7128 6899 4277
is_linear=0
shrinkage=0.04


Tree=166
num_leaves=31
num_cat=2
split_feature=11 1 1 9 14 25 14 1 23 0 0 0 24 8 6 8 14 24 19 11 14 11 6 9 5 14 18 9 2 9
split_gain=3.01445 4.21792 3.88433 3.45216 3.62803 3.44981 3.29608 3.43013 9.4327 7.06412 5.8498 4.32029 4.74053 3.46844 4.39636 3.60081 3.46324 3.31297 3.11077 4.08864 3.77087 3.07949 2.9112 4.1437 3.90896 3.77221 5.37745 8.00363 7.63252 5.68271
threshold=6.0330233445898696 -0.44917738944568325 -0.95241705487395967 0.9893816578214113 0.045307591829999376 0.04083499877835637 0.30544883234180348 -1.0297147082534768 0.013621858118424439 7.4141191140448397 6.7627696538917901 7.5236860662201179 0.0016283715672504317 -0.9557262867194728 0 -0.99878124941677882 0.015304563645752507 0.0084918698770602881 6.4148776216039609 5.3752735538260348 0.042871341423907174 5.4430785521917437 1 0.85564606128541787 0.61642769496040684 0.11491940237205914 7.165905942330407 -0.05963792059400435 0.087128688489726089 -0.98124038304040673
decision_type=2 2 2 2 2 2 2 2 2 2 2 2 2 2 1 2 2 2 2 2 2 2 1 2 2 2 2 2 2 2
left_child=3 2 -2 6 -5 -3 7 8 -1 10 21 12 16 15 18 -13 -9 -12 -15 -20 -21 -10 24 25 -7 26 28 29 -24 -28
right_child=1 5 -4 4 -6 22 -8 11 9 -11 17 13 -14 14 -16 -17 -18 -19 19 20 -22 -23 23 -25 -26 -27 27 -29 -30 -31
leaf_value=-0.031709265611304931 0.006747428523048403 -0.023057794648426812 -0.032185858054821936 -0.019918787133573156 0.046697263171098617 0.027530222656584096 0.020299180663601001 0.070366561201001709 -0.023718299172931539 -0.012981264533024964 -0.010546309854021141 0.021326929884340866 -0.018883904419165418 -0.026398837123296492 0.0085526929720260454 -0.035697310795137688 -0.0062300945071772466 0.091708969443741378 -0.022754477939449295 0.087445822469819315 -0.013898121371007457 0.038483749749104942 -0.0079305281063895769 -0.023707479012702863 -0.025940986409671251 -0.0018003494285889212 -0.006879525762503255 -0.013867661248362844 0.03494883530277542 0.06629250058229598
leaf_weight=4.3213398394873357 8.5848945900797826 3.3150487747043362 6.390939161530695 1.1991383428685356 3.4165610101772472 2.0692518708528933 8.0815089170355332 0.74030137527733986 1.6135108136804759 3.230473350151442 0.35528280504513565 1.5845237050671128 46.596304372185841 12.654310595011337 45.745360404253006 6.5288345521548745 1.7468634361866859 3.4242145922034979 1.4428652186179545 0.57245421421248444 0.55973803158849478 1.5434674723073838 12.229747720062734 2.580763954203575 7.2607995165744796 8.6575945684453455 1.7608193656196807 2.7133535703178486 12.789201170788145 11.465709564858114
leaf_count=1020 1909 565 1703 190 300 288 777 60 318 842 92 207 9659 2650 5882 1151 338 395 269 102 133 244 1910 470 1494 1392 297 509 1752 1486
internal_value=0.00157664 0.00777192 -0.010842 -0.00185516 0.0289255 0.0121703 -0.00306158 -0.00462592 0.0131511 0.0333506 0.0538452 -0.00689752 -0.0158427 -0.000407066 0.00298684 -0.0234424 0.0302096 0.0819013 -0.0114458 0.0168504 0.054323 0.00863467 0.0144068 0.0163079 -0.00638445 0.0220384 0.0270001 0.0446222 0.0144893 0.0567524
internal_weight=225.175 79.8181 14.9758 145.357 4.6157 64.8423 140.741 132.66 14.4883 10.1669 6.93648 118.172 49.0835 69.0881 60.9747 8.11336 2.48716 3.7795 15.2294 2.57506 1.13219 3.15698 61.5272 52.1972 9.33005 49.6164 40.9588 15.9399 25.0189 13.2265
internal_count=38404 13775 3612 24629 490 10163 24139 23362 2911 1891 1049 20451 10057 10394 9036 1358 398 487 3154 504 235 562 9598 7816 1782 7346 5954 2292 3662 1783
cat_boundaries=0 1 2
cat_threshold=106 82
is_linear=0
shrinkage=0.04


Tree=167
num_leaves=31
num_cat=0
split_feature=3 2 9 14 14 24 1 9 9 24 25 26 19 4 13 14 14 9 11 26 5 5 1 1 22 18 22 17 25 19
split_gain=2.41805 2.0732 2.40875 3.80119 6.36415 4.55658 4.16981 3.99551 3.28672 3.20403 3.34348 3.21019 2.63113 2.59541 2.55722 2.50375 3.69741 5.94978 4.72438 2.95983 2.46353 2.54225 2.38816 5.15615 4.4097 5.13338 8.2064 7.98132 5.02231 5.14744
threshold=5.5000000000000009 0.66514445241800801 -0.29646408538694141 0.045307591829999376 0.073840313551384693 0.026649145902069449 1.0176856766088116 0.49807170280737245 1.0000000180025095e-35 0.0017957339026487247 0.062845220661837814 0.042505160144834291 5.1879944227695569 2.5000000000000004 1.0000000180025095e-35 0.17270704834277842 0.14545517719371975 -0.85603030165724092 6.2903503271028267 0.078129191416379626 1.5181346483887004 0.56697501126051086 2.1290877930167644 0.54575822331615964 0.07912048834589111 6.9208119090227092 0.10915968963338062 1.5000000000000002 0.31523887913468723 6.2729468150550014
decision_type=2 2 2 2 2 2 2 2 2 2 2 2 2 2 2 2 2 2 2 2 2 2 2 2 2 2 2 2 2 2
left_child=1 2 15 9 5 6 -5 8 12 -4 11 13 -7 -11 -12 16 22 -18 19 -19 21 -9 23 24 -1 26 27 28 29 -26
right_child=-2 -3 3 4 -6 7 -8 20 -10 10 14 -13 -14 -15 -16 -17 17 18 -20 -21 -22 -23 -24 -25 25 -27 -28 -29 -30 -31
leaf_value=-0.0061159449902829623 0.0276351335964574 0.016796071256665733 0.029784771620349475 -0.020677096496099192 -0.0083375644799996082 -0.014361701110524393 0.038737235140738915 -0.0076889189702260968 -0.020178317772800741 -0.01401017753250783 -0.028329000521538538 -0.022700086828067158 0.060365881420928358 0.062333900994766836 0.016301439535245602 -0.014792374956165238 -0.011213266754603476 0.10135543736899838 -0.014581900680006293 -0.0069977067012249117 -0.007915311716970427 0.094538773503080889 -0.0069128041996506422 0.018587177912530804 0.13660973962001602 -0.0038903690054167355 -0.0040163611605416698 -0.017851795802654075 -0.011011808696752851 -0.0093752344312903607
leaf_weight=47.90683150512632 5.1001865938305846 13.326220734859815 1.4054573150351668 4.5304475565208104 26.851297339308076 0.62846312019974071 1.871245415182784 0.27989241154864508 1.8999045696109531 0.59006736916490199 21.775158929987814 1.3686985542299224 1.4048402094049377 1.2469795007491482 1.6183154004393134 9.4794809942832199 2.1973096714355052 1.8129069734131915 0.60549278126563866 0.32727589039131988 0.34684314380865533 2.2784713301807642 24.540487742051482 36.343823533854447 1.9232469218550243 7.9851239382987842 3.4208201635628939 0.79544758552219708 0.36316411045845587 0.30418781703338016
leaf_count=9325 323 1331 218 947 5249 148 275 55 433 133 4557 278 199 111 216 1661 447 257 99 76 91 283 2836 5519 309 1753 827 190 80 77
internal_value=0.00278034 0.00207989 0.00105186 -0.00505797 0.00285624 0.0245489 -0.000422807 0.0449974 0.0128248 -0.0160958 -0.0195114 0.0152211 0.0401486 0.0415171 -0.0246999 0.00408133 0.00557682 0.0364383 0.0673855 0.0878342 0.0741167 0.084337 0.00405987 0.00682057 -0.000184752 0.0181955 0.041284 0.0775309 0.103633 0.119946
internal_weight=224.528 219.428 206.102 68.0961 40.0914 13.2401 6.40169 6.83841 3.93321 28.0047 26.5992 3.20575 2.0333 1.83705 23.3935 138.006 128.526 4.94299 2.74568 2.14018 2.90521 2.55836 123.583 99.0426 62.6988 14.792 6.80687 3.38605 2.5906 2.22743
internal_count=38303 37980 36649 13193 7680 2431 1222 1209 780 5513 5295 522 347 244 4773 23456 21795 879 432 333 429 338 20916 18080 12561 3236 1483 656 466 386
is_linear=0
shrinkage=0.04


Tree=168
num_leaves=31
num_cat=0
split_feature=5 4 1 24 11 8 1 9 25 9 25 5 19 18 18 1 18 25 9 24 5 22 22 25 26 5 5 25 4 5
split_gain=2.72925 2.61566 3.0335 3.12207 4.24753 5.91813 4.33858 3.33721 2.76108 2.39287 2.50424 2.28994 5.15972 7.43397 2.64316 3.37924 5.21758 6.03857 4.69646 3.32262 2.92322 2.80788 7.01661 5.05388 4.68932 4.07652 6.18681 5.10811 4.89471 4.72046
threshold=1.6007475179478254 6.5000000000000009 -0.34213381883014987 0.029512514133296298 6.089113424672175 -0.48726585771470449 1.8476527141272794 -0.14706852183599436 0.61176969699172268 0.44496115746698867 0.31263797312553043 1.5181346483887004 5.3449634585479044 7.2171667756025384 6.7301892337179092 -0.39611265366784704 6.4594392228233408 0.13585732078421561 -0.49846138994909289 0.011664096156862752 0.68563439900719847 0.069231342056640957 0.035789823953322079 0.37959298007801473 0.059781710677523477 0.65393034772539305 0.43053833717912865 0.24233314489512331 3.5000000000000004 1.2584751279095532
decision_type=2 2 2 2 2 2 2 2 2 2 2 2 2 2 2 2 2 2 2 2 2 2 2 2 2 2 2 2 2 2
left_child=11 2 -2 4 9 6 7 -6 -5 10 -4 14 13 -13 15 16 -1 18 20 -16 -18 22 25 24 -24 26 -17 28 -28 -27
right_child=1 -3 3 8 5 -7 -8 -9 -10 -11 -12 12 -14 -15 19 21 17 -19 -20 -21 -22 -23 23 -25 -26 29 27 -29 -30 -31
leaf_value=-0.02816364686779485 -0.034495909296671526 0.022731013268434283 -0.031154898676684441 -0.026164952119368704 0.1087202951706609 -0.011771310697611826 -0.0084566725526295551 -0.0079954467320398868 0.030129458745818016 0.029591757214887535 0.017379883165662163 -0.015974792192806401 -0.0086702738015281278 0.093510929747559215 -0.011476198535896039 -0.03423666198792915 -0.0084317236359734791 -0.017271042063762003 -0.015351470877835288 0.004092628464287631 0.10184291413490454 0.00096391933477271491 0.063399456151128991 -0.0099928011033804422 0.010084476652541988 -0.016237857572252573 0.086889340059323431 -0.0080998168904002372 -0.0046035088295391987 0.03013957814912117
leaf_weight=7.406367388670331 6.0644852709956529 3.1013413930777451 5.0260302046081069 9.4218162245815584 1.3953001041663811 2.0921622855821624 0.70633665879722674 0.31352669640909892 0.76009555417113084 1.1556265291292218 1.6286343436222521 1.1413037983002134 3.1128481945488602 1.8077804393833501 27.970429279725067 1.222267353208738 0.29180817387532476 2.7036562766879797 0.66934870509430755 89.288295206381008 1.2074272601166738 18.246527938288637 9.2743640517583099 2.4292741481913245 4.1334090741584069 13.307183086406441 2.9688200250966474 1.812672419240698 1.0975171411409972 3.6736828109715125
leaf_count=1904 1963 188 1109 2037 164 458 87 92 61 220 277 271 614 174 5012 174 61 702 167 14607 131 2581 1170 246 637 2064 296 229 121 548
internal_value=0.00309287 -0.00763204 -0.0115861 -0.00420583 0.00907223 0.0361494 0.0689529 0.0922597 -0.0196438 -0.0088835 -0.018558 0.00487573 0.027286 0.0578239 0.00401123 0.0100762 -0.00846687 0.0211718 0.0594246 0.000313263 0.0855936 0.0140675 0.019887 0.0397272 0.048804 0.0057759 0.0291716 0.045415 0.0661607 -0.00508625
internal_weight=225.43 31.6654 28.564 22.4995 12.3176 4.50733 2.41516 1.70883 10.1819 7.81029 6.65466 193.765 6.06193 2.94908 187.703 70.4443 12.2786 4.87224 2.16858 117.259 1.49924 58.1657 39.9192 15.837 13.4078 24.0821 7.10128 5.87901 4.06634 16.9809
internal_count=38365 6656 6468 4505 2407 801 343 256 2098 1606 1386 31709 1059 445 30650 11031 2965 1061 359 19619 192 8066 5485 2053 1807 3432 820 646 417 2612
is_linear=0
shrinkage=0.04


Tree=169
num_leaves=31
num_cat=2
split_feature=23 2 4 17 8 7 18 18 26 23 6 0 15 4 24 18 1 23 22 23 23 26 26 9 5 18 18 26 22 8
split_gain=2.1889 1.90873 1.86033 1.87762 2.40613 1.80155 3.89846 3.32102 3.27312 3.06231 2.14292 3.17359 3.61846 3.0086 5.49883 4.31319 4.48041 3.20504 3.17113 3.18623 2.97814 4.43335 3.88662 5.44756 4.92673 4.8349 7.93963 3.86577 3.83118 3.83055
threshold=0.2072074871879285 0.86761921223609584 18.500000000000004 9.5000000000000018 -0.9557262867194728 0 6.4481108791122539 7.5847754169374628 0.017825739959949582 0.030849945828159819 1 6.5696383110663481 8.0264641843362714 1.5000000000000002 0.040415634027550856 7.2051373792848876 0.82841592977931222 0.083945771504502775 0.012440523258738836 0.0050658604858940743 0.0003943414061606691 0.068184962972827085 0.079588938780975602 -0.97879234630787193 0.65393034772539305 7.6578099530334027 7.6009103627110202 0.074324721953407114 0.048499670407753749 -0.37851537343603719
decision_type=2 2 2 2 2 1 2 2 2 2 1 2 2 2 2 2 2 2 2 2 2 2 2 2 2 2 2 2 2 2
left_child=1 2 3 5 -5 6 -1 8 -8 -10 13 12 -12 14 15 16 18 -17 -7 -20 21 -13 25 24 -24 26 27 29 -29 -22
right_child=-2 -3 -4 4 -6 10 7 -9 9 -11 11 20 -14 -15 -16 17 -18 -19 19 -21 22 -23 23 -25 -26 -27 -28 28 -30 -31
leaf_value=-0.021239640212983295 0.027343637220281016 0.025642027831935095 0.024226668701412702 -0.025493097371749842 0.028932486309179262 -0.010891644272136918 -0.0086514378849510271 -0.018831080178111637 0.059067963686709912 0.0044895500196197096 -0.02172452807750792 -0.017447439740999746 0.033972299992172654 -0.0012328531720875852 -0.017986464554398042 -0.026001510436741506 -0.0020597372437522448 0.047931986336236979 -0.0096361353610043016 0.096774232250922715 0.0081399279041956246 0.075037914671723785 0.057956671540625754 -0.022751981000281814 -0.010606849205056987 -0.021739938572618515 0.056482778695033757 -0.0076444640073278529 0.067529383748945015 -0.010162290649132877
leaf_weight=3.120065219933168 3.746951605193316 3.5094089363701633 3.7052444233559063 0.81502600293606509 5.2617213451303533 0.37141666619572644 2.0509687999729049 1.7341138937044878 5.1683529927395284 2.4817327547352761 24.468348331516612 0.94081993063446023 1.1325932784238819 29.154696809127927 3.1248200749978423 2.0422935235546906 1.4679835506249217 0.36132795084267844 0.31559331645257804 2.9935727895935997 35.851866709883318 0.87379531713668257 1.8756921786116461 26.695354883791879 3.4258521205047145 12.303164753364397 3.4098682880867264 1.514905959949828 1.6784278391860423 35.349353319499649
leaf_count=475 302 287 267 42 271 84 283 295 605 335 5434 184 190 5197 719 447 266 39 88 376 6688 74 160 4860 541 2182 413 258 234 6813
internal_value=0.000473396 -0.000113341 -0.000653789 -0.00120556 0.0190619 -0.00189964 0.00839723 0.0242942 0.0330424 0.0439283 -0.00301392 -0.00518565 -0.018076 0.00449635 0.022757 0.0397471 0.0575382 -0.0040701 0.0766701 0.0867448 -0.00281431 0.0379247 -0.00372289 -0.0154682 0.0189987 0.000571829 0.00433108 0.00122325 0.0385487 -0.000961496
internal_weight=220.945 217.198 213.689 209.984 6.07675 203.907 14.5552 11.4352 9.70105 7.65009 189.352 149.52 25.6009 39.8317 10.677 7.55219 5.14857 2.40362 3.68058 3.30917 123.919 1.81462 122.104 31.9969 5.30154 90.1076 77.8044 74.3946 3.19333 71.2012
internal_count=38409 38107 37820 37553 313 37240 1993 1518 1223 940 35247 28031 5624 7216 2019 1300 814 486 548 464 22407 258 22149 5561 701 16588 14406 13993 492 13501
cat_boundaries=0 1 2
cat_threshold=4 648
is_linear=0
shrinkage=0.04


Tree=170
num_leaves=31
num_cat=0
split_feature=5 14 25 23 9 14 2 2 2 14 15 0 0 15 18 0 26 5 26 21 9 25 19 17 9 5 8 0 9 8
split_gain=2.47 1.90603 3.26178 2.67625 3.4598 2.32776 4.14845 2.34103 3.49258 3.43997 4.36465 3.90595 3.9289 3.04105 2.59131 2.33903 2.86655 3.69238 2.21638 2.12381 2.52086 2.20112 4.4146 3.15616 3.56838 3.13015 2.958 5.77712 6.63146 4.7901
threshold=2.6078314662575868 0.0041565627189478005 0.16336720063617263 0.016235536842891096 -0.53934108034571793 0.0084211205649601818 0.01338877513650583 0.016744313938789387 0.022465688983640774 0.047758606059974597 1.7901255191944327 7.9861253746432554 6.5206639568482494 2.5767727896327974 4.8492138126836855 5.855106879889953 0.0060386018415424696 1.3160809861278195 0.012053902790750484 1.0000000180025095e-35 -0.46389729599961088 0.34446811888858636 5.7481564426924665 1.5000000000000002 -0.52155358937621188 0.44669029296620427 -0.97761904580248971 7.2496965455647056 -0.045105740821627875 -0.89090810985151736
decision_type=2 2 2 2 2 2 2 2 2 2 2 2 2 2 2 2 2 2 2 2 2 2 2 2 2 2 2 2 2 2
left_child=1 2 -1 -4 -5 6 -3 14 9 13 11 12 -11 -9 -7 -16 17 -17 -12 21 -21 26 25 -24 -25 -23 27 -10 -29 -28
right_child=-2 5 3 4 -6 7 -8 8 19 10 18 -13 -14 -15 15 16 -18 -19 -20 20 -22 22 23 24 -26 -27 29 28 -30 -31
leaf_value=-0.0082047779262107122 -0.022477183010188823 0.039926147581356361 -0.00029466693935422636 0.0049536779353300938 0.075512739501743045 0.028717935654763632 -0.02362757097494942 -0.022202124583574991 0.051150641950403017 -0.0051064724600815839 0.045356349870841965 -0.0096390561351759364 0.12207929713957993 0.044534684173344198 0.021542576933438574 -0.020412775065050789 -0.025283044311690185 0.065488088591529284 -0.012073970232378143 -0.0030430092763666767 0.041579730567844114 0.024184472748888821 -0.0060342664559281198 0.052155848596864625 -0.0051087098334884375 -0.024769312472223495 -0.018785096341161694 0.033483860944322451 -0.034446474087120538 0.0067143009500429283
leaf_weight=3.6505761013831926 4.4923648599069557 1.0308343882206816 2.264009901904501 1.8679847593884913 2.4239223442273214 1.687790132593366 9.0103034492349234 2.5991374043514939 5.4791455895174277 0.37742107175290618 0.67101074324455146 0.42777230858337123 1.2058362660463897 0.57073855178896327 1.778823515051047 0.98571408027782925 13.159863514476454 0.49255266564432532 2.1972658125450835 3.0928955158451572 4.2409932042937717 1.5910584961529881 7.9324759617447835 3.4142874724930152 2.6042967257089913 15.138658645795656 12.191210854798554 3.5672101845266297 3.6310615307884291 112.01584954874124
leaf_count=616 1061 166 269 230 195 83 1463 492 905 89 59 95 148 73 286 157 3167 58 394 446 397 156 1113 340 332 2521 2608 595 757 19191
internal_value=0.00409567 0.00473378 0.0208485 0.0359712 0.0515423 0.00386001 -0.0140779 0.00482111 0.00618578 0.0304693 0.0485904 0.0825269 0.10152 -0.00238764 -0.00857081 -0.0138331 -0.0192347 0.0230849 0.00961339 0.00490134 0.0246541 0.00389569 -0.00565527 0.0105622 0.0301795 -0.0190122 0.00606189 0.0237484 -0.000804549 0.00408143
internal_weight=225.793 221.301 10.2065 6.55592 4.29191 211.094 10.0411 201.053 182.948 8.04918 4.87931 2.01103 1.58326 3.16988 18.1047 16.417 14.6381 1.47827 2.86828 174.899 7.33389 167.565 30.6808 13.9511 6.01858 16.7297 136.884 12.6774 7.19827 124.207
internal_count=38462 37401 1310 694 425 36091 1629 34462 30711 1350 785 332 237 565 3751 3668 3382 215 453 29361 843 28518 4462 1785 672 2677 24056 2257 1352 21799
is_linear=0
shrinkage=0.04


Tree=171
num_leaves=31
num_cat=0
split_feature=25 25 19 14 26 18 24 23 14 15 18 13 15 15 25 9 23 22 22 22 15 26 18 19 1 11 22 23 0 14
split_gain=2.72927 3.40642 7.9256 3.79411 3.76564 3.61472 3.56221 3.25491 3.09741 3.02309 2.88434 2.44616 2.79097 5.24637 5.82967 4.24254 4.23503 4.17273 4.5827 3.37642 3.19599 4.05239 4.10804 2.93214 3.49455 2.84471 4.23662 3.71876 4.06645 4.69631
threshold=0.061506305522029715 0.078610831299109687 5.7761655017253082 0.0041565627189478005 0.037886544928168404 6.6762615419456015 0.014549337990332993 0.015575770760999736 0.0021236488740339747 0.86932363577905469 6.7080392843512664 1.0000000180025095e-35 2.7615650277309243 2.9032348832515287 0.26305703970370847 -0.05963792059400435 0.054335246482024223 0.012440523258738836 0.092572487667717918 0.026508580103878156 2.2870264025115064 0.0034095035461971538 6.5640083123402517 5.9052079528643242 1.6378239059543747 0.40556208606439398 0.016154022076178252 0.014755018395206756 8.2054633030654607 0.013882485238635825
decision_type=2 2 2 2 2 2 2 2 2 2 2 2 2 2 2 2 2 2 2 2 2 2 2 2 2 2 2 2 2 2
left_child=9 2 4 7 5 -2 -6 -3 -9 -1 -8 12 20 14 15 16 17 -14 -19 -15 25 22 -22 -23 -25 26 -5 28 29 -27
right_child=1 3 -4 11 6 -7 10 8 -10 -11 -12 -13 13 19 -16 -17 -18 18 -20 -21 21 23 -24 24 -26 27 -28 -29 -30 -31
leaf_value=0.017895189591316002 0.043377014112740593 -0.0080106078510758759 -0.019851739670337914 0.079734943707680958 -0.0015795566474220246 -0.022667789489130678 0.0069616824921816525 0.00014575308387074584 0.057008475516885863 -0.018792884635825784 0.092928151584506152 0.015278630081040688 -0.010261106170818813 -0.021379784249797487 -0.016618221100706564 -0.013924315551501235 -0.010164454707389041 0.127990338144574 -0.008394690659780376 0.010490109872817335 0.084133853406507822 -0.029192832013872315 -0.01548939241193938 -0.018964364506705352 0.024261606459150806 -0.027027688456216815 -0.0047012435125184234 -0.0080135244803204008 -0.0099693846617648681 0.021370131619031212
leaf_weight=3.5870922760805142 1.3570600509410709 2.9724223988596332 4.2143253510585046 0.71444188407622222 1.0852989857085047 2.0832975772209466 0.95152200304437462 2.223147411015816 3.9723059769021347 18.121931132627651 2.8287190025439486 13.784236402250825 0.34043971728533584 6.6533076828345683 1.4976073588477445 0.60702312970534267 0.50047174305655051 1.8419811690691861 0.32118867838289578 16.443642971571535 0.32308283844031638 16.818822232657116 0.81830496015027165 6.7253727284260076 3.8919034771388397 2.7906538727693286 1.903301754966378 64.758514781948179 14.046429848182013 25.136325920349918
leaf_count=551 172 409 765 84 221 386 156 311 408 3339 285 1513 63 1212 278 140 96 240 69 2503 37 3486 151 1415 391 592 296 12413 2046 4430
internal_value=0.000945549 0.00241538 0.0218136 0.00102293 0.0428157 0.0072856 0.0624133 0.0247949 0.0394601 -0.0122097 0.0772726 -0.000318751 -0.00169656 0.00955727 0.042524 0.0653363 0.0808298 0.096729 0.111488 0.000803407 -0.00405016 -0.0157164 0.0388307 -0.0192714 -0.00239483 -0.000886502 0.0340134 -0.00205025 0.00712255 0.0157667
internal_weight=223.314 201.605 12.5202 189.085 8.3059 3.44036 4.86554 9.16788 6.19545 21.709 3.78024 179.917 166.133 28.2057 5.10871 3.6111 3.00408 2.50361 2.16317 23.097 137.927 28.5775 1.14139 27.4361 10.6173 109.35 2.61774 106.732 41.9734 27.927
internal_count=38458 34568 1985 32583 1220 558 662 1128 719 3890 441 31455 29942 4601 886 608 468 372 309 3715 25341 5480 188 5292 1806 19861 380 19481 7068 5022
is_linear=0
shrinkage=0.04


Tree=172
num_leaves=31
num_cat=1
split_feature=1 24 18 2 22 26 26 8 1 24 23 24 19 23 24 23 6 2 23 14 26 14 26 22 0 14 18 18 23 18
split_gain=2.87636 4.87556 3.46051 4.289 3.78844 3.44727 5.886 4.85914 3.25786 5.84575 4.06637 3.8464 3.70004 3.6715 3.64043 3.63198 3.97927 5.47856 6.96989 5.09482 4.60815 5.95076 5.25363 4.53537 4.10316 3.62027 4.63788 6.30068 4.16401 3.81525
threshold=-0.39611265366784704 0.14091990189930997 7.3516683357790358 0.053439396101265822 0.0053768082087851604 0.086393810622351394 0.037456858846973182 -0.52171592434450553 -0.16096588023154301 0.020091283316608848 0.050067887701055726 0.051861391532594898 4.5954523805399896 0.016235536842891096 0.086383716173764849 0.083945771504502775 0 0.4582744539425046 0.055883604402807339 0.16895071320206398 0.04823053118071647 0.30544883234180348 0.040026968911599341 0.042682968824981883 6.0337381205236804 0.013149823954980808 6.1096463774255403 7.1208587332588902 0.0086521153054313991 7.1793189330384104
decision_type=2 2 2 2 2 2 2 2 2 2 2 2 2 2 2 2 1 2 2 2 2 2 2 2 2 2 2 2 2 2
left_child=1 2 -1 4 -4 6 -5 -8 9 10 12 -11 -2 -13 -15 16 17 18 19 25 22 -22 24 -24 -18 -10 28 -28 -27 -29
right_child=8 -3 3 5 -6 -7 7 -9 15 11 -12 13 -14 14 -16 -17 20 -19 -20 -21 21 -23 23 -25 -26 26 27 29 -30 -31
leaf_value=-0.017589720238507581 -0.015153304121165603 0.039145845534952678 0.040886331272336894 -0.002188894985693354 -0.033119308086786869 -0.024076461254804806 -0.0052222813205304785 0.081378557332632828 -0.011318845255502294 -0.024246142477437418 -0.017904334265138978 -0.02055501322449509 0.0689636592964811 0.074971289123837756 -0.0098323534344659687 0.019435598609619024 0.030679863083561562 0.029429557726325963 -0.03077273777686992 -0.026237604389716486 -0.030711748926073899 0.035221714924155115 -0.0077734858935196915 0.071376216725666214 -0.013215800723044237 -0.0047678830965322784 -0.008845551794490961 0.058707491927809219 0.044398029277499723 0.013158322512151197
leaf_weight=28.494883538689464 0.60082244675140639 2.5797450760146594 0.47014942683745076 4.8130366257391852 4.9408801513491198 1.6215102176647622 1.2610934349941088 2.8533176947385073 10.96740383794531 4.3141111913137138 0.84179291059263039 1.2113570631481709 5.0299822608940303 1.4241269942140209 0.9041093736886977 18.717313660657965 3.1292067160829964 12.719894403009674 8.2132094841217604 6.2072518760105586 17.652262808987874 1.6401335725095112 1.6334237491246306 1.8970343131804837 19.081051299232058 3.4128000577911726 21.980810193461366 2.5958712585270431 10.231350375339387 22.873169874073938
leaf_count=7501 140 305 77 800 1115 385 269 338 1546 896 224 278 719 281 178 2088 387 1102 1564 1082 3712 104 306 325 3541 359 4012 345 932 3487
internal_value=0.00268147 -0.00602472 -0.00944953 0.00526414 -0.0213146 0.0195627 0.0291158 0.0590037 0.00501219 0.0226625 0.0479908 -0.0012744 0.0590565 0.0258974 0.0489803 0.00333166 0.00112243 0.00540158 0.00218895 0.0059924 -0.00771417 -0.023647 0.00178024 0.0411235 -0.00597596 0.00908976 0.0128767 0.00664517 0.0326144 0.0198434
internal_weight=224.313 47.0346 44.4549 15.96 5.41103 10.549 8.92745 4.11441 177.278 14.3263 6.4726 7.8537 5.6308 3.53959 2.32824 162.952 144.235 99.2018 86.4819 78.2687 45.0331 19.2924 25.7407 3.53046 22.2103 72.0614 61.094 47.4499 13.6442 25.469
internal_count=38398 10790 10485 2984 1192 1792 1407 607 27608 2716 1083 1633 859 737 459 24892 22804 14429 13327 11763 8375 3816 4559 631 3928 10681 9135 7844 1291 3832
cat_boundaries=0 1
cat_threshold=421
is_linear=0
shrinkage=0.04


Tree=173
num_leaves=31
num_cat=1
split_feature=26 14 25 23 4 7 5 17 9 15 18 11 8 18 14 9 18 4 5 23 0 14 0 9 1 5 22 22 11 9
split_gain=3.15226 2.71362 3.65514 3.26443 2.72386 2.37407 2.68978 3.27724 3.27432 3.2383 3.04215 3.19633 2.45814 2.93298 2.29977 4.72622 3.05482 3.35918 3.46873 3.52402 4.41263 4.05759 3.70895 2.50079 2.45944 3.8333 4.71699 4.45079 11.8946 7.83909
threshold=0.4676905408112913 0.0041565627189478005 0.094161548261026948 0.015575770760999736 3.5000000000000004 0 1.0070502884185817 1.5000000000000002 -0.05963792059400435 1.4241059628642756 6.4481108791122539 5.0097145009056616 -0.99546658321681791 7.7984530128281637 0.020821243450517113 -0.51374193364939524 6.864767046809316 1.5000000000000002 1.2584751279095532 0.0086521153054313991 8.6024046457091412 0.015304563645752507 6.5041368873128071 -0.7163925476891887 2.1290877930167644 1.0175330317809592 0.10915968963338062 0.07912048834589111 4.9439370330210943 -0.87786832340675269
decision_type=2 2 2 2 2 1 2 2 2 2 2 2 2 2 2 2 2 2 2 2 2 2 2 2 2 2 2 2 2 2
left_child=1 2 -1 -4 -5 6 -3 8 9 -8 -11 -12 13 -7 15 16 17 -14 19 -19 21 22 -21 -18 25 26 -16 -27 29 -29
right_child=-2 5 3 4 -6 12 7 -9 -10 10 11 -13 14 -15 24 -17 23 18 -20 20 -22 -23 -24 -25 -26 27 -28 28 -30 -31
leaf_value=-0.024127352317066083 0.029812473464192784 0.0007690579584367827 -0.0061998012837207704 0.055394017174730636 -0.0037872509761866036 -0.033804911089988385 -0.0025452436218207329 -0.0039788621242815717 -0.009041985107548391 -0.0053057174806025124 0.0028373378451849668 0.10917711043864065 -0.018917258056787734 0.026875051093560438 0.013913902596607334 -0.028820561765997489 -0.022682803603556373 -0.01348146829750744 -0.012350832320926786 -0.0089727312277897882 -0.0063400312682613761 0.0062520241281220305 0.11226038154583437 0.015027334740758217 -0.008005954128954381 -0.011847280289432808 -0.017758059847584069 -0.016991802453868731 -0.0083822936845535396 0.10396135574095335
leaf_weight=1.766143228043801 5.0487123525235793 7.9161166716367006 2.6915753076318634 4.8624952143291011 1.4244846650399265 5.9268547601532182 0.90021060872823033 2.4369349610060453 0.974081988679245 0.48219769820570979 0.60005819133948568 1.9074204575736073 2.4957862347364443 0.77844964840915043 58.976150571717881 12.579487917944787 8.70014815405011 1.0687908905092625 2.0137455005897209 0.30616273940540928 1.2415955895557997 1.2064991622464729 1.9096772050252182 3.1603680205298579 35.541354291024618 35.42676629597554 7.7325507540954268 0.84131420333869789 9.4025699718622473 2.0897402095142743
leaf_count=326 298 1027 375 501 166 1251 114 331 178 89 60 183 465 114 10209 2476 1626 175 365 66 139 148 230 441 4301 8246 1640 165 2287 392
internal_value=0.0013291 0.000534005 0.0192375 0.0293307 0.0433053 -0.000526614 0.0108554 0.0334588 0.0496956 0.0632454 0.0787281 0.0917935 -0.00194631 -0.0241867 -0.00111777 -0.0102464 0.00111477 0.0163011 0.0285135 0.0425704 0.0555276 0.074331 0.0979283 -0.0122474 0.00104663 0.00390234 0.0100346 -0.00469293 0.0152043 0.0737528
internal_weight=222.408 217.36 10.7447 8.97856 6.28698 206.615 15.217 7.3009 4.86397 3.88989 2.98968 2.50748 191.398 6.7053 184.693 34.6823 22.1028 10.2423 7.74647 5.73273 4.66393 3.42234 2.21584 11.8605 150.01 114.469 66.7087 47.7604 12.3336 2.93105
internal_count=38384 38086 1368 1042 667 36718 1982 955 624 446 332 243 34736 1365 33371 6131 3655 1588 1123 758 583 444 296 2067 27240 22939 11849 11090 2844 557
cat_boundaries=0 1
cat_threshold=4
is_linear=0
shrinkage=0.04


Tree=174
num_leaves=31
num_cat=2
split_feature=4 7 8 14 26 2 13 6 8 0 14 14 11 0 1 1 8 2 11 8 26 2 25 11 23 9 25 2 23 0
split_gain=3.18819 2.06335 3.82665 3.62075 2.80319 2.72151 2.22156 2.22489 5.88431 4.40023 4.37855 5.50901 7.6817 4.90982 5.05809 5.0257 5.25318 4.8563 4.35217 3.97509 3.94574 3.81722 4.96524 4.28023 7.46085 5.92275 3.71159 3.69415 3.5053 3.44622
threshold=12.500000000000002 0 -0.51360168250142457 0.070773008565427703 0.4676905408112913 0.14201013402719873 1.5000000000000002 1 -0.99824510329233085 8.6688314947230278 0.059366896613314075 0.040472184270554164 5.6552409998975532 7.2132676693819331 1.8951034886086171 0.82841592977931222 -0.78744128962110138 0.14045109079338544 6.4784380564510498 0.16036906031022743 0.0087298765414455682 0.11742429293296473 0.48074273416018304 5.9945932830447983 0.02952972848019253 -0.11150605686562769 0.099804058150459035 0.011776948583401592 0.028588260845854235 8.7914880237959565
decision_type=2 1 2 2 2 2 2 1 2 2 2 2 2 2 2 2 2 2 2 2 2 2 2 2 2 2 2 2 2 2
left_child=1 2 3 -1 6 -5 7 8 -3 10 11 13 19 15 -15 16 -9 20 -14 -13 -18 22 -12 28 25 26 -25 -22 -23 -10
right_child=-2 4 -4 5 -6 -7 -8 9 29 -11 21 12 18 14 -16 -17 17 -19 -20 -21 27 23 -24 24 -26 -27 -28 -29 -30 -31
leaf_value=-0.032628030660498741 0.028745993908304832 0.046234881198129581 0.029366408211562851 -0.017131455881081857 0.027983537080769883 0.04792858151049581 0.030110410825297494 -0.013106324074109896 -0.013460216604509389 -0.018219932653595689 -0.020701227030668106 0.07533146043270593 -0.023371443368143199 -0.019045220617119139 0.052480369521438787 -0.021941795643788016 -0.017811727324514578 -0.013139841701670388 0.037882712391952324 0.0037512593608584007 -0.015796769192228416 -0.030109339111850444 0.034217846658499244 -0.0097600552166638172 -0.022271900391920552 -0.016428327647192265 0.10778781848770129 0.064271294245581395 0.020780838461713316 0.0023621503252217995
leaf_weight=3.2677775543415946 5.6165602332912377 2.2914602495729914 11.273550210986285 1.1053973303642126 4.2397120769601306 1.4030251404037697 2.4631274738349012 3.3899574549868623 65.66587397037074 12.973845910164526 20.057342808344405 5.3081058191601169 3.8093386213295162 13.719069480895993 0.80541087756864804 3.2686864278512067 0.79176875285339576 1.9054997572675336 2.0221754293888807 1.6807865548180414 0.63580871268641104 3.6477114855078963 2.0952169399242839 0.32057511107996139 1.5776131734019143 0.68887764611281488 1.9400911596603689 8.35072938504163 3.1144276439445093 32.49633491167333
leaf_count=491 380 372 1273 228 228 117 148 757 12503 2558 4950 736 880 3109 137 699 157 410 362 360 144 783 335 80 360 163 255 1237 583 3755
internal_value=0.00139414 0.000554925 0.0107055 -0.00887579 -0.000854637 0.0225472 -0.00166474 -0.00222466 -0.00597588 0.0022835 0.00611561 0.0140427 0.0352625 0.00496864 -0.011954 0.0182941 0.0278413 0.0398185 0.000305499 0.0607412 0.0504002 -0.00480741 -0.0142533 0.0133795 0.0395978 0.0699503 0.0932377 0.0575918 -0.00701331 -0.00825127
internal_weight=221.926 216.309 17.0498 5.7762 199.26 2.50842 195.02 192.557 100.454 92.103 79.1292 45.6873 12.8204 32.8669 14.5245 18.3425 15.0738 11.6838 5.83151 6.98889 9.77831 33.4419 22.1526 11.2893 4.52716 2.94954 2.26067 8.98654 6.76214 98.1622
internal_count=38550 38170 2109 836 36061 345 35833 35685 16630 19055 16497 8988 2338 6650 3246 3404 2705 1948 1242 1096 1538 7509 5285 2224 858 498 335 1381 1366 16258
cat_boundaries=0 1 2
cat_threshold=4 308
is_linear=0
shrinkage=0.04


Tree=175
num_leaves=31
num_cat=1
split_feature=17 5 22 25 22 8 22 8 15 18 14 0 2 6 23 14 14 14 18 25 4 8 18 25 0 18 8 14 5 5
split_gain=2.76008 2.94578 3.61549 4.98859 4.654 2.46618 2.35245 2.31836 5.13835 3.20098 4.4746 2.26886 3.10519 4.15765 4.24505 5.57667 5.22906 9.91076 4.87536 4.85902 4.82586 6.04855 4.99285 4.97679 6.09272 4.72695 7.67326 4.86621 4.26745 5.04113
threshold=7.5000000000000009 1.8245359080987567 0.093603907828147301 0.40748049469446973 0.095645100639391037 0.94530356533936588 0.01302486279567301 0.88109770054299086 1.7539351310653344 7.0419847211631188 0.067424268597709294 11.224824782268637 0.15419198590965746 0 0.030849945828159819 0.010643359816956566 0.040472184270554164 0.07696534124922437 6.6505478083747098 0.075897668826592074 3.5000000000000004 0.50736706348060345 7.7583946504846262 0.10592524847005848 8.1461800485176834 7.1337110473354715 -0.17207822611904275 0.10172840460566689 0.80728033472829053 0.77325765389582235
decision_type=2 2 2 2 2 2 2 2 2 2 2 2 2 1 2 2 2 2 2 2 2 2 2 2 2 2 2 2 2 2
left_child=1 5 3 -3 -4 7 -2 11 -9 -10 -11 12 13 -1 16 18 28 20 -16 -17 21 22 23 -18 -25 -19 -27 -28 29 -15
right_child=6 2 4 -5 -6 -7 -8 8 9 10 -12 -13 -14 14 15 19 17 25 -20 -21 -22 -23 -24 24 -26 26 27 -29 -30 -31
leaf_value=-0.0025692798638316549 -0.017892954145675939 -0.032247057019017665 0.081613531931085337 0.025650303818180037 -0.0037368370801130193 -0.01647795862374991 0.034807712639942666 -0.020554662763402766 0.0012966500907949227 0.096508042496518273 -0.0068601059303970728 0.02768888063059936 -0.0060124892734160409 0.0070964912651243703 0.079915395680359047 0.024692431594311795 0.019483085200887287 -0.015783270619249626 -0.0031789279401384781 -0.018663222326414822 0.010073861500635828 -0.017691622093877452 -0.01502990939587414 0.11383389986343129 0.0020176863999194273 -0.011145680221445338 -0.016148492666065262 0.079863066403917216 -0.013266834756967501 0.080419344942258053
leaf_weight=57.7866082143737 1.0239086528308678 12.087300549726935 0.31287350959610094 2.1247761802515006 4.2647733334451914 8.6048477883450669 5.972805033903569 1.8426414394052688 1.546506123384461 1.6064317661803218 0.73310225922614325 4.9912045274395487 47.735199264832772 7.4710889783455077 1.3489928056951641 4.4711786611005691 2.1657800090033543 7.0187954916618747 2.0356401192257181 16.625165907666087 3.5177878446411333 0.85553422826342362 0.59583968622610051 5.3780102469027042 0.92987670458387572 4.0023601901484653 0.69709476106800172 2.9658667854964733 10.492182710207997 0.95704177813604463
leaf_count=9728 56 3143 28 352 833 1827 340 343 291 119 126 490 7408 1209 160 670 333 1657 345 3886 508 203 127 744 204 713 131 353 2065 100
internal_value=0.00273818 0.00187154 -0.0128552 -0.022474 0.0156831 0.00333863 0.0258223 0.00432924 0.0274236 0.0497242 0.0717622 0.00345663 0.00262182 0.00583077 0.0113485 -0.000619092 0.019821 0.0304635 0.0406124 -0.00877275 0.0540272 0.0672578 0.0762323 0.0835587 0.0998822 0.00682239 0.0269541 0.0620466 0.00326471 0.0230692
internal_weight=222.161 215.165 18.7897 14.2121 4.57765 196.375 6.99671 187.77 5.72868 3.88604 2.33953 182.041 177.05 129.315 71.5282 24.481 47.0473 28.1269 3.38463 21.0963 13.4428 9.92504 9.06951 8.47367 6.30789 14.6841 7.66532 3.66296 18.9203 8.42813
internal_count=38492 38096 4356 3495 861 33740 396 31913 879 536 245 31034 30544 23136 13408 5061 8347 4973 505 4556 2119 1611 1408 1281 948 2854 1197 484 3374 1309
cat_boundaries=0 1
cat_threshold=306
is_linear=0
shrinkage=0.04


Tree=176
num_leaves=31
num_cat=0
split_feature=8 4 1 0 0 1 8 15 1 5 5 26 19 19 18 0 0 18 4 0 1 2 15 15 0 0 26 22 17 11
split_gain=3.89649 3.73645 3.50635 7.26692 3.76084 3.69161 3.34975 3.57295 4.65398 5.18181 5.93065 4.17241 3.8003 5.11306 7.5332 4.20904 2.95108 3.21442 4.40196 2.89636 2.79528 2.65969 4.4108 4.10228 4.03643 4.59675 7.19712 3.95587 3.51042 3.18153
threshold=1.0000000180025095e-35 3.5000000000000004 0.25874905163344958 7.0721640888162822 6.8590635053043369 1.0176856766088116 0.94530356533936588 2.556901090648517 0.046107562510860817 1.2247290510534761 0.73867875452928455 0.078129191416379626 5.083440470765022 5.2185175919106266 7.1921062586401803 7.1289286628388426 8.7410586100007048 6.6762615419456015 6.5000000000000009 5.855106879889953 1.4774819087745292 0.054079052351534172 1.8363221507322309 0.37376451563355384 6.5357297374341714 6.776244543041126 0.040441424070385194 0.047162923836351893 2.5000000000000004 5.5298171110982697
decision_type=2 2 2 2 2 2 2 2 2 2 2 2 2 2 2 2 2 2 2 2 2 2 2 2 2 2 2 2 2 2
left_child=21 6 3 4 -3 16 7 12 9 10 -9 -12 20 14 -14 19 17 -4 -19 -15 -2 22 23 -1 -23 26 -26 29 -27 -24
right_child=1 2 5 -5 -6 -7 -8 8 -10 -11 11 -13 13 15 -16 -17 -18 18 -20 -21 -22 24 27 -25 25 28 -28 -29 -30 -31
leaf_value=0.029242674261525266 -0.030207315131110836 0.0050650535466167761 0.0076153101172044234 -0.032109126699965608 0.068632672290093927 0.013705024814881261 -0.022633973268276521 -0.0043384120344830352 0.0042991849147667061 -0.019088208064320399 0.11088646977309086 -0.01033054447717573 -0.017847582107260847 0.01763274063865114 0.10464456475041846 0.012620527165359274 -0.01073691504154463 0.091395346777075809 -0.0052511340926795855 -0.034238728935337963 0.013025450851729355 -0.025169773055673327 0.021335013439219633 -0.015464273490251508 -0.025739895965715211 -0.010222130619991594 0.059781555724366317 0.030076619330006053 0.011115170050125673 -0.016625147267959911
leaf_weight=2.9900381895131458 8.302605423727071 4.2081491397693771 1.7041884366190085 4.7241679871222004 1.4672127616358919 10.94643920380622 6.6660986344795665 1.1891608753940084 9.0820520637789723 0.90482559066731472 2.1062513780780141 0.34472027100855474 0.95243760640733188 1.617779307533058 0.92353787971660495 16.076483094948344 0.76814811443909992 3.4406978707993403 0.78235594974830736 5.7183455836493522 2.579518820741213 14.772235787822863 5.1087547586066666 18.654115644167177 1.7694198456592847 56.124865525693167 3.2992834710748866 13.340384306735357 14.8481258880347 7.3785967166768387
leaf_count=388 1891 628 220 1023 125 1119 1566 230 1361 270 245 83 235 281 121 2720 84 410 47 1363 433 2904 963 3668 410 9957 487 2186 1622 1487
internal_value=0.00137642 0.00809279 0.0197562 0.00104504 0.0293184 0.0301384 0.00205743 0.00574321 0.0224268 0.0513426 0.0691903 0.0957845 -0.000976445 0.00753509 0.0578731 0.00129627 0.0517334 0.0602105 0.0759134 -0.0220569 -0.0197256 -0.00275653 0.00484999 -0.00826956 -0.00674226 -0.0028822 0.0306051 0.0157429 -0.00566578 -0.0006647
internal_weight=222.791 84.5052 28.0414 10.3995 5.67536 17.6418 56.4638 49.7977 13.627 4.54496 3.64013 2.45097 36.1707 25.2886 1.87598 23.4126 6.69539 5.92724 4.22305 7.33612 10.8821 138.286 47.4719 21.6442 90.8139 76.0417 5.0687 25.8277 70.973 12.4874
internal_count=38527 14455 3656 1776 753 1880 10799 9233 2189 828 558 328 7044 4720 356 4364 761 677 457 1644 2324 24072 8692 4056 15380 12476 897 4636 11579 2450
is_linear=0
shrinkage=0.04


Tree=177
num_leaves=31
num_cat=1
split_feature=6 25 1 15 9 1 0 22 25 0 1 19 24 23 23 8 14 14 23 23 14 19 14 8 8 23 24 15 14 5
split_gain=3.15169 4.74167 4.40543 5.47023 4.25751 5.23784 6.92839 5.59018 4.75583 4.64702 4.19389 4.71837 3.94618 3.87411 4.03942 4.60889 3.289 5.60885 5.84521 6.49007 4.72307 3.72738 3.30112 3.9734 3.10095 3.09608 2.99546 2.79426 2.7325 3.60219
threshold=0 0.15114322004665789 -0.1222321727429055 2.4905315647663953 -0.86313358816492436 0.18966323059949688 9.0103755467438464 0.01001867772952709 0.15469356756058189 6.6644788863511693 -1.1410347344980394 5.2185175919106266 0.085067183359516421 0.087788373279429469 0.01400009882577829 0.3005966161384544 0.074556746135755289 0.039114376930888234 0.029188322476889055 0.013621858118424439 0.0037858060866932173 5.4733896233425536 0.048342014260927699 -0.8158085794347737 0.93749341583401635 0.019111446518192642 0.047321844951518692 2.0020450602273985 0.11357319581333547 0.64969687504752593
decision_type=1 2 2 2 2 2 2 2 2 2 2 2 2 2 2 2 2 2 2 2 2 2 2 2 2 2 2 2 2 2
left_child=-1 2 3 -2 5 10 7 -7 -6 -9 11 27 13 14 -11 28 17 20 19 22 25 -21 23 -19 -20 -10 -5 -3 29 -16
right_child=1 4 -4 26 8 6 -8 9 16 12 -12 -13 -14 -15 15 -17 -18 18 24 21 -22 -23 -24 -25 -26 -27 -28 -29 -30 -31
leaf_value=0.0070751645268288159 -0.0093997376346920177 0.080129405558986733 -0.022715458825758431 0.053332895971359026 0.055933064344047441 -0.020977122231584735 -0.015791666529833676 0.0011449313759766351 -0.018057919645281459 0.02855207009516561 -0.020129745862751691 -0.021246579358735623 -0.013752017476698727 -0.010739309398264235 0.01143816937018954 -0.0097988646353821818 -0.019160955417916722 0.073148993274500723 -0.029581238976471788 0.089323562794306796 -0.021300863936468465 0.0082830663583124669 -0.020450470696468076 -0.017531399885818713 0.038004207699540882 0.056305692359419811 -0.0166789195040579 -0.011522357334985038 0.011100826565258371 0.14848421143881221
leaf_weight=106.22142911539413 14.101295910775663 1.2520740316249432 26.012213049107231 3.1688755378127094 1.1138343637576316 1.1505417670123268 3.0462224417133248 1.901909816544501 0.80869003850967347 2.3943778205430135 7.1058051919098961 1.1881824816809965 0.51705731661058951 0.49538068182300765 0.53259587753564241 0.32236329209990788 16.534393660956994 0.76656955189537257 3.6098022822989142 2.8452559859724715 14.249746740912085 1.478922886890359 2.9936980938073248 0.82227041479199925 0.49780068453401316 1.447315727244131 0.76037906541023392 0.40127343789208669 0.53040487878024567 2.3589517348445952
leaf_count=13510 3321 120 5926 495 221 213 391 382 144 368 1762 311 110 65 80 90 3913 101 960 297 3459 314 611 172 85 154 221 91 97 313
internal_value=0.00252131 -0.00215747 -0.0124896 0.00268141 0.00409163 0.0177406 0.0333072 0.0480665 -0.00284984 0.058055 -0.00414236 0.0306701 0.0711934 0.0787482 0.0864625 0.109671 -0.00542998 0.00263665 0.0214186 0.0383182 -0.0125499 0.0683683 0.00279493 0.0375751 -0.0155535 0.0322901 0.0391493 0.0619261 0.120596 0.132667
internal_weight=220.63 114.408 44.0428 18.0306 70.3654 23.1971 13.2498 10.2036 47.1683 9.05304 9.94734 2.84153 7.15113 6.63407 6.13869 3.74432 46.0545 29.5201 13.0143 8.90672 16.5058 4.32418 4.58254 1.58884 4.1076 2.25601 3.92925 1.65335 3.42195 2.89155
internal_count=38297 24787 9963 4037 14824 4393 2109 1718 10431 1505 2284 522 1123 1013 948 580 10210 6297 2540 1495 3757 611 884 273 1045 298 716 211 490 393
cat_boundaries=0 1
cat_threshold=976
is_linear=0
shrinkage=0.04


Tree=178
num_leaves=31
num_cat=2
split_feature=26 7 18 18 6 1 25 26 24 25 19 22 26 22 24 19 24 23 22 23 18 15 26 18 0 14 22 1 1 23
split_gain=2.84837 2.64472 3.47413 4.84955 3.36821 3.91769 5.38999 4.16446 3.85133 4.18811 3.30496 3.54909 3.0583 3.01623 3.55442 2.97393 3.30008 2.96757 3.20117 6.23004 6.55666 5.04141 4.55784 4.30205 3.94939 3.98852 3.98297 3.55048 2.90638 2.8783
threshold=0.4676905408112913 0 7.3516683357790358 7.2432533565602837 1 0.046107562510860817 0.2981434211458252 0.015914053030063307 0.047321844951518692 0.075897668826592074 4.3403059370535289 0.13383945065200514 0.15269460508488089 0.016463564135077043 0.011265573854239147 3.1472235452613027 0.0057817805855438298 0.0083593661062197813 0.039788248454208607 0.021515508954101845 5.9554119118250926 2.1905338288969642 0.019335756237292456 7.1337110473354715 6.0582051568667579 0.11357319581333547 0.23495650421036066 7.609847306067258 1.6755970958062589 0.027045803182076868
decision_type=2 1 2 2 1 2 2 2 2 2 2 2 2 2 2 2 2 2 2 2 2 2 2 2 2 2 2 2 2 2
left_child=1 13 3 4 5 6 7 -3 9 -9 -4 -12 -11 -1 -15 -7 -17 -6 27 20 21 22 -20 -22 25 -21 -26 29 -16 -19
right_child=-2 2 10 -5 17 15 -8 8 -10 12 11 -13 -14 14 28 16 -18 18 19 24 23 -23 -24 -25 26 -27 -28 -29 -30 -31
leaf_value=0.042963082090358318 0.028821042055398531 -0.011258087764698405 -0.018127659728466198 -0.031093246325588911 -0.020024903276973375 0.056069746352742131 -0.021813903563938319 -0.0034981867473195959 0.0024407609240381014 0.079046045422953709 0.012295846720595669 -0.024765665314249206 -0.011145203947434462 0.036211369537493696 -0.025423102359160215 0.026869261285867769 -0.015052071392526317 -0.029027983613299647 -0.010225631803724235 -0.0081492032910692215 -0.0076643575642435556 -0.0042673804776789739 0.099360066927851931 0.048943328148669474 -0.018566156265607103 0.073886695858427123 0.024241161286996042 0.027836669662631042 0.016648570265309817 -0.0042355566885223803
leaf_weight=4.6443998587783453 4.7885824509430668 2.1329160837922236 6.8671857861336312 9.4137363524641824 20.23195581662003 0.27249127416871743 2.6141364419599986 1.3179957036627437 2.6229203587863594 5.3571772803552449 53.523914702644106 3.5507572256028643 0.41205721651203919 3.4180531220044932 4.9144007725408283 2.7689063971629393 14.527832630556075 13.76654857513495 0.52384240110404734 1.5905314913252397 8.7302176785888133 1.3271640281891448 2.5064681413350627 1.7699148753890757 21.594922777090691 0.84552739490754891 3.2215599919436491 2.3204013369977465 3.8140084109036252 16.030530884570908
leaf_count=390 307 422 1242 2287 4021 33 577 191 458 768 8177 784 72 428 869 420 2555 2744 47 400 1845 147 174 293 4486 111 221 272 334 3471
internal_value=0.00112914 0.000387399 -0.00117604 -0.00484339 -0.00266117 0.00725802 0.0241568 0.0352124 0.0455181 0.0591875 0.00639189 0.00960341 0.0719095 0.011956 0.00682828 -0.00329093 -0.00723945 -0.00617819 -0.00300929 0.00422097 0.0242081 0.060269 0.0825794 0.00530368 -0.00714683 0.0335411 -0.0122854 -0.0123303 -0.00721763 -0.0162605
internal_weight=221.421 216.632 199.842 135.9 126.486 32.0264 14.4572 11.8431 9.71015 7.08723 63.9419 57.0747 5.76923 16.7909 12.1465 17.5692 17.2967 94.4596 74.2276 42.1101 14.8576 4.35747 3.03031 10.5001 27.2525 2.43606 24.8165 32.1175 8.72841 29.7971
internal_count=38546 38239 36218 26015 23728 5496 2488 1911 1489 1031 10203 8961 840 2021 1631 3008 2975 18232 14211 7724 2506 368 221 2138 5218 511 4707 6487 1203 6215
cat_boundaries=0 1 2
cat_threshold=4 712
is_linear=0
shrinkage=0.04


end of trees

feature_importances:
account_age_days=396
amount_deviation=367
graph_risk=366
behavior_anomaly=326
kyc_risk=318
amount_to_balance=311
deepfake_risk=303
ip_risk=288
log_amount=255
network_risk=255
hour_cos=243
geo_distance_km=240
spend_24h_ratio=231
secs_since_login=225
velocity_24h=217
device_age_days=216
hour_sin=213
beneficiary_inbound_senders=209
merchant_category=118
velocity_1h=98
device_shared_customers=54
beneficiary_new=51
failed_logins_24h=27
channel=16
mfa_changes_24h=12
is_new_device=11
is_night=4

parameters:
[boosting: gbdt]
[objective: binary]
[metric: binary_logloss]
[tree_learner: serial]
[device_type: cpu]
[data_sample_strategy: bagging]
[data: ]
[valid: ]
[num_iterations: 600]
[learning_rate: 0.04]
[num_leaves: 31]
[num_threads: 4]
[seed: 7]
[deterministic: 0]
[force_col_wise: 0]
[force_row_wise: 0]
[histogram_pool_size: -1]
[max_depth: -1]
[min_data_in_leaf: 40]
[min_sum_hessian_in_leaf: 0.001]
[bagging_fraction: 0.8]
[pos_bagging_fraction: 1]
[neg_bagging_fraction: 1]
[bagging_freq: 1]
[bagging_seed: 17422]
[bagging_by_query: 0]
[feature_fraction: 0.8]
[feature_fraction_bynode: 1]
[feature_fraction_seed: 7040]
[extra_trees: 0]
[extra_seed: 6516]
[early_stopping_round: 0]
[early_stopping_min_delta: 0]
[first_metric_only: 0]
[max_delta_step: 0]
[lambda_l1: 0]
[lambda_l2: 1]
[linear_lambda: 0]
[min_gain_to_split: 0]
[drop_rate: 0.1]
[max_drop: 50]
[skip_drop: 0.5]
[xgboost_dart_mode: 0]
[uniform_drop: 0]
[drop_seed: 15215]
[top_rate: 0.2]
[other_rate: 0.1]
[min_data_per_group: 100]
[max_cat_threshold: 32]
[cat_l2: 10]
[cat_smooth: 10]
[max_cat_to_onehot: 4]
[top_k: 20]
[monotone_constraints: ]
[monotone_constraints_method: basic]
[monotone_penalty: 0]
[feature_contri: ]
[forcedsplits_filename: ]
[refit_decay_rate: 0.9]
[cegb_tradeoff: 1]
[cegb_penalty_split: 0]
[cegb_penalty_feature_lazy: ]
[cegb_penalty_feature_coupled: ]
[path_smooth: 0]
[interaction_constraints: ]
[verbosity: -1]
[saved_feature_importance_type: 0]
[use_quantized_grad: 0]
[num_grad_quant_bins: 4]
[quant_train_renew_leaf: 0]
[stochastic_rounding: 1]
[linear_tree: 0]
[max_bin: 255]
[max_bin_by_feature: ]
[min_data_in_bin: 3]
[bin_construct_sample_cnt: 200000]
[data_random_seed: 61]
[is_enable_sparse: 1]
[enable_bundle: 1]
[use_missing: 1]
[zero_as_missing: 0]
[feature_pre_filter: 1]
[pre_partition: 0]
[two_round: 0]
[header: 0]
[label_column: ]
[weight_column: ]
[group_column: ]
[ignore_column: ]
[categorical_feature: 6,7]
[forcedbins_filename: ]
[precise_float_parser: 0]
[parser_config_file: ]
[objective_seed: 15521]
[num_class: 1]
[is_unbalance: 0]
[scale_pos_weight: 1]
[sigmoid: 1]
[boost_from_average: 1]
[reg_sqrt: 0]
[alpha: 0.9]
[fair_c: 1]
[poisson_max_delta_step: 0.7]
[tweedie_variance_power: 1.5]
[lambdarank_truncation_level: 30]
[lambdarank_norm: 1]
[label_gain: ]
[lambdarank_position_bias_regularization: 0]
[eval_at: ]
[multi_error_top_k: 1]
[auc_mu_weights: ]
[num_machines: 1]
[local_listen_port: 12400]
[time_out: 120]
[machine_list_filename: ]
[machines: ]
[gpu_platform_id: -1]
[gpu_device_id: -1]
[gpu_device_id_list: ]
[gpu_use_dp: 0]
[num_gpu: 1]

end of parameters

pandas_categorical:[["grocery", "utilities", "dining", "retail", "electronics", "travel", "gaming", "crypto", "p2p_transfer", "cash_withdrawal"], ["upi", "imps", "neft", "card", "wallet"]]
